Voll,Demand_Segment,Cost_of_Demand_Curtailment_per_MW,Max_Demand_Curtailment,$/MWh,Rep_Periods,Timesteps_per_Rep_Period,Sub_Weights,Time_Index,Demand_MW_z1,Demand_MW_z2,Demand_MW_z3
2000,1,1,1,2000,1,1680,8760,1,433055,56250,158195
,2,0.9,0.04,1800,,,,2,406808,53975,151211
,3,0.55,0.024,1100,,,,3,394480,51413,144460
,4,0.2,0.003,400,,,,4,389845,50217,137745
,,,,,,,,5,387098,49407,131059
,,,,,,,,6,392355,48847,129242
,,,,,,,,7,404654,49928,127643
,,,,,,,,8,416313,52099,127594
,,,,,,,,9,428156,53971,131035
,,,,,,,,10,443175,56180,136863
,,,,,,,,11,461485,59324,140327
,,,,,,,,12,478750,61430,146574
,,,,,,,,13,500639,63720,153859
,,,,,,,,14,510242,66292,160582
,,,,,,,,15,512939,66236,167097
,,,,,,,,16,520359,66270,172644
,,,,,,,,17,542617,66603,173528
,,,,,,,,18,567183,68052,174662
,,,,,,,,19,589765,70029,179348
,,,,,,,,20,597606,78675,189488
,,,,,,,,21,578601,79796,200159
,,,,,,,,22,551207,77624,206282
,,,,,,,,23,519544,74795,201139
,,,,,,,,24,480627,70153,190159
,,,,,,,,25,433055,56250,158195
,,,,,,,,26,406808,53975,151211
,,,,,,,,27,394480,51413,144460
,,,,,,,,28,389845,50217,137745
,,,,,,,,29,387098,49407,131059
,,,,,,,,30,392355,48847,129242
,,,,,,,,31,404654,49928,127643
,,,,,,,,32,416313,52099,127594
,,,,,,,,33,428156,53971,131035
,,,,,,,,34,443175,56180,136863
,,,,,,,,35,461485,59324,140327
,,,,,,,,36,478750,61430,146574
,,,,,,,,37,500639,63720,153859
,,,,,,,,38,510242,66292,160582
,,,,,,,,39,512939,66236,167097
,,,,,,,,40,520359,66270,172644
,,,,,,,,41,542617,66603,173528
,,,,,,,,42,567183,68052,174662
,,,,,,,,43,589765,70029,179348
,,,,,,,,44,597606,78675,189488
,,,,,,,,45,578601,79796,200159
,,,,,,,,46,551207,77624,206282
,,,,,,,,47,519544,74795,201139
,,,,,,,,48,480627,70153,190159
,,,,,,,,49,519666,50625,134465.75
,,,,,,,,50,488169.6,48577.5,128529.35
,,,,,,,,51,473376,46271.7,122791
,,,,,,,,52,467814,45195.3,117083.25
,,,,,,,,53,464517.6,44466.3,111400.15
,,,,,,,,54,470826,43962.3,109855.7
,,,,,,,,55,485584.8,44935.2,108496.55
,,,,,,,,56,499575.6,46889.1,108454.9
,,,,,,,,57,513787.2,48573.9,111379.75
,,,,,,,,58,531810,50562,116333.55
,,,,,,,,59,553782,53391.6,119277.95
,,,,,,,,60,574500,55287,124587.9
,,,,,,,,61,600766.8,57348,130780.15
,,,,,,,,62,612290.4,59662.8,136494.7
,,,,,,,,63,615526.8,59612.4,142032.45
,,,,,,,,64,624430.8,59643,146747.4
,,,,,,,,65,651140.4,59942.7,147498.8
,,,,,,,,66,680619.6,61246.8,148462.7
,,,,,,,,67,707718,63026.1,152445.8
,,,,,,,,68,717127.2,70807.5,161064.8
,,,,,,,,69,694321.2,71816.4,170135.15
,,,,,,,,70,661448.4,69861.6,175339.7
,,,,,,,,71,623452.8,67315.5,170968.15
,,,,,,,,72,576752.4,63137.7,161635.15
,,,,,,,,73,519666,50625,134465.75
,,,,,,,,74,488169.6,48577.5,128529.35
,,,,,,,,75,473376,46271.7,122791
,,,,,,,,76,467814,45195.3,117083.25
,,,,,,,,77,464517.6,44466.3,111400.15
,,,,,,,,78,470826,43962.3,109855.7
,,,,,,,,79,485584.8,44935.2,108496.55
,,,,,,,,80,499575.6,46889.1,108454.9
,,,,,,,,81,513787.2,48573.9,111379.75
,,,,,,,,82,531810,50562,116333.55
,,,,,,,,83,553782,53391.6,119277.95
,,,,,,,,84,574500,55287,124587.9
,,,,,,,,85,600766.8,57348,130780.15
,,,,,,,,86,612290.4,59662.8,136494.7
,,,,,,,,87,615526.8,59612.4,142032.45
,,,,,,,,88,624430.8,59643,146747.4
,,,,,,,,89,651140.4,59942.7,147498.8
,,,,,,,,90,680619.6,61246.8,148462.7
,,,,,,,,91,707718,63026.1,152445.8
,,,,,,,,92,717127.2,70807.5,161064.8
,,,,,,,,93,694321.2,71816.4,170135.15
,,,,,,,,94,661448.4,69861.6,175339.7
,,,,,,,,95,623452.8,67315.5,170968.15
,,,,,,,,96,576752.4,63137.7,161635.15
,,,,,,,,97,623599.2,45562.5,114295.8875
,,,,,,,,98,585803.52,43719.75,109249.9475
,,,,,,,,99,568051.2,41644.53,104372.35
,,,,,,,,100,561376.8,40675.77,99520.7625
,,,,,,,,101,557421.12,40019.67,94690.1275
,,,,,,,,102,564991.2,39566.07,93377.345
,,,,,,,,103,582701.76,40441.68,92222.0675
,,,,,,,,104,599490.72,42200.19,92186.665
,,,,,,,,105,616544.64,43716.51,94672.7875
,,,,,,,,106,638172,45505.8,98883.5175
,,,,,,,,107,664538.4,48052.44,101386.2575
,,,,,,,,108,689400,49758.3,105899.715
,,,,,,,,109,720920.16,51613.2,111163.1275
,,,,,,,,110,734748.48,53696.52,116020.495
,,,,,,,,111,738632.16,53651.16,120727.5825
,,,,,,,,112,749316.96,53678.7,124735.29
,,,,,,,,113,781368.48,53948.43,125373.98
,,,,,,,,114,816743.52,55122.12,126193.295
,,,,,,,,115,849261.6,56723.49,129578.93
,,,,,,,,116,860552.64,63726.75,136905.08
,,,,,,,,117,833185.44,64634.76,144614.8775
,,,,,,,,118,793738.08,62875.44,149038.745
,,,,,,,,119,748143.36,60583.95,145322.9275
,,,,,,,,120,692102.88,56823.93,137389.8775
,,,,,,,,121,623599.2,45562.5,114295.8875
,,,,,,,,122,585803.52,43719.75,109249.9475
,,,,,,,,123,568051.2,41644.53,104372.35
,,,,,,,,124,561376.8,40675.77,99520.7625
,,,,,,,,125,557421.12,40019.67,94690.1275
,,,,,,,,126,564991.2,39566.07,93377.345
,,,,,,,,127,582701.76,40441.68,92222.0675
,,,,,,,,128,599490.72,42200.19,92186.665
,,,,,,,,129,616544.64,43716.51,94672.7875
,,,,,,,,130,638172,45505.8,98883.5175
,,,,,,,,131,664538.4,48052.44,101386.2575
,,,,,,,,132,689400,49758.3,105899.715
,,,,,,,,133,720920.16,51613.2,111163.1275
,,,,,,,,134,734748.48,53696.52,116020.495
,,,,,,,,135,738632.16,53651.16,120727.5825
,,,,,,,,136,749316.96,53678.7,124735.29
,,,,,,,,137,781368.48,53948.43,125373.98
,,,,,,,,138,816743.52,55122.12,126193.295
,,,,,,,,139,849261.6,56723.49,129578.93
,,,,,,,,140,860552.64,63726.75,136905.08
,,,,,,,,141,833185.44,64634.76,144614.8775
,,,,,,,,142,793738.08,62875.44,149038.745
,,,,,,,,143,748143.36,60583.95,145322.9275
,,,,,,,,144,692102.88,56823.93,137389.8775
,,,,,,,,145,748319.04,41006.25,97151.50438
,,,,,,,,146,702964.224,39347.775,92862.45538
,,,,,,,,147,681661.44,37480.077,88716.4975
,,,,,,,,148,673652.16,36608.193,84592.64813
,,,,,,,,149,668905.344,36017.703,80486.60838
,,,,,,,,150,677989.44,35609.463,79370.74325
,,,,,,,,151,699242.112,36397.512,78388.75738
,,,,,,,,152,719388.864,37980.171,78358.66525
,,,,,,,,153,739853.568,39344.859,80471.86938
,,,,,,,,154,765806.4,40955.22,84050.98988
,,,,,,,,155,797446.08,43247.196,86178.31888
,,,,,,,,156,827280,44782.47,90014.75775
,,,,,,,,157,865104.192,46451.88,94488.65838
,,,,,,,,158,881698.176,48326.868,98617.42075
,,,,,,,,159,886358.592,48286.044,102618.4451
,,,,,,,,160,899180.352,48310.83,106024.9965
,,,,,,,,161,937642.176,48553.587,106567.883
,,,,,,,,162,980092.224,49609.908,107264.3008
,,,,,,,,163,1019113.92,51051.141,110142.0905
,,,,,,,,164,1032663.168,57354.075,116369.318
,,,,,,,,165,999822.528,58171.284,122922.6459
,,,,,,,,166,952485.696,56587.896,126682.9333
,,,,,,,,167,897772.032,54525.555,123524.4884
,,,,,,,,168,830523.456,51141.537,116781.3959
,,,,,,,,169,748319.04,41006.25,97151.50438
,,,,,,,,170,702964.224,39347.775,92862.45538
,,,,,,,,171,681661.44,37480.077,88716.4975
,,,,,,,,172,673652.16,36608.193,84592.64813
,,,,,,,,173,668905.344,36017.703,80486.60838
,,,,,,,,174,677989.44,35609.463,79370.74325
,,,,,,,,175,699242.112,36397.512,78388.75738
,,,,,,,,176,719388.864,37980.171,78358.66525
,,,,,,,,177,739853.568,39344.859,80471.86938
,,,,,,,,178,765806.4,40955.22,84050.98988
,,,,,,,,179,797446.08,43247.196,86178.31888
,,,,,,,,180,827280,44782.47,90014.75775
,,,,,,,,181,865104.192,46451.88,94488.65838
,,,,,,,,182,881698.176,48326.868,98617.42075
,,,,,,,,183,886358.592,48286.044,102618.4451
,,,,,,,,184,899180.352,48310.83,106024.9965
,,,,,,,,185,937642.176,48553.587,106567.883
,,,,,,,,186,980092.224,49609.908,107264.3008
,,,,,,,,187,1019113.92,51051.141,110142.0905
,,,,,,,,188,1032663.168,57354.075,116369.318
,,,,,,,,189,999822.528,58171.284,122922.6459
,,,,,,,,190,952485.696,56587.896,126682.9333
,,,,,,,,191,897772.032,54525.555,123524.4884
,,,,,,,,192,830523.456,51141.537,116781.3959
,,,,,,,,193,897982.848,36905.625,82578.77872
,,,,,,,,194,843557.0688,35412.9975,78933.08707
,,,,,,,,195,817993.728,33732.0693,75409.02288
,,,,,,,,196,808382.592,32947.3737,71903.75091
,,,,,,,,197,802686.4128,32415.9327,68413.61712
,,,,,,,,198,813587.328,32048.5167,67465.13176
,,,,,,,,199,839090.5344,32757.7608,66630.44377
,,,,,,,,200,863266.6368,34182.1539,66604.86546
,,,,,,,,201,887824.2816,35410.3731,68401.08897
,,,,,,,,202,918967.68,36859.698,71443.34139
,,,,,,,,203,956935.296,38922.4764,73251.57104
,,,,,,,,204,992736,40304.223,76512.54409
,,,,,,,,205,1038125.03,41806.692,80315.35962
,,,,,,,,206,1058037.811,43494.1812,83824.80764
,,,,,,,,207,1063630.31,43457.4396,87225.67836
,,,,,,,,208,1079016.422,43479.747,90121.24703
,,,,,,,,209,1125170.611,43698.2283,90582.70055
,,,,,,,,210,1176110.669,44648.9172,91174.65564
,,,,,,,,211,1222936.704,45946.0269,93620.77693
,,,,,,,,212,1239195.802,51618.6675,98913.9203
,,,,,,,,213,1199787.034,52354.1556,104484.249
,,,,,,,,214,1142982.835,50929.1064,107680.4933
,,,,,,,,215,1077326.438,49072.9995,104995.8151
,,,,,,,,216,996628.1472,46027.3833,99264.18649
,,,,,,,,217,897982.848,36905.625,82578.77872
,,,,,,,,218,843557.0688,35412.9975,78933.08707
,,,,,,,,219,817993.728,33732.0693,75409.02288
,,,,,,,,220,808382.592,32947.3737,71903.75091
,,,,,,,,221,802686.4128,32415.9327,68413.61712
,,,,,,,,222,813587.328,32048.5167,67465.13176
,,,,,,,,223,839090.5344,32757.7608,66630.44377
,,,,,,,,224,863266.6368,34182.1539,66604.86546
,,,,,,,,225,887824.2816,35410.3731,68401.08897
,,,,,,,,226,918967.68,36859.698,71443.34139
,,,,,,,,227,956935.296,38922.4764,73251.57104
,,,,,,,,228,992736,40304.223,76512.54409
,,,,,,,,229,1038125.03,41806.692,80315.35962
,,,,,,,,230,1058037.811,43494.1812,83824.80764
,,,,,,,,231,1063630.31,43457.4396,87225.67836
,,,,,,,,232,1079016.422,43479.747,90121.24703
,,,,,,,,233,1125170.611,43698.2283,90582.70055
,,,,,,,,234,1176110.669,44648.9172,91174.65564
,,,,,,,,235,1222936.704,45946.0269,93620.77693
,,,,,,,,236,1239195.802,51618.6675,98913.9203
,,,,,,,,237,1199787.034,52354.1556,104484.249
,,,,,,,,238,1142982.835,50929.1064,107680.4933
,,,,,,,,239,1077326.438,49072.9995,104995.8151
,,,,,,,,240,996628.1472,46027.3833,99264.18649
,,,,,,,,241,1077579.418,33215.0625,70191.96191
,,,,,,,,242,1012268.483,31871.69775,67093.12401
,,,,,,,,243,981592.4736,30358.86237,64097.66944
,,,,,,,,244,970059.1104,29652.63633,61118.18827
,,,,,,,,245,963223.6954,29174.33943,58151.57455
,,,,,,,,246,976304.7936,28843.66503,57345.362
,,,,,,,,247,1006908.641,29481.98472,56635.8772
,,,,,,,,248,1035919.964,30763.93851,56614.13564
,,,,,,,,249,1065389.138,31869.33579,58140.92562
,,,,,,,,250,1102761.216,33173.7282,60726.84018
,,,,,,,,251,1148322.355,35030.22876,62263.83539
,,,,,,,,252,1191283.2,36273.8007,65035.66247
,,,,,,,,253,1245750.036,37626.0228,68268.05568
,,,,,,,,254,1269645.373,39144.76308,71251.08649
,,,,,,,,255,1276356.372,39111.69564,74141.8266
,,,,,,,,256,1294819.707,39131.7723,76603.05997
,,,,,,,,257,1350204.733,39328.40547,76995.29547
,,,,,,,,258,1411332.803,40184.02548,77498.45729
,,,,,,,,259,1467524.045,41351.42421,79577.66039
,,,,,,,,260,1487034.962,46456.80075,84076.83226
,,,,,,,,261,1439744.44,47118.74004,88811.61164
,,,,,,,,262,1371579.402,45836.19576,91528.41927
,,,,,,,,263,1292791.726,44165.69955,89246.44285
,,,,,,,,264,1195953.777,41424.64497,84374.55852
,,,,,,,,265,1077579.418,33215.0625,70191.96191
,,,,,,,,266,1012268.483,31871.69775,67093.12401
,,,,,,,,267,981592.4736,30358.86237,64097.66944
,,,,,,,,268,970059.1104,29652.63633,61118.18827
,,,,,,,,269,963223.6954,29174.33943,58151.57455
,,,,,,,,270,976304.7936,28843.66503,57345.362
,,,,,,,,271,1006908.641,29481.98472,56635.8772
,,,,,,,,272,1035919.964,30763.93851,56614.13564
,,,,,,,,273,1065389.138,31869.33579,58140.92562
,,,,,,,,274,1102761.216,33173.7282,60726.84018
,,,,,,,,275,1148322.355,35030.22876,62263.83539
,,,,,,,,276,1191283.2,36273.8007,65035.66247
,,,,,,,,277,1245750.036,37626.0228,68268.05568
,,,,,,,,278,1269645.373,39144.76308,71251.08649
,,,,,,,,279,1276356.372,39111.69564,74141.8266
,,,,,,,,280,1294819.707,39131.7723,76603.05997
,,,,,,,,281,1350204.733,39328.40547,76995.29547
,,,,,,,,282,1411332.803,40184.02548,77498.45729
,,,,,,,,283,1467524.045,41351.42421,79577.66039
,,,,,,,,284,1487034.962,46456.80075,84076.83226
,,,,,,,,285,1439744.44,47118.74004,88811.61164
,,,,,,,,286,1371579.402,45836.19576,91528.41927
,,,,,,,,287,1292791.726,44165.69955,89246.44285
,,,,,,,,288,1195953.777,41424.64497,84374.55852
,,,,,,,,289,1293095.301,29893.55625,59663.16762
,,,,,,,,290,1214722.179,28684.52798,57029.15541
,,,,,,,,291,1177910.968,27322.97613,54483.01903
,,,,,,,,292,1164070.932,26687.3727,51950.46003
,,,,,,,,293,1155868.434,26256.90549,49428.83837
,,,,,,,,294,1171565.752,25959.29853,48743.5577
,,,,,,,,295,1208290.37,26533.78625,48140.49562
,,,,,,,,296,1243103.957,27687.54466,48122.0153
,,,,,,,,297,1278466.966,28682.40221,49419.78678
,,,,,,,,298,1323313.459,29856.35538,51617.81416
,,,,,,,,299,1377986.826,31527.20588,52924.26008
,,,,,,,,300,1429539.84,32646.42063,55280.3131
,,,,,,,,301,1494900.044,33863.42052,58027.84732
,,,,,,,,302,1523574.448,35230.28677,60563.42352
,,,,,,,,303,1531627.647,35200.52608,63020.55261
,,,,,,,,304,1553783.648,35218.59507,65112.60098
,,,,,,,,305,1620245.68,35395.56492,65446.00115
,,,,,,,,306,1693599.363,36165.62293,65873.6887
,,,,,,,,307,1761028.854,37216.28179,67641.01133
,,,,,,,,308,1784441.954,41811.12068,71465.30742
,,,,,,,,309,1727693.328,42406.86604,75489.8699
,,,,,,,,310,1645895.283,41252.57618,77799.15638
,,,,,,,,311,1551350.071,39749.1296,75859.47642
,,,,,,,,312,1435144.532,37282.18047,71718.37474
,,,,,,,,313,1293095.301,29893.55625,59663.16762
,,,,,,,,314,1214722.179,28684.52798,57029.15541
,,,,,,,,315,1177910.968,27322.97613,54483.01903
,,,,,,,,316,1164070.932,26687.3727,51950.46003
,,,,,,,,317,1155868.434,26256.90549,49428.83837
,,,,,,,,318,1171565.752,25959.29853,48743.5577
,,,,,,,,319,1208290.37,26533.78625,48140.49562
,,,,,,,,320,1243103.957,27687.54466,48122.0153
,,,,,,,,321,1278466.966,28682.40221,49419.78678
,,,,,,,,322,1323313.459,29856.35538,51617.81416
,,,,,,,,323,1377986.826,31527.20588,52924.26008
,,,,,,,,324,1429539.84,32646.42063,55280.3131
,,,,,,,,325,1494900.044,33863.42052,58027.84732
,,,,,,,,326,1523574.448,35230.28677,60563.42352
,,,,,,,,327,1531627.647,35200.52608,63020.55261
,,,,,,,,328,1553783.648,35218.59507,65112.60098
,,,,,,,,329,1620245.68,35395.56492,65446.00115
,,,,,,,,330,1693599.363,36165.62293,65873.6887
,,,,,,,,331,1761028.854,37216.28179,67641.01133
,,,,,,,,332,1784441.954,41811.12068,71465.30742
,,,,,,,,333,1727693.328,42406.86604,75489.8699
,,,,,,,,334,1645895.283,41252.57618,77799.15638
,,,,,,,,335,1551350.071,39749.1296,75859.47642
,,,,,,,,336,1435144.532,37282.18047,71718.37474
,,,,,,,,337,1551714.361,26904.20063,50713.69248
,,,,,,,,338,1457666.615,25816.07518,48474.7821
,,,,,,,,339,1413493.162,24590.67852,46310.56617
,,,,,,,,340,1396885.119,24018.63543,44157.89103
,,,,,,,,341,1387042.121,23631.21494,42014.51261
,,,,,,,,342,1405878.903,23363.36867,41432.02404
,,,,,,,,343,1449948.443,23880.40762,40919.42128
,,,,,,,,344,1491724.748,24918.79019,40903.713
,,,,,,,,345,1534160.359,25814.16199,42006.81876
,,,,,,,,346,1587976.151,26870.71984,43875.14203
,,,,,,,,347,1653584.191,28374.4853,44985.62107
,,,,,,,,348,1715447.808,29381.77857,46988.26614
,,,,,,,,349,1793880.053,30477.07847,49323.67023
,,,,,,,,350,1828289.338,31707.25809,51478.90999
,,,,,,,,351,1837953.176,31680.47347,53567.46972
,,,,,,,,352,1864540.378,31696.73556,55345.71083
,,,,,,,,353,1944294.816,31856.00843,55629.10098
,,,,,,,,354,2032319.236,32549.06064,55992.63539
,,,,,,,,355,2113234.625,33494.65361,57494.85963
,,,,,,,,356,2141330.345,37630.00861,60745.5113
,,,,,,,,357,2073231.994,38166.17943,64166.38941
,,,,,,,,358,1975074.339,37127.31857,66129.28292
,,,,,,,,359,1861620.086,35774.21664,64480.55496
,,,,,,,,360,1722173.438,33553.96243,60960.61853
,,,,,,,,361,1551714.361,26904.20063,50713.69248
,,,,,,,,362,1457666.615,25816.07518,48474.7821
,,,,,,,,363,1413493.162,24590.67852,46310.56617
,,,,,,,,364,1396885.119,24018.63543,44157.89103
,,,,,,,,365,1387042.121,23631.21494,42014.51261
,,,,,,,,366,1405878.903,23363.36867,41432.02404
,,,,,,,,367,1449948.443,23880.40762,40919.42128
,,,,,,,,368,1491724.748,24918.79019,40903.713
,,,,,,,,369,1534160.359,25814.16199,42006.81876
,,,,,,,,370,1587976.151,26870.71984,43875.14203
,,,,,,,,371,1653584.191,28374.4853,44985.62107
,,,,,,,,372,1715447.808,29381.77857,46988.26614
,,,,,,,,373,1793880.053,30477.07847,49323.67023
,,,,,,,,374,1828289.338,31707.25809,51478.90999
,,,,,,,,375,1837953.176,31680.47347,53567.46972
,,,,,,,,376,1864540.378,31696.73556,55345.71083
,,,,,,,,377,1944294.816,31856.00843,55629.10098
,,,,,,,,378,2032319.236,32549.06064,55992.63539
,,,,,,,,379,2113234.625,33494.65361,57494.85963
,,,,,,,,380,2141330.345,37630.00861,60745.5113
,,,,,,,,381,2073231.994,38166.17943,64166.38941
,,,,,,,,382,1975074.339,37127.31857,66129.28292
,,,,,,,,383,1861620.086,35774.21664,64480.55496
,,,,,,,,384,1722173.438,33553.96243,60960.61853
,,,,,,,,385,1862057.234,24213.78056,43106.63861
,,,,,,,,386,1749199.938,23234.46766,41203.56478
,,,,,,,,387,1696191.794,22131.61067,39363.98125
,,,,,,,,388,1676262.143,21616.77188,37534.20737
,,,,,,,,389,1664450.546,21268.09344,35712.33572
,,,,,,,,390,1687054.683,21027.03181,35217.22044
,,,,,,,,391,1739938.132,21492.36686,34781.50809
,,,,,,,,392,1790069.698,22426.91117,34768.15605
,,,,,,,,393,1840992.43,23232.74579,35705.79595
,,,,,,,,394,1905571.381,24183.64786,37293.87073
,,,,,,,,395,1984301.03,25537.03677,38237.77791
,,,,,,,,396,2058537.37,26443.60071,39940.02622
,,,,,,,,397,2152656.063,27429.37062,41925.11969
,,,,,,,,398,2193947.205,28536.53229,43757.07349
,,,,,,,,399,2205543.812,28512.42612,45532.34926
,,,,,,,,400,2237448.453,28527.06201,47043.8542
,,,,,,,,401,2333153.779,28670.40759,47284.73583
,,,,,,,,402,2438783.083,29294.15457,47593.74008
,,,,,,,,403,2535881.549,30145.18825,48870.63068
,,,,,,,,404,2569596.414,33867.00775,51633.68461
,,,,,,,,405,2487878.393,34349.56149,54541.431
,,,,,,,,406,2370089.207,33414.58671,56209.89049
,,,,,,,,407,2233944.103,32196.79497,54808.47172
,,,,,,,,408,2066608.126,30198.56618,51816.52575
,,,,,,,,409,1862057.234,24213.78056,43106.63861
,,,,,,,,410,1749199.938,23234.46766,41203.56478
,,,,,,,,411,1696191.794,22131.61067,39363.98125
,,,,,,,,412,1676262.143,21616.77188,37534.20737
,,,,,,,,413,1664450.546,21268.09344,35712.33572
,,,,,,,,414,1687054.683,21027.03181,35217.22044
,,,,,,,,415,1739938.132,21492.36686,34781.50809
,,,,,,,,416,1790069.698,22426.91117,34768.15605
,,,,,,,,417,1840992.43,23232.74579,35705.79595
,,,,,,,,418,1905571.381,24183.64786,37293.87073
,,,,,,,,419,1984301.03,25537.03677,38237.77791
,,,,,,,,420,2058537.37,26443.60071,39940.02622
,,,,,,,,421,2152656.063,27429.37062,41925.11969
,,,,,,,,422,2193947.205,28536.53229,43757.07349
,,,,,,,,423,2205543.812,28512.42612,45532.34926
,,,,,,,,424,2237448.453,28527.06201,47043.8542
,,,,,,,,425,2333153.779,28670.40759,47284.73583
,,,,,,,,426,2438783.083,29294.15457,47593.74008
,,,,,,,,427,2535881.549,30145.18825,48870.63068
,,,,,,,,428,2569596.414,33867.00775,51633.68461
,,,,,,,,429,2487878.393,34349.56149,54541.431
,,,,,,,,430,2370089.207,33414.58671,56209.89049
,,,,,,,,431,2233944.103,32196.79497,54808.47172
,,,,,,,,432,2066608.126,30198.56618,51816.52575
,,,,,,,,433,2234468.68,21792.40251,36640.64282
,,,,,,,,434,2099039.925,20911.02089,35023.03006
,,,,,,,,435,2035430.153,19918.4496,33459.38406
,,,,,,,,436,2011514.571,19455.0947,31904.07627
,,,,,,,,437,1997340.655,19141.2841,30355.48536
,,,,,,,,438,2024465.62,18924.32863,29934.63737
,,,,,,,,439,2087925.759,19343.13017,29564.28187
,,,,,,,,440,2148083.638,20184.22006,29552.93264
,,,,,,,,441,2209190.916,20909.47121,30349.92656
,,,,,,,,442,2286685.657,21765.28307,31699.79012
,,,,,,,,443,2381161.236,22983.33309,32502.11122
,,,,,,,,444,2470244.844,23799.24064,33949.02228
,,,,,,,,445,2583187.276,24686.43356,35636.35174
,,,,,,,,446,2632736.646,25682.87906,37193.51247
,,,,,,,,447,2646652.574,25661.18351,38702.49687
,,,,,,,,448,2684938.144,25674.35581,39987.27607
,,,,,,,,449,2799784.535,25803.36683,40192.02545
,,,,,,,,450,2926539.699,26364.73912,40454.67907
,,,,,,,,451,3043057.859,27130.66942,41540.03608
,,,,,,,,452,3083515.697,30480.30697,43888.63192
,,,,,,,,453,2985454.071,30914.60534,46360.21635
,,,,,,,,454,2844107.048,30073.12804,47778.40691
,,,,,,,,455,2680732.923,28977.11547,46587.20096
,,,,,,,,456,2479929.751,27178.70956,44044.04689
,,,,,,,,457,2234468.68,21792.40251,36640.64282
,,,,,,,,458,2099039.925,20911.02089,35023.03006
,,,,,,,,459,2035430.153,19918.4496,33459.38406
,,,,,,,,460,2011514.571,19455.0947,31904.07627
,,,,,,,,461,1997340.655,19141.2841,30355.48536
,,,,,,,,462,2024465.62,18924.32863,29934.63737
,,,,,,,,463,2087925.759,19343.13017,29564.28187
,,,,,,,,464,2148083.638,20184.22006,29552.93264
,,,,,,,,465,2209190.916,20909.47121,30349.92656
,,,,,,,,466,2286685.657,21765.28307,31699.79012
,,,,,,,,467,2381161.236,22983.33309,32502.11122
,,,,,,,,468,2470244.844,23799.24064,33949.02228
,,,,,,,,469,2583187.276,24686.43356,35636.35174
,,,,,,,,470,2632736.646,25682.87906,37193.51247
,,,,,,,,471,2646652.574,25661.18351,38702.49687
,,,,,,,,472,2684938.144,25674.35581,39987.27607
,,,,,,,,473,2799784.535,25803.36683,40192.02545
,,,,,,,,474,2926539.699,26364.73912,40454.67907
,,,,,,,,475,3043057.859,27130.66942,41540.03608
,,,,,,,,476,3083515.697,30480.30697,43888.63192
,,,,,,,,477,2985454.071,30914.60534,46360.21635
,,,,,,,,478,2844107.048,30073.12804,47778.40691
,,,,,,,,479,2680732.923,28977.11547,46587.20096
,,,,,,,,480,2479929.751,27178.70956,44044.04689
,,,,,,,,481,2681362.416,19613.16226,31144.54639
,,,,,,,,482,2518847.911,18819.9188,29769.57555
,,,,,,,,483,2442516.184,17926.60464,28440.47645
,,,,,,,,484,2413817.486,17509.58523,27118.46483
,,,,,,,,485,2396808.786,17227.15569,25802.16256
,,,,,,,,486,2429358.744,17031.89576,25444.44177
,,,,,,,,487,2505510.91,17408.81716,25129.63959
,,,,,,,,488,2577700.365,18165.79805,25119.99275
,,,,,,,,489,2651029.1,18818.52409,25797.43757
,,,,,,,,490,2744022.789,19588.75476,26944.8216
,,,,,,,,491,2857393.483,20684.99978,27626.79454
,,,,,,,,492,2964293.812,21419.31658,28856.66894
,,,,,,,,493,3099824.731,22217.7902,30290.89898
,,,,,,,,494,3159283.976,23114.59115,31614.4856
,,,,,,,,495,3175983.089,23095.06516,32897.12234
,,,,,,,,496,3221925.773,23106.92023,33989.18466
,,,,,,,,497,3359741.442,23223.03015,34163.22164
,,,,,,,,498,3511847.639,23728.26521,34386.47721
,,,,,,,,499,3651669.431,24417.60248,35309.03067
,,,,,,,,500,3700218.836,27432.27627,37305.33713
,,,,,,,,501,3582544.886,27823.14481,39406.1839
,,,,,,,,502,3412928.458,27065.81523,40611.64588
,,,,,,,,503,3216879.508,26079.40393,39599.12081
,,,,,,,,504,2975915.701,24460.83861,37437.43986
,,,,,,,,505,2681362.416,19613.16226,31144.54639
,,,,,,,,506,2518847.911,18819.9188,29769.57555
,,,,,,,,507,2442516.184,17926.60464,28440.47645
,,,,,,,,508,2413817.486,17509.58523,27118.46483
,,,,,,,,509,2396808.786,17227.15569,25802.16256
,,,,,,,,510,2429358.744,17031.89576,25444.44177
,,,,,,,,511,2505510.91,17408.81716,25129.63959
,,,,,,,,512,2577700.365,18165.79805,25119.99275
,,,,,,,,513,2651029.1,18818.52409,25797.43757
,,,,,,,,514,2744022.789,19588.75476,26944.8216
,,,,,,,,515,2857393.483,20684.99978,27626.79454
,,,,,,,,516,2964293.812,21419.31658,28856.66894
,,,,,,,,517,3099824.731,22217.7902,30290.89898
,,,,,,,,518,3159283.976,23114.59115,31614.4856
,,,,,,,,519,3175983.089,23095.06516,32897.12234
,,,,,,,,520,3221925.773,23106.92023,33989.18466
,,,,,,,,521,3359741.442,23223.03015,34163.22164
,,,,,,,,522,3511847.639,23728.26521,34386.47721
,,,,,,,,523,3651669.431,24417.60248,35309.03067
,,,,,,,,524,3700218.836,27432.27627,37305.33713
,,,,,,,,525,3582544.886,27823.14481,39406.1839
,,,,,,,,526,3412928.458,27065.81523,40611.64588
,,,,,,,,527,3216879.508,26079.40393,39599.12081
,,,,,,,,528,2975915.701,24460.83861,37437.43986
,,,,,,,,529,3217634.9,17651.84603,26472.86444
,,,,,,,,530,3022617.493,16937.92692,25304.13922
,,,,,,,,531,2931019.421,16133.94418,24174.40498
,,,,,,,,532,2896580.983,15758.6267,23050.6951
,,,,,,,,533,2876170.543,15504.44012,21931.83817
,,,,,,,,534,2915230.493,15328.70619,21627.7755
,,,,,,,,535,3006613.092,15667.93544,21360.19365
,,,,,,,,536,3093240.438,16349.21825,21351.99384
,,,,,,,,537,3181234.92,16936.67168,21927.82194
,,,,,,,,538,3292827.347,17629.87929,22903.09836
,,,,,,,,539,3428872.179,18616.4998,23482.77536
,,,,,,,,540,3557152.575,19277.38492,24528.1686
,,,,,,,,541,3719789.677,19996.01118,25747.26413
,,,,,,,,542,3791140.771,20803.13204,26872.31276
,,,,,,,,543,3811179.707,20785.55864,27962.55399
,,,,,,,,544,3866310.928,20796.2282,28890.80696
,,,,,,,,545,4031689.731,20900.72713,29038.73839
,,,,,,,,546,4214217.167,21355.43869,29228.50563
,,,,,,,,547,4382003.317,21975.84223,30012.67607
,,,,,,,,548,4440262.604,24689.04865,31709.53656
,,,,,,,,549,4299053.863,25040.83033,33495.25631
,,,,,,,,550,4095514.15,24359.23371,34519.89899
,,,,,,,,551,3860255.409,23471.46353,33659.25269
,,,,,,,,552,3571098.842,22014.75475,31821.82388
,,,,,,,,553,3217634.9,17651.84603,26472.86444
,,,,,,,,554,3022617.493,16937.92692,25304.13922
,,,,,,,,555,2931019.421,16133.94418,24174.40498
,,,,,,,,556,2896580.983,15758.6267,23050.6951
,,,,,,,,557,2876170.543,15504.44012,21931.83817
,,,,,,,,558,2915230.493,15328.70619,21627.7755
,,,,,,,,559,3006613.092,15667.93544,21360.19365
,,,,,,,,560,3093240.438,16349.21825,21351.99384
,,,,,,,,561,3181234.92,16936.67168,21927.82194
,,,,,,,,562,3292827.347,17629.87929,22903.09836
,,,,,,,,563,3428872.179,18616.4998,23482.77536
,,,,,,,,564,3557152.575,19277.38492,24528.1686
,,,,,,,,565,3719789.677,19996.01118,25747.26413
,,,,,,,,566,3791140.771,20803.13204,26872.31276
,,,,,,,,567,3811179.707,20785.55864,27962.55399
,,,,,,,,568,3866310.928,20796.2282,28890.80696
,,,,,,,,569,4031689.731,20900.72713,29038.73839
,,,,,,,,570,4214217.167,21355.43869,29228.50563
,,,,,,,,571,4382003.317,21975.84223,30012.67607
,,,,,,,,572,4440262.604,24689.04865,31709.53656
,,,,,,,,573,4299053.863,25040.83033,33495.25631
,,,,,,,,574,4095514.15,24359.23371,34519.89899
,,,,,,,,575,3860255.409,23471.46353,33659.25269
,,,,,,,,576,3571098.842,22014.75475,31821.82388
,,,,,,,,577,3861161.88,15886.66143,22501.93477
,,,,,,,,578,3627140.991,15244.13423,21508.51834
,,,,,,,,579,3517223.305,14520.54976,20548.24424
,,,,,,,,580,3475897.179,14182.76403,19593.09084
,,,,,,,,581,3451404.651,13953.99611,18642.06245
,,,,,,,,582,3498276.591,13795.83557,18383.60918
,,,,,,,,583,3607935.711,14101.1419,18156.16461
,,,,,,,,584,3711888.526,14714.29642,18149.19476
,,,,,,,,585,3817481.904,15243.00451,18638.64865
,,,,,,,,586,3951392.816,15866.89136,19467.63361
,,,,,,,,587,4114646.615,16754.84982,19960.35905
,,,,,,,,588,4268583.09,17349.64643,20848.94331
,,,,,,,,589,4463747.612,17996.41006,21885.17451
,,,,,,,,590,4549368.925,18722.81883,22841.46584
,,,,,,,,591,4573415.648,18707.00278,23768.17089
,,,,,,,,592,4639573.113,18716.60538,24557.18592
,,,,,,,,593,4838027.677,18810.65442,24682.92763
,,,,,,,,594,5057060.601,19219.89482,24844.22978
,,,,,,,,595,5258403.981,19778.25801,25510.77466
,,,,,,,,596,5328315.124,22220.14378,26953.10608
,,,,,,,,597,5158864.635,22536.74729,28470.96787
,,,,,,,,598,4914616.98,21923.31034,29341.91415
,,,,,,,,599,4632306.491,21124.31718,28610.36479
,,,,,,,,600,4285318.61,19813.27927,27048.5503
,,,,,,,,601,3861161.88,15886.66143,22501.93477
,,,,,,,,602,3627140.991,15244.13423,21508.51834
,,,,,,,,603,3517223.305,14520.54976,20548.24424
,,,,,,,,604,3475897.179,14182.76403,19593.09084
,,,,,,,,605,3451404.651,13953.99611,18642.06245
,,,,,,,,606,3498276.591,13795.83557,18383.60918
,,,,,,,,607,3607935.711,14101.1419,18156.16461
,,,,,,,,608,3711888.526,14714.29642,18149.19476
,,,,,,,,609,3817481.904,15243.00451,18638.64865
,,,,,,,,610,3951392.816,15866.89136,19467.63361
,,,,,,,,611,4114646.615,16754.84982,19960.35905
,,,,,,,,612,4268583.09,17349.64643,20848.94331
,,,,,,,,613,4463747.612,17996.41006,21885.17451
,,,,,,,,614,4549368.925,18722.81883,22841.46584
,,,,,,,,615,4573415.648,18707.00278,23768.17089
,,,,,,,,616,4639573.113,18716.60538,24557.18592
,,,,,,,,617,4838027.677,18810.65442,24682.92763
,,,,,,,,618,5057060.601,19219.89482,24844.22978
,,,,,,,,619,5258403.981,19778.25801,25510.77466
,,,,,,,,620,5328315.124,22220.14378,26953.10608
,,,,,,,,621,5158864.635,22536.74729,28470.96787
,,,,,,,,622,4914616.98,21923.31034,29341.91415
,,,,,,,,623,4632306.491,21124.31718,28610.36479
,,,,,,,,624,4285318.61,19813.27927,27048.5503
,,,,,,,,625,4633394.256,14297.99528,19126.64455
,,,,,,,,626,4352569.189,13719.72081,18282.24059
,,,,,,,,627,4220667.966,13068.49478,17466.0076
,,,,,,,,628,4171076.615,12764.48763,16654.12721
,,,,,,,,629,4141685.582,12558.5965,15845.75308
,,,,,,,,630,4197931.91,12416.25201,15626.0678
,,,,,,,,631,4329522.853,12691.02771,15432.73992
,,,,,,,,632,4454266.231,13242.86678,15426.81555
,,,,,,,,633,4580978.284,13718.70406,15842.85135
,,,,,,,,634,4741671.379,14280.20222,16547.48857
,,,,,,,,635,4937575.938,15079.36484,16966.3052
,,,,,,,,636,5122299.708,15614.68178,17721.60181
,,,,,,,,637,5356497.135,16196.76906,18602.39833
,,,,,,,,638,5459242.71,16850.53695,19415.24597
,,,,,,,,639,5488098.777,16836.3025,20202.94526
,,,,,,,,640,5567487.736,16844.94484,20873.60803
,,,,,,,,641,5805633.212,16929.58898,20980.48849
,,,,,,,,642,6068472.721,17297.90533,21117.59532
,,,,,,,,643,6310084.777,17800.43221,21684.15846
,,,,,,,,644,6393978.149,19998.1294,22910.14016
,,,,,,,,645,6190637.563,20283.07256,24200.32269
,,,,,,,,646,5897540.376,19730.97931,24940.62702
,,,,,,,,647,5558767.79,19011.88546,24318.81007
,,,,,,,,648,5142382.332,17831.95135,22991.26775
,,,,,,,,649,4633394.256,14297.99528,19126.64455
,,,,,,,,650,4352569.189,13719.72081,18282.24059
,,,,,,,,651,4220667.966,13068.49478,17466.0076
,,,,,,,,652,4171076.615,12764.48763,16654.12721
,,,,,,,,653,4141685.582,12558.5965,15845.75308
,,,,,,,,654,4197931.91,12416.25201,15626.0678
,,,,,,,,655,4329522.853,12691.02771,15432.73992
,,,,,,,,656,4454266.231,13242.86678,15426.81555
,,,,,,,,657,4580978.284,13718.70406,15842.85135
,,,,,,,,658,4741671.379,14280.20222,16547.48857
,,,,,,,,659,4937575.938,15079.36484,16966.3052
,,,,,,,,660,5122299.708,15614.68178,17721.60181
,,,,,,,,661,5356497.135,16196.76906,18602.39833
,,,,,,,,662,5459242.71,16850.53695,19415.24597
,,,,,,,,663,5488098.777,16836.3025,20202.94526
,,,,,,,,664,5567487.736,16844.94484,20873.60803
,,,,,,,,665,5805633.212,16929.58898,20980.48849
,,,,,,,,666,6068472.721,17297.90533,21117.59532
,,,,,,,,667,6310084.777,17800.43221,21684.15846
,,,,,,,,668,6393978.149,19998.1294,22910.14016
,,,,,,,,669,6190637.563,20283.07256,24200.32269
,,,,,,,,670,5897540.376,19730.97931,24940.62702
,,,,,,,,671,5558767.79,19011.88546,24318.81007
,,,,,,,,672,5142382.332,17831.95135,22991.26775
,,,,,,,,673,5560073.107,12868.19576,16257.64787
,,,,,,,,674,5223083.027,12347.74873,15539.9045
,,,,,,,,675,5064801.559,11761.6453,14846.10646
,,,,,,,,676,5005291.938,11488.03887,14156.00813
,,,,,,,,677,4970022.698,11302.73685,13468.89012
,,,,,,,,678,5037518.292,11174.62681,13282.15763
,,,,,,,,679,5195427.424,11421.92494,13117.82893
,,,,,,,,680,5345119.477,11918.5801,13112.79321
,,,,,,,,681,5497173.941,12346.83366,13466.42365
,,,,,,,,682,5690005.655,12852.182,14065.36528
,,,,,,,,683,5925091.126,13571.42836,14421.35942
,,,,,,,,684,6146759.649,14053.21361,15063.36154
,,,,,,,,685,6427796.562,14577.09215,15812.03858
,,,,,,,,686,6551091.252,15165.48325,16502.95907
,,,,,,,,687,6585718.533,15152.67225,17172.50347
,,,,,,,,688,6680985.283,15160.45036,17742.56683
,,,,,,,,689,6966759.855,15236.63008,17833.41521
,,,,,,,,690,7282167.265,15568.1148,17949.95602
,,,,,,,,691,7572101.732,16020.38899,18431.53469
,,,,,,,,692,7672773.779,17998.31646,19473.61914
,,,,,,,,693,7428765.075,18254.76531,20570.27428
,,,,,,,,694,7077048.451,17757.88138,21199.53297
,,,,,,,,695,6670521.347,17110.69692,20670.98856
,,,,,,,,696,6170858.799,16048.75621,19542.57759
,,,,,,,,697,5560073.107,12868.19576,16257.64787
,,,,,,,,698,5223083.027,12347.74873,15539.9045
,,,,,,,,699,5064801.559,11761.6453,14846.10646
,,,,,,,,700,5005291.938,11488.03887,14156.00813
,,,,,,,,701,4970022.698,11302.73685,13468.89012
,,,,,,,,702,5037518.292,11174.62681,13282.15763
,,,,,,,,703,5195427.424,11421.92494,13117.82893
,,,,,,,,704,5345119.477,11918.5801,13112.79321
,,,,,,,,705,5497173.941,12346.83366,13466.42365
,,,,,,,,706,5690005.655,12852.182,14065.36528
,,,,,,,,707,5925091.126,13571.42836,14421.35942
,,,,,,,,708,6146759.649,14053.21361,15063.36154
,,,,,,,,709,6427796.562,14577.09215,15812.03858
,,,,,,,,710,6551091.252,15165.48325,16502.95907
,,,,,,,,711,6585718.533,15152.67225,17172.50347
,,,,,,,,712,6680985.283,15160.45036,17742.56683
,,,,,,,,713,6966759.855,15236.63008,17833.41521
,,,,,,,,714,7282167.265,15568.1148,17949.95602
,,,,,,,,715,7572101.732,16020.38899,18431.53469
,,,,,,,,716,7672773.779,17998.31646,19473.61914
,,,,,,,,717,7428765.075,18254.76531,20570.27428
,,,,,,,,718,7077048.451,17757.88138,21199.53297
,,,,,,,,719,6670521.347,17110.69692,20670.98856
,,,,,,,,720,6170858.799,16048.75621,19542.57759
,,,,,,,,721,6672087.728,11581.37618,13819.00069
,,,,,,,,722,6267699.633,11112.97385,13208.91882
,,,,,,,,723,6077761.871,10585.48077,12619.19049
,,,,,,,,724,6006350.326,10339.23498,12032.60691
,,,,,,,,725,5964027.237,10172.46316,11448.5566
,,,,,,,,726,6045021.95,10057.16413,11289.83399
,,,,,,,,727,6234512.908,10279.73244,11150.15459
,,,,,,,,728,6414143.373,10726.72209,11145.87423
,,,,,,,,729,6596608.729,11112.15029,11446.4601
,,,,,,,,730,6828006.786,11566.9638,11955.56049
,,,,,,,,731,7110109.351,12214.28552,12258.1555
,,,,,,,,732,7376111.579,12647.89224,12803.85731
,,,,,,,,733,7713355.874,13119.38294,13440.2328
,,,,,,,,734,7861309.502,13648.93493,14027.51521
,,,,,,,,735,7902862.239,13637.40503,14596.62795
,,,,,,,,736,8017182.34,13644.40532,15081.1818
,,,,,,,,737,8360111.826,13712.96707,15158.40293
,,,,,,,,738,8738600.718,14011.30332,15257.46262
,,,,,,,,739,9086522.079,14418.35009,15666.80449
,,,,,,,,740,9207328.535,16198.48482,16552.57627
,,,,,,,,741,8914518.09,16429.28878,17484.73314
,,,,,,,,742,8492458.141,15982.09324,18019.60302
,,,,,,,,743,8004625.617,15399.62723,17570.34028
,,,,,,,,744,7405030.558,14443.88059,16611.19095
,,,,,,,,745,6672087.728,11581.37618,13819.00069
,,,,,,,,746,6267699.633,11112.97385,13208.91882
,,,,,,,,747,6077761.871,10585.48077,12619.19049
,,,,,,,,748,6006350.326,10339.23498,12032.60691
,,,,,,,,749,5964027.237,10172.46316,11448.5566
,,,,,,,,750,6045021.95,10057.16413,11289.83399
,,,,,,,,751,6234512.908,10279.73244,11150.15459
,,,,,,,,752,6414143.373,10726.72209,11145.87423
,,,,,,,,753,6596608.729,11112.15029,11446.4601
,,,,,,,,754,6828006.786,11566.9638,11955.56049
,,,,,,,,755,7110109.351,12214.28552,12258.1555
,,,,,,,,756,7376111.579,12647.89224,12803.85731
,,,,,,,,757,7713355.874,13119.38294,13440.2328
,,,,,,,,758,7861309.502,13648.93493,14027.51521
,,,,,,,,759,7902862.239,13637.40503,14596.62795
,,,,,,,,760,8017182.34,13644.40532,15081.1818
,,,,,,,,761,8360111.826,13712.96707,15158.40293
,,,,,,,,762,8738600.718,14011.30332,15257.46262
,,,,,,,,763,9086522.079,14418.35009,15666.80449
,,,,,,,,764,9207328.535,16198.48482,16552.57627
,,,,,,,,765,8914518.09,16429.28878,17484.73314
,,,,,,,,766,8492458.141,15982.09324,18019.60302
,,,,,,,,767,8004625.617,15399.62723,17570.34028
,,,,,,,,768,7405030.558,14443.88059,16611.19095
,,,,,,,,769,8006505.274,10423.23856,11746.15059
,,,,,,,,770,7521239.559,10001.67647,11227.581
,,,,,,,,771,7293314.245,9526.932697,10726.31192
,,,,,,,,772,7207620.391,9305.311482,10227.71587
,,,,,,,,773,7156832.685,9155.216847,9731.273111
,,,,,,,,774,7254026.34,9051.447716,9596.358887
,,,,,,,,775,7481415.49,9251.759199,9477.6314
,,,,,,,,776,7696972.047,9654.049882,9473.993097
,,,,,,,,777,7915930.475,10000.93526,9729.491085
,,,,,,,,778,8193608.144,10410.26742,10162.22642
,,,,,,,,779,8532131.222,10992.85697,10419.43218
,,,,,,,,780,8851333.895,11383.10302,10883.27871
,,,,,,,,781,9256027.049,11807.44464,11424.19788
,,,,,,,,782,9433571.403,12284.04144,11923.38793
,,,,,,,,783,9483434.687,12273.66452,12407.13376
,,,,,,,,784,9620618.807,12279.96479,12819.00453
,,,,,,,,785,10032134.19,12341.67036,12884.64249
,,,,,,,,786,10486320.86,12610.17299,12968.84322
,,,,,,,,787,10903826.49,12976.51508,13316.78381
,,,,,,,,788,11048794.24,14578.63634,14069.68983
,,,,,,,,789,10697421.71,14786.3599,14862.02317
,,,,,,,,790,10190949.77,14383.88391,15316.66257
,,,,,,,,791,9605550.74,13859.6645,14934.78923
,,,,,,,,792,8886036.67,12999.49253,14119.51231
,,,,,,,,793,8006505.274,10423.23856,11746.15059
,,,,,,,,794,7521239.559,10001.67647,11227.581
,,,,,,,,795,7293314.245,9526.932697,10726.31192
,,,,,,,,796,7207620.391,9305.311482,10227.71587
,,,,,,,,797,7156832.685,9155.216847,9731.273111
,,,,,,,,798,7254026.34,9051.447716,9596.358887
,,,,,,,,799,7481415.49,9251.759199,9477.6314
,,,,,,,,800,7696972.047,9654.049882,9473.993097
,,,,,,,,801,7915930.475,10000.93526,9729.491085
,,,,,,,,802,8193608.144,10410.26742,10162.22642
,,,,,,,,803,8532131.222,10992.85697,10419.43218
,,,,,,,,804,8851333.895,11383.10302,10883.27871
,,,,,,,,805,9256027.049,11807.44464,11424.19788
,,,,,,,,806,9433571.403,12284.04144,11923.38793
,,,,,,,,807,9483434.687,12273.66452,12407.13376
,,,,,,,,808,9620618.807,12279.96479,12819.00453
,,,,,,,,809,10032134.19,12341.67036,12884.64249
,,,,,,,,810,10486320.86,12610.17299,12968.84322
,,,,,,,,811,10903826.49,12976.51508,13316.78381
,,,,,,,,812,11048794.24,14578.63634,14069.68983
,,,,,,,,813,10697421.71,14786.3599,14862.02317
,,,,,,,,814,10190949.77,14383.88391,15316.66257
,,,,,,,,815,9605550.74,13859.6645,14934.78923
,,,,,,,,816,8886036.67,12999.49253,14119.51231
,,,,,,,,817,9607806.328,9380.914706,9984.227999
,,,,,,,,818,9025487.471,9001.508822,9543.443851
,,,,,,,,819,8751977.094,8574.239427,9117.36513
,,,,,,,,820,8649144.469,8374.780334,8693.558493
,,,,,,,,821,8588199.222,8239.695162,8271.582144
,,,,,,,,822,8704831.608,8146.302945,8156.905054
,,,,,,,,823,8977698.588,8326.583279,8055.98669
,,,,,,,,824,9236366.457,8688.644894,8052.894133
,,,,,,,,825,9499116.57,9000.841735,8270.067422
,,,,,,,,826,9832329.772,9369.240679,8637.892453
,,,,,,,,827,10238557.47,9893.571272,8856.517352
,,,,,,,,828,10621600.67,10244.79272,9250.786907
,,,,,,,,829,11107232.46,10626.70018,9710.568196
,,,,,,,,830,11320285.68,11055.63729,10134.87974
,,,,,,,,831,11380121.62,11046.29807,10546.06369
,,,,,,,,832,11544742.57,11051.96831,10896.15385
,,,,,,,,833,12038561.03,11107.50333,10951.94612
,,,,,,,,834,12583585.03,11349.15569,11023.51674
,,,,,,,,835,13084591.79,11678.86357,11319.26624
,,,,,,,,836,13258553.09,13120.7727,11959.23635
,,,,,,,,837,12836906.05,13307.72391,12632.71969
,,,,,,,,838,12229139.72,12945.49552,13019.16319
,,,,,,,,839,11526660.89,12473.69805,12694.57085
,,,,,,,,840,10663244,11699.54328,12001.58546
,,,,,,,,841,9607806.328,9380.914706,9984.227999
,,,,,,,,842,9025487.471,9001.508822,9543.443851
,,,,,,,,843,8751977.094,8574.239427,9117.36513
,,,,,,,,844,8649144.469,8374.780334,8693.558493
,,,,,,,,845,8588199.222,8239.695162,8271.582144
,,,,,,,,846,8704831.608,8146.302945,8156.905054
,,,,,,,,847,8977698.588,8326.583279,8055.98669
,,,,,,,,848,9236366.457,8688.644894,8052.894133
,,,,,,,,849,9499116.57,9000.841735,8270.067422
,,,,,,,,850,9832329.772,9369.240679,8637.892453
,,,,,,,,851,10238557.47,9893.571272,8856.517352
,,,,,,,,852,10621600.67,10244.79272,9250.786907
,,,,,,,,853,11107232.46,10626.70018,9710.568196
,,,,,,,,854,11320285.68,11055.63729,10134.87974
,,,,,,,,855,11380121.62,11046.29807,10546.06369
,,,,,,,,856,11544742.57,11051.96831,10896.15385
,,,,,,,,857,12038561.03,11107.50333,10951.94612
,,,,,,,,858,12583585.03,11349.15569,11023.51674
,,,,,,,,859,13084591.79,11678.86357,11319.26624
,,,,,,,,860,13258553.09,13120.7727,11959.23635
,,,,,,,,861,12836906.05,13307.72391,12632.71969
,,,,,,,,862,12229139.72,12945.49552,13019.16319
,,,,,,,,863,11526660.89,12473.69805,12694.57085
,,,,,,,,864,10663244,11699.54328,12001.58546
,,,,,,,,865,11529367.59,8442.823235,8486.593799
,,,,,,,,866,10830584.97,8101.35794,8111.927273
,,,,,,,,867,10502372.51,7716.815485,7749.760361
,,,,,,,,868,10378973.36,7537.302301,7389.524719
,,,,,,,,869,10305839.07,7415.725646,7030.844823
,,,,,,,,870,10445797.93,7331.67265,6933.369296
,,,,,,,,871,10773238.31,7493.924951,6847.588687
,,,,,,,,872,11083639.75,7819.780404,6844.960013
,,,,,,,,873,11398939.88,8100.757562,7029.557309
,,,,,,,,874,11798795.73,8432.316611,7342.208585
,,,,,,,,875,12286268.96,8904.214144,7528.039749
,,,,,,,,876,12745920.81,9220.313446,7863.168871
,,,,,,,,877,13328678.95,9564.030161,8253.982966
,,,,,,,,878,13584342.82,9950.073563,8614.647779
,,,,,,,,879,13656145.95,9941.668264,8964.154139
,,,,,,,,880,13853691.08,9946.771481,9261.730774
,,,,,,,,881,14446273.23,9996.752995,9309.154201
,,,,,,,,882,15100302.04,10214.24012,9369.989229
,,,,,,,,883,15701510.15,10510.97722,9621.376306
,,,,,,,,884,15910263.71,11808.69543,10165.3509
,,,,,,,,885,15404287.26,11976.95152,10737.81174
,,,,,,,,886,14674967.67,11650.94597,11066.28871
,,,,,,,,887,13831993.07,11226.32825,10790.38522
,,,,,,,,888,12795892.8,10529.58895,10201.34764
,,,,,,,,889,11529367.59,8442.823235,8486.593799
,,,,,,,,890,10830584.97,8101.35794,8111.927273
,,,,,,,,891,10502372.51,7716.815485,7749.760361
,,,,,,,,892,10378973.36,7537.302301,7389.524719
,,,,,,,,893,10305839.07,7415.725646,7030.844823
,,,,,,,,894,10445797.93,7331.67265,6933.369296
,,,,,,,,895,10773238.31,7493.924951,6847.588687
,,,,,,,,896,11083639.75,7819.780404,6844.960013
,,,,,,,,897,11398939.88,8100.757562,7029.557309
,,,,,,,,898,11798795.73,8432.316611,7342.208585
,,,,,,,,899,12286268.96,8904.214144,7528.039749
,,,,,,,,900,12745920.81,9220.313446,7863.168871
,,,,,,,,901,13328678.95,9564.030161,8253.982966
,,,,,,,,902,13584342.82,9950.073563,8614.647779
,,,,,,,,903,13656145.95,9941.668264,8964.154139
,,,,,,,,904,13853691.08,9946.771481,9261.730774
,,,,,,,,905,14446273.23,9996.752995,9309.154201
,,,,,,,,906,15100302.04,10214.24012,9369.989229
,,,,,,,,907,15701510.15,10510.97722,9621.376306
,,,,,,,,908,15910263.71,11808.69543,10165.3509
,,,,,,,,909,15404287.26,11976.95152,10737.81174
,,,,,,,,910,14674967.67,11650.94597,11066.28871
,,,,,,,,911,13831993.07,11226.32825,10790.38522
,,,,,,,,912,12795892.8,10529.58895,10201.34764
,,,,,,,,913,13835241.11,7598.540912,7213.604729
,,,,,,,,914,12996701.96,7291.222146,6895.138182
,,,,,,,,915,12602847.02,6945.133936,6587.296306
,,,,,,,,916,12454768.04,6783.572071,6281.096011
,,,,,,,,917,12367006.88,6674.153082,5976.218099
,,,,,,,,918,12534957.52,6598.505385,5893.363902
,,,,,,,,919,12927885.97,6744.532456,5820.450384
,,,,,,,,920,13300367.7,7037.802364,5818.216011
,,,,,,,,921,13678727.86,7290.681805,5975.123713
,,,,,,,,922,14158554.87,7589.08495,6240.877297
,,,,,,,,923,14743522.75,8013.79273,6398.833786
,,,,,,,,924,15295104.97,8298.282102,6683.69354
,,,,,,,,925,15994414.74,8607.627145,7015.885521
,,,,,,,,926,16301211.38,8955.066207,7322.450612
,,,,,,,,927,16387375.14,8947.501437,7619.531018
,,,,,,,,928,16624429.3,8952.094333,7872.471158
,,,,,,,,929,17335527.88,8997.077695,7912.781071
,,,,,,,,930,18120362.45,9192.816109,7964.490845
,,,,,,,,931,18841812.18,9459.879494,8178.16986
,,,,,,,,932,19092316.45,10627.82589,8640.548266
,,,,,,,,933,18485144.71,10779.25637,9127.139979
,,,,,,,,934,17609961.2,10485.85137,9406.345401
,,,,,,,,935,16598391.68,10103.69542,9171.827439
,,,,,,,,936,15355071.37,9476.630055,8671.145496
,,,,,,,,937,13835241.11,7598.540912,7213.604729
,,,,,,,,938,12996701.96,7291.222146,6895.138182
,,,,,,,,939,12602847.02,6945.133936,6587.296306
,,,,,,,,940,12454768.04,6783.572071,6281.096011
,,,,,,,,941,12367006.88,6674.153082,5976.218099
,,,,,,,,942,12534957.52,6598.505385,5893.363902
,,,,,,,,943,12927885.97,6744.532456,5820.450384
,,,,,,,,944,13300367.7,7037.802364,5818.216011
,,,,,,,,945,13678727.86,7290.681805,5975.123713
,,,,,,,,946,14158554.87,7589.08495,6240.877297
,,,,,,,,947,14743522.75,8013.79273,6398.833786
,,,,,,,,948,15295104.97,8298.282102,6683.69354
,,,,,,,,949,15994414.74,8607.627145,7015.885521
,,,,,,,,950,16301211.38,8955.066207,7322.450612
,,,,,,,,951,16387375.14,8947.501437,7619.531018
,,,,,,,,952,16624429.3,8952.094333,7872.471158
,,,,,,,,953,17335527.88,8997.077695,7912.781071
,,,,,,,,954,18120362.45,9192.816109,7964.490845
,,,,,,,,955,18841812.18,9459.879494,8178.16986
,,,,,,,,956,19092316.45,10627.82589,8640.548266
,,,,,,,,957,18485144.71,10779.25637,9127.139979
,,,,,,,,958,17609961.2,10485.85137,9406.345401
,,,,,,,,959,16598391.68,10103.69542,9171.827439
,,,,,,,,960,15355071.37,9476.630055,8671.145496
,,,,,,,,961,16602289.34,6838.686821,6131.56402
,,,,,,,,962,15596042.35,6562.099932,5860.867455
,,,,,,,,963,15123416.42,6250.620542,5599.20186
,,,,,,,,964,14945721.64,6105.214864,5338.931609
,,,,,,,,965,14840408.26,6006.737773,5079.785384
,,,,,,,,966,15041949.02,5938.654847,5009.359316
,,,,,,,,967,15513463.16,6070.07921,4947.382826
,,,,,,,,968,15960441.24,6334.022128,4945.483609
,,,,,,,,969,16414473.43,6561.613625,5078.855156
,,,,,,,,970,16990265.85,6830.176455,5304.745703
,,,,,,,,971,17692227.3,7212.413457,5439.008718
,,,,,,,,972,18354125.96,7468.453891,5681.139509
,,,,,,,,973,19193297.69,7746.864431,5963.502693
,,,,,,,,974,19561453.66,8059.559586,6224.083021
,,,,,,,,975,19664850.17,8052.751293,6476.601366
,,,,,,,,976,19949315.16,8056.8849,6691.600485
,,,,,,,,977,20802633.46,8097.369926,6725.86391
,,,,,,,,978,21744434.94,8273.534498,6769.817218
,,,,,,,,979,22610174.62,8513.891544,6951.444381
,,,,,,,,980,22910779.74,9565.0433,7344.466026
,,,,,,,,981,22182173.65,9701.33073,7758.068982
,,,,,,,,982,21131953.44,9437.266236,7995.393591
,,,,,,,,983,19918070.02,9093.32588,7796.053323
,,,,,,,,984,18426085.64,8528.967049,7370.473672
,,,,,,,,985,16602289.34,6838.686821,6131.56402
,,,,,,,,986,15596042.35,6562.099932,5860.867455
,,,,,,,,987,15123416.42,6250.620542,5599.20186
,,,,,,,,988,14945721.64,6105.214864,5338.931609
,,,,,,,,989,14840408.26,6006.737773,5079.785384
,,,,,,,,990,15041949.02,5938.654847,5009.359316
,,,,,,,,991,15513463.16,6070.07921,4947.382826
,,,,,,,,992,15960441.24,6334.022128,4945.483609
,,,,,,,,993,16414473.43,6561.613625,5078.855156
,,,,,,,,994,16990265.85,6830.176455,5304.745703
,,,,,,,,995,17692227.3,7212.413457,5439.008718
,,,,,,,,996,18354125.96,7468.453891,5681.139509
,,,,,,,,997,19193297.69,7746.864431,5963.502693
,,,,,,,,998,19561453.66,8059.559586,6224.083021
,,,,,,,,999,19664850.17,8052.751293,6476.601366
,,,,,,,,1000,19949315.16,8056.8849,6691.600485
,,,,,,,,1001,20802633.46,8097.369926,6725.86391
,,,,,,,,1002,21744434.94,8273.534498,6769.817218
,,,,,,,,1003,22610174.62,8513.891544,6951.444381
,,,,,,,,1004,22910779.74,9565.0433,7344.466026
,,,,,,,,1005,22182173.65,9701.33073,7758.068982
,,,,,,,,1006,21131953.44,9437.266236,7995.393591
,,,,,,,,1007,19918070.02,9093.32588,7796.053323
,,,,,,,,1008,18426085.64,8528.967049,7370.473672
,,,,,,,,1009,19922747.2,6154.818139,5211.829417
,,,,,,,,1010,18715250.82,5905.889938,4981.737337
,,,,,,,,1011,18148099.7,5625.558488,4759.321581
,,,,,,,,1012,17934865.97,5494.693377,4538.091868
,,,,,,,,1013,17808489.91,5406.063996,4317.817577
,,,,,,,,1014,18050338.82,5344.789362,4257.955419
,,,,,,,,1015,18616155.79,5463.071289,4205.275402
,,,,,,,,1016,19152529.48,5700.619915,4203.661068
,,,,,,,,1017,19697368.12,5905.452262,4317.026882
,,,,,,,,1018,20388319.02,6147.158809,4509.033847
,,,,,,,,1019,21230672.76,6491.172111,4623.157411
,,,,,,,,1020,22024951.16,6721.608502,4828.968583
,,,,,,,,1021,23031957.23,6972.177987,5068.977289
,,,,,,,,1022,23473744.39,7253.603628,5290.470568
,,,,,,,,1023,23597820.2,7247.476164,5505.111161
,,,,,,,,1024,23939178.19,7251.19641,5687.860412
,,,,,,,,1025,24963160.15,7287.632933,5716.984324
,,,,,,,,1026,26093321.93,7446.181048,5754.344636
,,,,,,,,1027,27132209.54,7662.50239,5908.727724
,,,,,,,,1028,27492935.69,8608.53897,6242.796122
,,,,,,,,1029,26618608.38,8731.197657,6594.358635
,,,,,,,,1030,25358344.13,8493.539612,6796.084552
,,,,,,,,1031,23901684.02,8183.993292,6626.645324
,,,,,,,,1032,22111302.77,7676.070345,6264.902621
,,,,,,,,1033,19922747.2,6154.818139,5211.829417
,,,,,,,,1034,18715250.82,5905.889938,4981.737337
,,,,,,,,1035,18148099.7,5625.558488,4759.321581
,,,,,,,,1036,17934865.97,5494.693377,4538.091868
,,,,,,,,1037,17808489.91,5406.063996,4317.817577
,,,,,,,,1038,18050338.82,5344.789362,4257.955419
,,,,,,,,1039,18616155.79,5463.071289,4205.275402
,,,,,,,,1040,19152529.48,5700.619915,4203.661068
,,,,,,,,1041,19697368.12,5905.452262,4317.026882
,,,,,,,,1042,20388319.02,6147.158809,4509.033847
,,,,,,,,1043,21230672.76,6491.172111,4623.157411
,,,,,,,,1044,22024951.16,6721.608502,4828.968583
,,,,,,,,1045,23031957.23,6972.177987,5068.977289
,,,,,,,,1046,23473744.39,7253.603628,5290.470568
,,,,,,,,1047,23597820.2,7247.476164,5505.111161
,,,,,,,,1048,23939178.19,7251.19641,5687.860412
,,,,,,,,1049,24963160.15,7287.632933,5716.984324
,,,,,,,,1050,26093321.93,7446.181048,5754.344636
,,,,,,,,1051,27132209.54,7662.50239,5908.727724
,,,,,,,,1052,27492935.69,8608.53897,6242.796122
,,,,,,,,1053,26618608.38,8731.197657,6594.358635
,,,,,,,,1054,25358344.13,8493.539612,6796.084552
,,,,,,,,1055,23901684.02,8183.993292,6626.645324
,,,,,,,,1056,22111302.77,7676.070345,6264.902621
,,,,,,,,1057,23907296.64,5539.336325,4430.055004
,,,,,,,,1058,22458300.98,5315.300945,4234.476736
,,,,,,,,1059,21777719.64,5063.002639,4045.423344
,,,,,,,,1060,21521839.17,4945.224039,3857.378088
,,,,,,,,1061,21370187.89,4865.457596,3670.14494
,,,,,,,,1062,21660406.59,4810.310426,3619.262106
,,,,,,,,1063,22339386.95,4916.76416,3574.484092
,,,,,,,,1064,22983035.38,5130.557923,3573.111908
,,,,,,,,1065,23636841.74,5314.907036,3669.47285
,,,,,,,,1066,24465982.82,5532.442928,3832.67877
,,,,,,,,1067,25476807.31,5842.0549,3929.683799
,,,,,,,,1068,26429941.39,6049.447652,4104.623295
,,,,,,,,1069,27638348.67,6274.960189,4308.630696
,,,,,,,,1070,28168493.27,6528.243265,4496.899982
,,,,,,,,1071,28317384.24,6522.728548,4679.344487
,,,,,,,,1072,28727013.83,6526.076769,4834.68135
,,,,,,,,1073,29955792.18,6558.86964,4859.436675
,,,,,,,,1074,31311986.31,6701.562944,4891.19294
,,,,,,,,1075,32558651.45,6896.252151,5022.418565
,,,,,,,,1076,32991522.83,7747.685073,5306.376704
,,,,,,,,1077,31942330.06,7858.077891,5605.20484
,,,,,,,,1078,30430012.96,7644.185651,5776.67187
,,,,,,,,1079,28682020.82,7365.593963,5632.648526
,,,,,,,,1080,26533563.32,6908.46331,5325.167228
,,,,,,,,1081,23907296.64,5539.336325,4430.055004
,,,,,,,,1082,22458300.98,5315.300945,4234.476736
,,,,,,,,1083,21777719.64,5063.002639,4045.423344
,,,,,,,,1084,21521839.17,4945.224039,3857.378088
,,,,,,,,1085,21370187.89,4865.457596,3670.14494
,,,,,,,,1086,21660406.59,4810.310426,3619.262106
,,,,,,,,1087,22339386.95,4916.76416,3574.484092
,,,,,,,,1088,22983035.38,5130.557923,3573.111908
,,,,,,,,1089,23636841.74,5314.907036,3669.47285
,,,,,,,,1090,24465982.82,5532.442928,3832.67877
,,,,,,,,1091,25476807.31,5842.0549,3929.683799
,,,,,,,,1092,26429941.39,6049.447652,4104.623295
,,,,,,,,1093,27638348.67,6274.960189,4308.630696
,,,,,,,,1094,28168493.27,6528.243265,4496.899982
,,,,,,,,1095,28317384.24,6522.728548,4679.344487
,,,,,,,,1096,28727013.83,6526.076769,4834.68135
,,,,,,,,1097,29955792.18,6558.86964,4859.436675
,,,,,,,,1098,31311986.31,6701.562944,4891.19294
,,,,,,,,1099,32558651.45,6896.252151,5022.418565
,,,,,,,,1100,32991522.83,7747.685073,5306.376704
,,,,,,,,1101,31942330.06,7858.077891,5605.20484
,,,,,,,,1102,30430012.96,7644.185651,5776.67187
,,,,,,,,1103,28682020.82,7365.593963,5632.648526
,,,,,,,,1104,26533563.32,6908.46331,5325.167228
,,,,,,,,1105,28688755.97,4985.402692,3765.546754
,,,,,,,,1106,26949961.18,4783.77085,3599.305226
,,,,,,,,1107,26133263.57,4556.702375,3438.609843
,,,,,,,,1108,25826207,4450.701636,3278.771375
,,,,,,,,1109,25644225.47,4378.911837,3119.623199
,,,,,,,,1110,25992487.9,4329.279383,3076.37279
,,,,,,,,1111,26807264.34,4425.087744,3038.311478
,,,,,,,,1112,27579642.46,4617.502131,3037.145121
,,,,,,,,1113,28364210.09,4783.416333,3119.051922
,,,,,,,,1114,29359179.38,4979.198636,3257.776955
,,,,,,,,1115,30572168.78,5257.84941,3340.231229
,,,,,,,,1116,31715929.67,5444.502887,3488.929801
,,,,,,,,1117,33166018.41,5647.46417,3662.336091
,,,,,,,,1118,33802191.93,5875.418938,3822.364985
,,,,,,,,1119,33980861.09,5870.455693,3977.442814
,,,,,,,,1120,34472416.59,5873.469092,4109.479148
,,,,,,,,1121,35946950.62,5902.982676,4130.521174
,,,,,,,,1122,37574383.57,6031.406649,4157.513999
,,,,,,,,1123,39070381.74,6206.626936,4269.05578
,,,,,,,,1124,39589827.39,6972.916566,4510.420198
,,,,,,,,1125,38330796.07,7072.270102,4764.424114
,,,,,,,,1126,36516015.55,6879.767086,4910.171089
,,,,,,,,1127,34418424.99,6629.034567,4787.751247
,,,,,,,,1128,31840275.98,6217.616979,4526.392144
,,,,,,,,1129,28688755.97,4985.402692,3765.546754
,,,,,,,,1130,26949961.18,4783.77085,3599.305226
,,,,,,,,1131,26133263.57,4556.702375,3438.609843
,,,,,,,,1132,25826207,4450.701636,3278.771375
,,,,,,,,1133,25644225.47,4378.911837,3119.623199
,,,,,,,,1134,25992487.9,4329.279383,3076.37279
,,,,,,,,1135,26807264.34,4425.087744,3038.311478
,,,,,,,,1136,27579642.46,4617.502131,3037.145121
,,,,,,,,1137,28364210.09,4783.416333,3119.051922
,,,,,,,,1138,29359179.38,4979.198636,3257.776955
,,,,,,,,1139,30572168.78,5257.84941,3340.231229
,,,,,,,,1140,31715929.67,5444.502887,3488.929801
,,,,,,,,1141,33166018.41,5647.46417,3662.336091
,,,,,,,,1142,33802191.93,5875.418938,3822.364985
,,,,,,,,1143,33980861.09,5870.455693,3977.442814
,,,,,,,,1144,34472416.59,5873.469092,4109.479148
,,,,,,,,1145,35946950.62,5902.982676,4130.521174
,,,,,,,,1146,37574383.57,6031.406649,4157.513999
,,,,,,,,1147,39070381.74,6206.626936,4269.05578
,,,,,,,,1148,39589827.39,6972.916566,4510.420198
,,,,,,,,1149,38330796.07,7072.270102,4764.424114
,,,,,,,,1150,36516015.55,6879.767086,4910.171089
,,,,,,,,1151,34418424.99,6629.034567,4787.751247
,,,,,,,,1152,31840275.98,6217.616979,4526.392144
,,,,,,,,1153,34426507.17,4486.862423,3200.714741
,,,,,,,,1154,32339953.42,4305.393765,3059.409442
,,,,,,,,1155,31359916.28,4101.032138,2922.818366
,,,,,,,,1156,30991448.4,4005.631472,2786.955668
,,,,,,,,1157,30773070.56,3941.020653,2651.679719
,,,,,,,,1158,31190985.48,3896.351445,2614.916872
,,,,,,,,1159,32168717.21,3982.57897,2582.564756
,,,,,,,,1160,33095570.95,4155.751918,2581.573353
,,,,,,,,1161,34037052.11,4305.074699,2651.194134
,,,,,,,,1162,35231015.26,4481.278772,2769.110412
,,,,,,,,1163,36686602.53,4732.064469,2839.196545
,,,,,,,,1164,38059115.6,4900.052598,2965.590331
,,,,,,,,1165,39799222.09,5082.717753,3112.985678
,,,,,,,,1166,40562630.31,5287.877044,3249.010237
,,,,,,,,1167,40777033.31,5283.410124,3380.826392
,,,,,,,,1168,41366899.91,5286.122183,3493.057275
,,,,,,,,1169,43136340.74,5312.684408,3510.942998
,,,,,,,,1170,45089260.29,5428.265984,3533.886899
,,,,,,,,1171,46884458.09,5585.964242,3628.697413
,,,,,,,,1172,47507792.87,6275.624909,3833.857169
,,,,,,,,1173,45996955.29,6365.043092,4049.760497
,,,,,,,,1174,43819218.66,6191.790377,4173.645426
,,,,,,,,1175,41302109.98,5966.13111,4069.58856
,,,,,,,,1176,38208331.18,5595.855281,3847.433322
,,,,,,,,1177,34426507.17,4486.862423,3200.714741
,,,,,,,,1178,32339953.42,4305.393765,3059.409442
,,,,,,,,1179,31359916.28,4101.032138,2922.818366
,,,,,,,,1180,30991448.4,4005.631472,2786.955668
,,,,,,,,1181,30773070.56,3941.020653,2651.679719
,,,,,,,,1182,31190985.48,3896.351445,2614.916872
,,,,,,,,1183,32168717.21,3982.57897,2582.564756
,,,,,,,,1184,33095570.95,4155.751918,2581.573353
,,,,,,,,1185,34037052.11,4305.074699,2651.194134
,,,,,,,,1186,35231015.26,4481.278772,2769.110412
,,,,,,,,1187,36686602.53,4732.064469,2839.196545
,,,,,,,,1188,38059115.6,4900.052598,2965.590331
,,,,,,,,1189,39799222.09,5082.717753,3112.985678
,,,,,,,,1190,40562630.31,5287.877044,3249.010237
,,,,,,,,1191,40777033.31,5283.410124,3380.826392
,,,,,,,,1192,41366899.91,5286.122183,3493.057275
,,,,,,,,1193,43136340.74,5312.684408,3510.942998
,,,,,,,,1194,45089260.29,5428.265984,3533.886899
,,,,,,,,1195,46884458.09,5585.964242,3628.697413
,,,,,,,,1196,47507792.87,6275.624909,3833.857169
,,,,,,,,1197,45996955.29,6365.043092,4049.760497
,,,,,,,,1198,43819218.66,6191.790377,4173.645426
,,,,,,,,1199,41302109.98,5966.13111,4069.58856
,,,,,,,,1200,38208331.18,5595.855281,3847.433322
,,,,,,,,1201,41311808.6,4038.176181,2720.60753
,,,,,,,,1202,38807944.1,3874.854389,2600.498026
,,,,,,,,1203,37631899.54,3690.928924,2484.395611
,,,,,,,,1204,37189738.08,3605.068325,2368.912318
,,,,,,,,1205,36927684.67,3546.918588,2253.927761
,,,,,,,,1206,37429182.58,3506.7163,2222.679341
,,,,,,,,1207,38602460.65,3584.321073,2195.180043
,,,,,,,,1208,39714685.14,3740.176726,2194.33735
,,,,,,,,1209,40844462.53,3874.567229,2253.515014
,,,,,,,,1210,42277218.31,4033.150895,2353.74385
,,,,,,,,1211,44023923.04,4258.858022,2413.317063
,,,,,,,,1212,45670938.72,4410.047338,2520.751781
,,,,,,,,1213,47759066.5,4574.445978,2646.037826
,,,,,,,,1214,48675156.37,4759.08934,2761.658702
,,,,,,,,1215,48932439.97,4755.069111,2873.702433
,,,,,,,,1216,49640279.9,4757.509964,2969.098684
,,,,,,,,1217,51763608.89,4781.415967,2984.301548
,,,,,,,,1218,54107112.34,4885.439386,3003.803864
,,,,,,,,1219,56261349.71,5027.367818,3084.392801
,,,,,,,,1220,57009351.44,5648.062418,3258.778593
,,,,,,,,1221,55196346.35,5728.538783,3442.296422
,,,,,,,,1222,52583062.39,5572.61134,3547.598612
,,,,,,,,1223,49562531.98,5369.517999,3459.150276
,,,,,,,,1224,45849997.42,5036.269753,3270.318324
,,,,,,,,1225,41311808.6,4038.176181,2720.60753
,,,,,,,,1226,38807944.1,3874.854389,2600.498026
,,,,,,,,1227,37631899.54,3690.928924,2484.395611
,,,,,,,,1228,37189738.08,3605.068325,2368.912318
,,,,,,,,1229,36927684.67,3546.918588,2253.927761
,,,,,,,,1230,37429182.58,3506.7163,2222.679341
,,,,,,,,1231,38602460.65,3584.321073,2195.180043
,,,,,,,,1232,39714685.14,3740.176726,2194.33735
,,,,,,,,1233,40844462.53,3874.567229,2253.515014
,,,,,,,,1234,42277218.31,4033.150895,2353.74385
,,,,,,,,1235,44023923.04,4258.858022,2413.317063
,,,,,,,,1236,45670938.72,4410.047338,2520.751781
,,,,,,,,1237,47759066.5,4574.445978,2646.037826
,,,,,,,,1238,48675156.37,4759.08934,2761.658702
,,,,,,,,1239,48932439.97,4755.069111,2873.702433
,,,,,,,,1240,49640279.9,4757.509964,2969.098684
,,,,,,,,1241,51763608.89,4781.415967,2984.301548
,,,,,,,,1242,54107112.34,4885.439386,3003.803864
,,,,,,,,1243,56261349.71,5027.367818,3084.392801
,,,,,,,,1244,57009351.44,5648.062418,3258.778593
,,,,,,,,1245,55196346.35,5728.538783,3442.296422
,,,,,,,,1246,52583062.39,5572.61134,3547.598612
,,,,,,,,1247,49562531.98,5369.517999,3459.150276
,,,,,,,,1248,45849997.42,5036.269753,3270.318324
,,,,,,,,1249,49574170.32,3634.358563,2312.5164
,,,,,,,,1250,46569532.92,3487.36895,2210.423322
,,,,,,,,1251,45158279.45,3321.836032,2111.73627
,,,,,,,,1252,44627685.69,3244.561492,2013.57547
,,,,,,,,1253,44313221.6,3192.226729,1915.838597
,,,,,,,,1254,44915019.1,3156.04467,1889.27744
,,,,,,,,1255,46322952.78,3225.888966,1865.903037
,,,,,,,,1256,47657622.17,3366.159053,1865.186748
,,,,,,,,1257,49013355.04,3487.110506,1915.487762
,,,,,,,,1258,50732661.97,3629.835805,2000.682272
,,,,,,,,1259,52828707.65,3832.97222,2051.319504
,,,,,,,,1260,54805126.46,3969.042605,2142.639014
,,,,,,,,1261,57310879.81,4117.00138,2249.132152
,,,,,,,,1262,58410187.65,4283.180406,2347.409896
,,,,,,,,1263,58718927.96,4279.5622,2442.647068
,,,,,,,,1264,59568335.88,4281.758968,2523.733882
,,,,,,,,1265,62116330.66,4303.274371,2536.656316
,,,,,,,,1266,64928534.81,4396.895447,2553.233285
,,,,,,,,1267,67513619.65,4524.631036,2621.733881
,,,,,,,,1268,68411221.73,5083.256176,2769.961804
,,,,,,,,1269,66235615.62,5155.684904,2925.951959
,,,,,,,,1270,63099674.87,5015.350206,3015.45882
,,,,,,,,1271,59475038.38,4832.566199,2940.277734
,,,,,,,,1272,55019996.9,4532.642778,2779.770575
,,,,,,,,1273,49574170.32,3634.358563,2312.5164
,,,,,,,,1274,46569532.92,3487.36895,2210.423322
,,,,,,,,1275,45158279.45,3321.836032,2111.73627
,,,,,,,,1276,44627685.69,3244.561492,2013.57547
,,,,,,,,1277,44313221.6,3192.226729,1915.838597
,,,,,,,,1278,44915019.1,3156.04467,1889.27744
,,,,,,,,1279,46322952.78,3225.888966,1865.903037
,,,,,,,,1280,47657622.17,3366.159053,1865.186748
,,,,,,,,1281,49013355.04,3487.110506,1915.487762
,,,,,,,,1282,50732661.97,3629.835805,2000.682272
,,,,,,,,1283,52828707.65,3832.97222,2051.319504
,,,,,,,,1284,54805126.46,3969.042605,2142.639014
,,,,,,,,1285,57310879.81,4117.00138,2249.132152
,,,,,,,,1286,58410187.65,4283.180406,2347.409896
,,,,,,,,1287,58718927.96,4279.5622,2442.647068
,,,,,,,,1288,59568335.88,4281.758968,2523.733882
,,,,,,,,1289,62116330.66,4303.274371,2536.656316
,,,,,,,,1290,64928534.81,4396.895447,2553.233285
,,,,,,,,1291,67513619.65,4524.631036,2621.733881
,,,,,,,,1292,68411221.73,5083.256176,2769.961804
,,,,,,,,1293,66235615.62,5155.684904,2925.951959
,,,,,,,,1294,63099674.87,5015.350206,3015.45882
,,,,,,,,1295,59475038.38,4832.566199,2940.277734
,,,,,,,,1296,55019996.9,4532.642778,2779.770575
,,,,,,,,1297,59489004.38,3270.922706,1965.63894
,,,,,,,,1298,55883439.5,3138.632055,1878.859823
,,,,,,,,1299,54189935.34,2989.652429,1794.975829
,,,,,,,,1300,53553222.83,2920.105343,1711.53915
,,,,,,,,1301,53175865.93,2873.004056,1628.462808
,,,,,,,,1302,53898022.92,2840.440203,1605.885824
,,,,,,,,1303,55587543.34,2903.300069,1586.017581
,,,,,,,,1304,57189146.6,3029.543148,1585.408736
,,,,,,,,1305,58816026.05,3138.399456,1628.164598
,,,,,,,,1306,60879194.37,3266.852225,1700.579931
,,,,,,,,1307,63394449.17,3449.674998,1743.621578
,,,,,,,,1308,65766151.75,3572.138344,1821.243162
,,,,,,,,1309,68773055.77,3705.301242,1911.762329
,,,,,,,,1310,70092225.18,3854.862365,1995.298412
,,,,,,,,1311,70462713.56,3851.60598,2076.250008
,,,,,,,,1312,71482003.05,3853.583071,2145.173799
,,,,,,,,1313,74539596.8,3872.946934,2156.157868
,,,,,,,,1314,77914241.78,3957.205903,2170.248292
,,,,,,,,1315,81016343.58,4072.167933,2228.473799
,,,,,,,,1316,82093466.08,4574.930559,2354.467534
,,,,,,,,1317,79482738.74,4640.116414,2487.059165
,,,,,,,,1318,75719609.84,4513.815185,2563.139997
,,,,,,,,1319,71370046.05,4349.309579,2499.236074
,,,,,,,,1320,66023996.28,4079.3785,2362.804989
,,,,,,,,1321,59489004.38,3270.922706,1965.63894
,,,,,,,,1322,55883439.5,3138.632055,1878.859823
,,,,,,,,1323,54189935.34,2989.652429,1794.975829
,,,,,,,,1324,53553222.83,2920.105343,1711.53915
,,,,,,,,1325,53175865.93,2873.004056,1628.462808
,,,,,,,,1326,53898022.92,2840.440203,1605.885824
,,,,,,,,1327,55587543.34,2903.300069,1586.017581
,,,,,,,,1328,57189146.6,3029.543148,1585.408736
,,,,,,,,1329,58816026.05,3138.399456,1628.164598
,,,,,,,,1330,60879194.37,3266.852225,1700.579931
,,,,,,,,1331,63394449.17,3449.674998,1743.621578
,,,,,,,,1332,65766151.75,3572.138344,1821.243162
,,,,,,,,1333,68773055.77,3705.301242,1911.762329
,,,,,,,,1334,70092225.18,3854.862365,1995.298412
,,,,,,,,1335,70462713.56,3851.60598,2076.250008
,,,,,,,,1336,71482003.05,3853.583071,2145.173799
,,,,,,,,1337,74539596.8,3872.946934,2156.157868
,,,,,,,,1338,77914241.78,3957.205903,2170.248292
,,,,,,,,1339,81016343.58,4072.167933,2228.473799
,,,,,,,,1340,82093466.08,4574.930559,2354.467534
,,,,,,,,1341,79482738.74,4640.116414,2487.059165
,,,,,,,,1342,75719609.84,4513.815185,2563.139997
,,,,,,,,1343,71370046.05,4349.309579,2499.236074
,,,,,,,,1344,66023996.28,4079.3785,2362.804989
,,,,,,,,1345,71386805.26,2943.830436,1670.793099
,,,,,,,,1346,67060127.41,2824.768849,1597.03085
,,,,,,,,1347,65027922.41,2690.687186,1525.729455
,,,,,,,,1348,64263867.4,2628.094809,1454.808277
,,,,,,,,1349,63811039.11,2585.70365,1384.193386
,,,,,,,,1350,64677627.5,2556.396183,1365.00295
,,,,,,,,1351,66705052,2612.970062,1348.114944
,,,,,,,,1352,68626975.92,2726.588833,1347.597425
,,,,,,,,1353,70579231.26,2824.55951,1383.939908
,,,,,,,,1354,73055033.24,2940.167002,1445.492942
,,,,,,,,1355,76073339.01,3104.707498,1482.078341
,,,,,,,,1356,78919382.11,3214.92451,1548.056688
,,,,,,,,1357,82527666.92,3334.771118,1624.99798
,,,,,,,,1358,84110670.21,3469.376129,1696.00365
,,,,,,,,1359,84555256.27,3466.445382,1764.812507
,,,,,,,,1360,85778403.66,3468.224764,1823.397729
,,,,,,,,1361,89447516.16,3485.65224,1832.734188
,,,,,,,,1362,93497090.13,3561.485312,1844.711048
,,,,,,,,1363,97219612.3,3664.951139,1894.202729
,,,,,,,,1364,98512159.29,4117.437503,2001.297404
,,,,,,,,1365,95379286.49,4176.104773,2114.00029
,,,,,,,,1366,90863531.81,4062.433667,2178.668998
,,,,,,,,1367,85644055.26,3914.378621,2124.350663
,,,,,,,,1368,79228795.54,3671.44065,2008.384241
,,,,,,,,1369,71386805.26,2943.830436,1670.793099
,,,,,,,,1370,67060127.41,2824.768849,1597.03085
,,,,,,,,1371,65027922.41,2690.687186,1525.729455
,,,,,,,,1372,64263867.4,2628.094809,1454.808277
,,,,,,,,1373,63811039.11,2585.70365,1384.193386
,,,,,,,,1374,64677627.5,2556.396183,1365.00295
,,,,,,,,1375,66705052,2612.970062,1348.114944
,,,,,,,,1376,68626975.92,2726.588833,1347.597425
,,,,,,,,1377,70579231.26,2824.55951,1383.939908
,,,,,,,,1378,73055033.24,2940.167002,1445.492942
,,,,,,,,1379,76073339.01,3104.707498,1482.078341
,,,,,,,,1380,78919382.11,3214.92451,1548.056688
,,,,,,,,1381,82527666.92,3334.771118,1624.99798
,,,,,,,,1382,84110670.21,3469.376129,1696.00365
,,,,,,,,1383,84555256.27,3466.445382,1764.812507
,,,,,,,,1384,85778403.66,3468.224764,1823.397729
,,,,,,,,1385,89447516.16,3485.65224,1832.734188
,,,,,,,,1386,93497090.13,3561.485312,1844.711048
,,,,,,,,1387,97219612.3,3664.951139,1894.202729
,,,,,,,,1388,98512159.29,4117.437503,2001.297404
,,,,,,,,1389,95379286.49,4176.104773,2114.00029
,,,,,,,,1390,90863531.81,4062.433667,2178.668998
,,,,,,,,1391,85644055.26,3914.378621,2124.350663
,,,,,,,,1392,79228795.54,3671.44065,2008.384241
,,,,,,,,1393,85664166.31,2649.447392,1420.174134
,,,,,,,,1394,80472152.89,2542.291964,1357.476222
,,,,,,,,1395,78033506.89,2421.618467,1296.870037
,,,,,,,,1396,77116640.88,2365.285328,1236.587036
,,,,,,,,1397,76573246.93,2327.133285,1176.564379
,,,,,,,,1398,77613153,2300.756565,1160.252508
,,,,,,,,1399,80046062.4,2351.673056,1145.897702
,,,,,,,,1400,82352371.11,2453.92995,1145.457811
,,,,,,,,1401,84695077.51,2542.103559,1176.348922
,,,,,,,,1402,87666039.89,2646.150302,1228.669
,,,,,,,,1403,91288006.81,2794.236748,1259.76659
,,,,,,,,1404,94703258.53,2893.432059,1315.848185
,,,,,,,,1405,99033200.3,3001.294006,1381.248283
,,,,,,,,1406,100932804.3,3122.438516,1441.603103
,,,,,,,,1407,101466307.5,3119.800844,1500.090631
,,,,,,,,1408,102934084.4,3121.402288,1549.88807
,,,,,,,,1409,107337019.4,3137.087016,1557.82406
,,,,,,,,1410,112196508.2,3205.336781,1568.004391
,,,,,,,,1411,116663534.8,3298.456025,1610.07232
,,,,,,,,1412,118214591.2,3705.693753,1701.102793
,,,,,,,,1413,114455143.8,3758.494295,1796.900247
,,,,,,,,1414,109036238.2,3656.1903,1851.868648
,,,,,,,,1415,102772866.3,3522.940759,1805.698064
,,,,,,,,1416,95074554.64,3304.296585,1707.126604
,,,,,,,,1417,85664166.31,2649.447392,1420.174134
,,,,,,,,1418,80472152.89,2542.291964,1357.476222
,,,,,,,,1419,78033506.89,2421.618467,1296.870037
,,,,,,,,1420,77116640.88,2365.285328,1236.587036
,,,,,,,,1421,76573246.93,2327.133285,1176.564379
,,,,,,,,1422,77613153,2300.756565,1160.252508
,,,,,,,,1423,80046062.4,2351.673056,1145.897702
,,,,,,,,1424,82352371.11,2453.92995,1145.457811
,,,,,,,,1425,84695077.51,2542.103559,1176.348922
,,,,,,,,1426,87666039.89,2646.150302,1228.669
,,,,,,,,1427,91288006.81,2794.236748,1259.76659
,,,,,,,,1428,94703258.53,2893.432059,1315.848185
,,,,,,,,1429,99033200.3,3001.294006,1381.248283
,,,,,,,,1430,100932804.3,3122.438516,1441.603103
,,,,,,,,1431,101466307.5,3119.800844,1500.090631
,,,,,,,,1432,102934084.4,3121.402288,1549.88807
,,,,,,,,1433,107337019.4,3137.087016,1557.82406
,,,,,,,,1434,112196508.2,3205.336781,1568.004391
,,,,,,,,1435,116663534.8,3298.456025,1610.07232
,,,,,,,,1436,118214591.2,3705.693753,1701.102793
,,,,,,,,1437,114455143.8,3758.494295,1796.900247
,,,,,,,,1438,109036238.2,3656.1903,1851.868648
,,,,,,,,1439,102772866.3,3522.940759,1805.698064
,,,,,,,,1440,95074554.64,3304.296585,1707.126604
,,,,,,,,1441,102796999.6,2384.502653,1207.148014
,,,,,,,,1442,96566583.46,2288.062768,1153.854789
,,,,,,,,1443,93640208.27,2179.45662,1102.339531
,,,,,,,,1444,92539969.05,2128.756795,1051.09898
,,,,,,,,1445,91887896.32,2094.419957,1000.079722
,,,,,,,,1446,93135783.6,2070.680908,986.2146315
,,,,,,,,1447,96055274.88,2116.50575,974.013047
,,,,,,,,1448,98822845.33,2208.536955,973.6391397
,,,,,,,,1449,101634093,2287.893203,999.8965835
,,,,,,,,1450,105199247.9,2381.535272,1044.36865
,,,,,,,,1451,109545608.2,2514.813074,1070.801602
,,,,,,,,1452,113643910.2,2604.088853,1118.470957
,,,,,,,,1453,118839840.4,2701.164605,1174.06104
,,,,,,,,1454,121119365.1,2810.194664,1225.362637
,,,,,,,,1455,121759569,2807.82076,1275.077036
,,,,,,,,1456,123520901.3,2809.262059,1317.404859
,,,,,,,,1457,128804423.3,2823.378315,1324.150451
,,,,,,,,1458,134635809.8,2884.803103,1332.803732
,,,,,,,,1459,139996241.7,2968.610423,1368.561472
,,,,,,,,1460,141857509.4,3335.124377,1445.937374
,,,,,,,,1461,137346172.5,3382.644866,1527.36521
,,,,,,,,1462,130843485.8,3290.57127,1574.088351
,,,,,,,,1463,123327439.6,3170.646683,1534.843354
,,,,,,,,1464,114089465.6,2973.866926,1451.057614
,,,,,,,,1465,102796999.6,2384.502653,1207.148014
,,,,,,,,1466,96566583.46,2288.062768,1153.854789
,,,,,,,,1467,93640208.27,2179.45662,1102.339531
,,,,,,,,1468,92539969.05,2128.756795,1051.09898
,,,,,,,,1469,91887896.32,2094.419957,1000.079722
,,,,,,,,1470,93135783.6,2070.680908,986.2146315
,,,,,,,,1471,96055274.88,2116.50575,974.013047
,,,,,,,,1472,98822845.33,2208.536955,973.6391397
,,,,,,,,1473,101634093,2287.893203,999.8965835
,,,,,,,,1474,105199247.9,2381.535272,1044.36865
,,,,,,,,1475,109545608.2,2514.813074,1070.801602
,,,,,,,,1476,113643910.2,2604.088853,1118.470957
,,,,,,,,1477,118839840.4,2701.164605,1174.06104
,,,,,,,,1478,121119365.1,2810.194664,1225.362637
,,,,,,,,1479,121759569,2807.82076,1275.077036
,,,,,,,,1480,123520901.3,2809.262059,1317.404859
,,,,,,,,1481,128804423.3,2823.378315,1324.150451
,,,,,,,,1482,134635809.8,2884.803103,1332.803732
,,,,,,,,1483,139996241.7,2968.610423,1368.561472
,,,,,,,,1484,141857509.4,3335.124377,1445.937374
,,,,,,,,1485,137346172.5,3382.644866,1527.36521
,,,,,,,,1486,130843485.8,3290.57127,1574.088351
,,,,,,,,1487,123327439.6,3170.646683,1534.843354
,,,,,,,,1488,114089465.6,2973.866926,1451.057614
,,,,,,,,1489,123356399.5,2146.052388,1026.075812
,,,,,,,,1490,115879900.2,2059.256491,980.7765707
,,,,,,,,1491,112368249.9,1961.510958,936.9886014
,,,,,,,,1492,111047962.9,1915.881116,893.4341333
,,,,,,,,1493,110265475.6,1884.977961,850.0677635
,,,,,,,,1494,111762940.3,1863.612817,838.2824368
,,,,,,,,1495,115266329.9,1904.855175,827.9110899
,,,,,,,,1496,118587414.4,1987.683259,827.5932688
,,,,,,,,1497,121960911.6,2059.103883,849.912096
,,,,,,,,1498,126239097.4,2143.381745,887.7133529
,,,,,,,,1499,131454729.8,2263.331766,910.1813614
,,,,,,,,1500,136372692.3,2343.679968,950.7003133
,,,,,,,,1501,142607808.4,2431.048145,997.9518844
,,,,,,,,1502,145343238.1,2529.175198,1041.558242
,,,,,,,,1503,146111482.8,2527.038684,1083.815481
,,,,,,,,1504,148225081.5,2528.335853,1119.794131
,,,,,,,,1505,154565307.9,2541.040483,1125.527883
,,,,,,,,1506,161562971.7,2596.322793,1132.883172
,,,,,,,,1507,167995490,2671.749381,1163.277251
,,,,,,,,1508,170229011.3,3001.61194,1229.046768
,,,,,,,,1509,164815407,3044.380379,1298.260428
,,,,,,,,1510,157012183,2961.514143,1337.975098
,,,,,,,,1511,147992927.5,2853.582015,1304.616851
,,,,,,,,1512,136907358.7,2676.480234,1233.398972
,,,,,,,,1513,123356399.5,2146.052388,1026.075812
,,,,,,,,1514,115879900.2,2059.256491,980.7765707
,,,,,,,,1515,112368249.9,1961.510958,936.9886014
,,,,,,,,1516,111047962.9,1915.881116,893.4341333
,,,,,,,,1517,110265475.6,1884.977961,850.0677635
,,,,,,,,1518,111762940.3,1863.612817,838.2824368
,,,,,,,,1519,115266329.9,1904.855175,827.9110899
,,,,,,,,1520,118587414.4,1987.683259,827.5932688
,,,,,,,,1521,121960911.6,2059.103883,849.912096
,,,,,,,,1522,126239097.4,2143.381745,887.7133529
,,,,,,,,1523,131454729.8,2263.331766,910.1813614
,,,,,,,,1524,136372692.3,2343.679968,950.7003133
,,,,,,,,1525,142607808.4,2431.048145,997.9518844
,,,,,,,,1526,145343238.1,2529.175198,1041.558242
,,,,,,,,1527,146111482.8,2527.038684,1083.815481
,,,,,,,,1528,148225081.5,2528.335853,1119.794131
,,,,,,,,1529,154565307.9,2541.040483,1125.527883
,,,,,,,,1530,161562971.7,2596.322793,1132.883172
,,,,,,,,1531,167995490,2671.749381,1163.277251
,,,,,,,,1532,170229011.3,3001.61194,1229.046768
,,,,,,,,1533,164815407,3044.380379,1298.260428
,,,,,,,,1534,157012183,2961.514143,1337.975098
,,,,,,,,1535,147992927.5,2853.582015,1304.616851
,,,,,,,,1536,136907358.7,2676.480234,1233.398972
,,,,,,,,1537,148027679.4,1931.447149,872.1644402
,,,,,,,,1538,139055880.2,1853.330842,833.6600851
,,,,,,,,1539,134841899.9,1765.359863,796.4403112
,,,,,,,,1540,133257555.4,1724.293004,759.4190133
,,,,,,,,1541,132318570.7,1696.480165,722.557599
,,,,,,,,1542,134115528.4,1677.251536,712.5400713
,,,,,,,,1543,138319595.8,1714.369658,703.7244264
,,,,,,,,1544,142304897.3,1788.914934,703.4542785
,,,,,,,,1545,146353093.9,1853.193495,722.4252816
,,,,,,,,1546,151486916.9,1929.04357,754.5563499
,,,,,,,,1547,157745675.8,2036.99859,773.6541572
,,,,,,,,1548,163647230.7,2109.311971,808.0952663
,,,,,,,,1549,171129370.1,2187.94333,848.2591018
,,,,,,,,1550,174411885.8,2276.257678,885.3245054
,,,,,,,,1551,175333779.4,2274.334815,921.2431585
,,,,,,,,1552,177870097.8,2275.502268,951.825011
,,,,,,,,1553,185478369.5,2286.936435,956.6987008
,,,,,,,,1554,193875566.1,2336.690513,962.9506966
,,,,,,,,1555,201594588.1,2404.574443,988.7856634
,,,,,,,,1556,204274813.5,2701.450746,1044.689753
,,,,,,,,1557,197778488.5,2739.942341,1103.521364
,,,,,,,,1558,188414619.6,2665.362729,1137.278833
,,,,,,,,1559,177591513,2568.223813,1108.924323
,,,,,,,,1560,164288830.4,2408.83221,1048.389126
,,,,,,,,1561,148027679.4,1931.447149,872.1644402
,,,,,,,,1562,139055880.2,1853.330842,833.6600851
,,,,,,,,1563,134841899.9,1765.359863,796.4403112
,,,,,,,,1564,133257555.4,1724.293004,759.4190133
,,,,,,,,1565,132318570.7,1696.480165,722.557599
,,,,,,,,1566,134115528.4,1677.251536,712.5400713
,,,,,,,,1567,138319595.8,1714.369658,703.7244264
,,,,,,,,1568,142304897.3,1788.914934,703.4542785
,,,,,,,,1569,146353093.9,1853.193495,722.4252816
,,,,,,,,1570,151486916.9,1929.04357,754.5563499
,,,,,,,,1571,157745675.8,2036.99859,773.6541572
,,,,,,,,1572,163647230.7,2109.311971,808.0952663
,,,,,,,,1573,171129370.1,2187.94333,848.2591018
,,,,,,,,1574,174411885.8,2276.257678,885.3245054
,,,,,,,,1575,175333779.4,2274.334815,921.2431585
,,,,,,,,1576,177870097.8,2275.502268,951.825011
,,,,,,,,1577,185478369.5,2286.936435,956.6987008
,,,,,,,,1578,193875566.1,2336.690513,962.9506966
,,,,,,,,1579,201594588.1,2404.574443,988.7856634
,,,,,,,,1580,204274813.5,2701.450746,1044.689753
,,,,,,,,1581,197778488.5,2739.942341,1103.521364
,,,,,,,,1582,188414619.6,2665.362729,1137.278833
,,,,,,,,1583,177591513,2568.223813,1108.924323
,,,,,,,,1584,164288830.4,2408.83221,1048.389126
,,,,,,,,1585,177633215.3,1738.302434,741.3397742
,,,,,,,,1586,166867056.2,1667.997758,708.6110723
,,,,,,,,1587,161810279.9,1588.823876,676.9742645
,,,,,,,,1588,159909066.5,1551.863704,645.5061613
,,,,,,,,1589,158782284.8,1526.832149,614.1739591
,,,,,,,,1590,160938634.1,1509.526382,605.6590606
,,,,,,,,1591,165983515,1542.932692,598.1657625
,,,,,,,,1592,170765876.7,1610.02344,597.9361367
,,,,,,,,1593,175623712.7,1667.874145,614.0614893
,,,,,,,,1594,181784300.3,1736.139213,641.3728974
,,,,,,,,1595,189294810.9,1833.298731,657.6060336
,,,,,,,,1596,196376676.9,1898.380774,686.8809764
,,,,,,,,1597,205355244.1,1969.148997,721.0202365
,,,,,,,,1598,209294262.9,2048.63191,752.5258296
,,,,,,,,1599,210400535.3,2046.901334,783.0566847
,,,,,,,,1600,213444117.4,2047.952041,809.0512593
,,,,,,,,1601,222574043.4,2058.242791,813.1938957
,,,,,,,,1602,232650679.3,2103.021462,818.5080921
,,,,,,,,1603,241913505.7,2164.116998,840.4678139
,,,,,,,,1604,245129776.2,2431.305671,887.9862899
,,,,,,,,1605,237334186.2,2465.948107,937.9931594
,,,,,,,,1606,226097543.5,2398.826456,966.6870084
,,,,,,,,1607,213109815.6,2311.401432,942.5856749
,,,,,,,,1608,197146596.5,2167.948989,891.1307571
,,,,,,,,1609,177633215.3,1738.302434,741.3397742
,,,,,,,,1610,166867056.2,1667.997758,708.6110723
,,,,,,,,1611,161810279.9,1588.823876,676.9742645
,,,,,,,,1612,159909066.5,1551.863704,645.5061613
,,,,,,,,1613,158782284.8,1526.832149,614.1739591
,,,,,,,,1614,160938634.1,1509.526382,605.6590606
,,,,,,,,1615,165983515,1542.932692,598.1657625
,,,,,,,,1616,170765876.7,1610.02344,597.9361367
,,,,,,,,1617,175623712.7,1667.874145,614.0614893
,,,,,,,,1618,181784300.3,1736.139213,641.3728974
,,,,,,,,1619,189294810.9,1833.298731,657.6060336
,,,,,,,,1620,196376676.9,1898.380774,686.8809764
,,,,,,,,1621,205355244.1,1969.148997,721.0202365
,,,,,,,,1622,209294262.9,2048.63191,752.5258296
,,,,,,,,1623,210400535.3,2046.901334,783.0566847
,,,,,,,,1624,213444117.4,2047.952041,809.0512593
,,,,,,,,1625,222574043.4,2058.242791,813.1938957
,,,,,,,,1626,232650679.3,2103.021462,818.5080921
,,,,,,,,1627,241913505.7,2164.116998,840.4678139
,,,,,,,,1628,245129776.2,2431.305671,887.9862899
,,,,,,,,1629,237334186.2,2465.948107,937.9931594
,,,,,,,,1630,226097543.5,2398.826456,966.6870084
,,,,,,,,1631,213109815.6,2311.401432,942.5856749
,,,,,,,,1632,197146596.5,2167.948989,891.1307571
,,,,,,,,1633,213159858.3,1564.472191,630.138808
,,,,,,,,1634,200240467.5,1501.197982,602.3194115
,,,,,,,,1635,194172335.9,1429.941489,575.4281248
,,,,,,,,1636,191890879.8,1396.677333,548.6802371
,,,,,,,,1637,190538741.8,1374.148934,522.0478652
,,,,,,,,1638,193126360.9,1358.573744,514.8102015
,,,,,,,,1639,199180218,1388.639423,508.4408981
,,,,,,,,1640,204919052.1,1449.021096,508.2457162
,,,,,,,,1641,210748455.3,1501.086731,521.9522659
,,,,,,,,1642,218141160.4,1562.525292,545.1669628
,,,,,,,,1643,227153773.1,1649.968858,558.9651286
,,,,,,,,1644,235652012.3,1708.542696,583.8488299
,,,,,,,,1645,246426293,1772.234098,612.867201
,,,,,,,,1646,251153115.5,1843.768719,639.6469552
,,,,,,,,1647,252480642.3,1842.2112,665.598182
,,,,,,,,1648,256132940.9,1843.156837,687.6935704
,,,,,,,,1649,267088852.1,1852.418512,691.2148113
,,,,,,,,1650,279180815.2,1892.719316,695.7318783
,,,,,,,,1651,290296206.8,1947.705298,714.3976418
,,,,,,,,1652,294155731.5,2188.175104,754.7883464
,,,,,,,,1653,284801023.4,2219.353296,797.2941855
,,,,,,,,1654,271317052.2,2158.94381,821.6839571
,,,,,,,,1655,255731778.7,2080.261289,801.1978236
,,,,,,,,1656,236575915.8,1951.15409,757.4611435
,,,,,,,,1657,213159858.3,1564.472191,630.138808
,,,,,,,,1658,200240467.5,1501.197982,602.3194115
,,,,,,,,1659,194172335.9,1429.941489,575.4281248
,,,,,,,,1660,191890879.8,1396.677333,548.6802371
,,,,,,,,1661,190538741.8,1374.148934,522.0478652
,,,,,,,,1662,193126360.9,1358.573744,514.8102015
,,,,,,,,1663,199180218,1388.639423,508.4408981
,,,,,,,,1664,204919052.1,1449.021096,508.2457162
,,,,,,,,1665,210748455.3,1501.086731,521.9522659
,,,,,,,,1666,218141160.4,1562.525292,545.1669628
,,,,,,,,1667,227153773.1,1649.968858,558.9651286
,,,,,,,,1668,235652012.3,1708.542696,583.8488299
,,,,,,,,1669,246426293,1772.234098,612.867201
,,,,,,,,1670,251153115.5,1843.768719,639.6469552
,,,,,,,,1671,252480642.3,1842.2112,665.598182
,,,,,,,,1672,256132940.9,1843.156837,687.6935704
,,,,,,,,1673,267088852.1,1852.418512,691.2148113
,,,,,,,,1674,279180815.2,1892.719316,695.7318783
,,,,,,,,1675,290296206.8,1947.705298,714.3976418
,,,,,,,,1676,294155731.5,2188.175104,754.7883464
,,,,,,,,1677,284801023.4,2219.353296,797.2941855
,,,,,,,,1678,271317052.2,2158.94381,821.6839571
,,,,,,,,1679,255731778.7,2080.261289,801.1978236
,,,,,,,,1680,236575915.8,1951.15409,757.4611435