Time_Index,CT_NG,ME_NG,MA_NG,None
0,0.05306,0.05306,0.05306,0
1,5.45,5.45,5.28,0
2,5.45,5.45,5.28,0
3,4.09,4.09,3.98,0
4,4.09,4.09,3.98,0
5,3.14,3.14,3.69,0
6,3.14,3.14,3.69,0
7,2.13,2.13,3.18,0
8,2.13,2.13,3.18,0
9,2.13,2.13,3.18,0
10,2.13,2.13,3.18,0
11,1.82,1.82,2.23,0
12,1.82,1.82,2.23,0
13,1.82,1.82,2.23,0
14,1.82,1.82,2.23,0
15,1.75,1.75,2.11,0
16,1.75,1.75,2.11,0
17,1.75,1.75,2.11,0
18,1.63,1.63,1.81,0
19,1.63,1.63,1.81,0
20,1.63,1.63,1.81,0
21,2.78,2.78,2.74,0
22,2.78,2.78,2.74,0
23,3.78,3.78,4.28,0
24,3.78,3.78,4.28,0
25,5.45,5.45,5.28,0
26,5.45,5.45,5.28,0
27,4.09,4.09,3.98,0
28,4.09,4.09,3.98,0
29,3.14,3.14,3.69,0
30,3.14,3.14,3.69,0
31,2.13,2.13,3.18,0
32,2.13,2.13,3.18,0
33,2.13,2.13,3.18,0
34,2.13,2.13,3.18,0
35,1.82,1.82,2.23,0
36,1.82,1.82,2.23,0
37,1.82,1.82,2.23,0
38,1.82,1.82,2.23,0
39,1.75,1.75,2.11,0
40,1.75,1.75,2.11,0
41,1.75,1.75,2.11,0
42,1.63,1.63,1.81,0
43,1.63,1.63,1.81,0
44,1.63,1.63,1.81,0
45,2.78,2.78,2.74,0
46,2.78,2.78,2.74,0
47,3.78,3.78,4.28,0
48,3.78,3.78,4.28,0
49,5.45,5.45,5.28,0
50,5.45,5.45,5.28,0
51,4.09,4.09,3.98,0
52,4.09,4.09,3.98,0
53,3.14,3.14,3.69,0
54,3.14,3.14,3.69,0
55,2.13,2.13,3.18,0
56,2.13,2.13,3.18,0
57,2.13,2.13,3.18,0
58,2.13,2.13,3.18,0
59,1.82,1.82,2.23,0
60,1.82,1.82,2.23,0
61,1.82,1.82,2.23,0
62,1.82,1.82,2.23,0
63,1.75,1.75,2.11,0
64,1.75,1.75,2.11,0
65,1.75,1.75,2.11,0
66,1.63,1.63,1.81,0
67,1.63,1.63,1.81,0
68,1.63,1.63,1.81,0
69,2.78,2.78,2.74,0
70,2.78,2.78,2.74,0
71,3.78,3.78,4.28,0
72,3.78,3.78,4.28,0
73,5.45,5.45,5.28,0
74,5.45,5.45,5.28,0
75,4.09,4.09,3.98,0
76,4.09,4.09,3.98,0
77,3.14,3.14,3.69,0
78,3.14,3.14,3.69,0
79,2.13,2.13,3.18,0
80,2.13,2.13,3.18,0
81,2.13,2.13,3.18,0
82,2.13,2.13,3.18,0
83,1.82,1.82,2.23,0
84,1.82,1.82,2.23,0
85,1.82,1.82,2.23,0
86,1.82,1.82,2.23,0
87,1.75,1.75,2.11,0
88,1.75,1.75,2.11,0
89,1.75,1.75,2.11,0
90,1.63,1.63,1.81,0
91,1.63,1.63,1.81,0
92,1.63,1.63,1.81,0
93,2.78,2.78,2.74,0
94,2.78,2.78,2.74,0
95,3.78,3.78,4.28,0
96,3.78,3.78,4.28,0
97,5.45,5.45,5.28,0
98,5.45,5.45,5.28,0
99,4.09,4.09,3.98,0
100,4.09,4.09,3.98,0
101,3.14,3.14,3.69,0
102,3.14,3.14,3.69,0
103,2.13,2.13,3.18,0
104,2.13,2.13,3.18,0
105,2.13,2.13,3.18,0
106,2.13,2.13,3.18,0
107,1.82,1.82,2.23,0
108,1.82,1.82,2.23,0
109,1.82,1.82,2.23,0
110,1.82,1.82,2.23,0
111,1.75,1.75,2.11,0
112,1.75,1.75,2.11,0
113,1.75,1.75,2.11,0
114,1.63,1.63,1.81,0
115,1.63,1.63,1.81,0
116,1.63,1.63,1.81,0
117,2.78,2.78,2.74,0
118,2.78,2.78,2.74,0
119,3.78,3.78,4.28,0
120,3.78,3.78,4.28,0
121,5.45,5.45,5.28,0
122,5.45,5.45,5.28,0
123,4.09,4.09,3.98,0
124,4.09,4.09,3.98,0
125,3.14,3.14,3.69,0
126,3.14,3.14,3.69,0
127,2.13,2.13,3.18,0
128,2.13,2.13,3.18,0
129,2.13,2.13,3.18,0
130,2.13,2.13,3.18,0
131,1.82,1.82,2.23,0
132,1.82,1.82,2.23,0
133,1.82,1.82,2.23,0
134,1.82,1.82,2.23,0
135,1.75,1.75,2.11,0
136,1.75,1.75,2.11,0
137,1.75,1.75,2.11,0
138,1.63,1.63,1.81,0
139,1.63,1.63,1.81,0
140,1.63,1.63,1.81,0
141,2.78,2.78,2.74,0
142,2.78,2.78,2.74,0
143,3.78,3.78,4.28,0
144,3.78,3.78,4.28,0
145,5.45,5.45,5.28,0
146,5.45,5.45,5.28,0
147,4.09,4.09,3.98,0
148,4.09,4.09,3.98,0
149,3.14,3.14,3.69,0
150,3.14,3.14,3.69,0
151,2.13,2.13,3.18,0
152,2.13,2.13,3.18,0
153,2.13,2.13,3.18,0
154,2.13,2.13,3.18,0
155,1.82,1.82,2.23,0
156,1.82,1.82,2.23,0
157,1.82,1.82,2.23,0
158,1.82,1.82,2.23,0
159,1.75,1.75,2.11,0
160,1.75,1.75,2.11,0
161,1.75,1.75,2.11,0
162,1.63,1.63,1.81,0
163,1.63,1.63,1.81,0
164,1.63,1.63,1.81,0
165,2.78,2.78,2.74,0
166,2.78,2.78,2.74,0
167,3.78,3.78,4.28,0
168,3.78,3.78,4.28,0
169,5.45,5.45,5.28,0
170,5.45,5.45,5.28,0
171,4.09,4.09,3.98,0
172,4.09,4.09,3.98,0
173,3.14,3.14,3.69,0
174,3.14,3.14,3.69,0
175,2.13,2.13,3.18,0
176,2.13,2.13,3.18,0
177,2.13,2.13,3.18,0
178,2.13,2.13,3.18,0
179,1.82,1.82,2.23,0
180,1.82,1.82,2.23,0
181,1.82,1.82,2.23,0
182,1.82,1.82,2.23,0
183,1.75,1.75,2.11,0
184,1.75,1.75,2.11,0
185,1.75,1.75,2.11,0
186,1.63,1.63,1.81,0
187,1.63,1.63,1.81,0
188,1.63,1.63,1.81,0
189,2.78,2.78,2.74,0
190,2.78,2.78,2.74,0
191,3.78,3.78,4.28,0
192,3.78,3.78,4.28,0
193,5.45,5.45,5.28,0
194,5.45,5.45,5.28,0
195,4.09,4.09,3.98,0
196,4.09,4.09,3.98,0
197,3.14,3.14,3.69,0
198,3.14,3.14,3.69,0
199,2.13,2.13,3.18,0
200,2.13,2.13,3.18,0
201,2.13,2.13,3.18,0
202,2.13,2.13,3.18,0
203,1.82,1.82,2.23,0
204,1.82,1.82,2.23,0
205,1.82,1.82,2.23,0
206,1.82,1.82,2.23,0
207,1.75,1.75,2.11,0
208,1.75,1.75,2.11,0
209,1.75,1.75,2.11,0
210,1.63,1.63,1.81,0
211,1.63,1.63,1.81,0
212,1.63,1.63,1.81,0
213,2.78,2.78,2.74,0
214,2.78,2.78,2.74,0
215,3.78,3.78,4.28,0
216,3.78,3.78,4.28,0
217,5.45,5.45,5.28,0
218,5.45,5.45,5.28,0
219,4.09,4.09,3.98,0
220,4.09,4.09,3.98,0
221,3.14,3.14,3.69,0
222,3.14,3.14,3.69,0
223,2.13,2.13,3.18,0
224,2.13,2.13,3.18,0
225,2.13,2.13,3.18,0
226,2.13,2.13,3.18,0
227,1.82,1.82,2.23,0
228,1.82,1.82,2.23,0
229,1.82,1.82,2.23,0
230,1.82,1.82,2.23,0
231,1.75,1.75,2.11,0
232,1.75,1.75,2.11,0
233,1.75,1.75,2.11,0
234,1.63,1.63,1.81,0
235,1.63,1.63,1.81,0
236,1.63,1.63,1.81,0
237,2.78,2.78,2.74,0
238,2.78,2.78,2.74,0
239,3.78,3.78,4.28,0
240,3.78,3.78,4.28,0
241,5.45,5.45,5.28,0
242,5.45,5.45,5.28,0
243,4.09,4.09,3.98,0
244,4.09,4.09,3.98,0
245,3.14,3.14,3.69,0
246,3.14,3.14,3.69,0
247,2.13,2.13,3.18,0
248,2.13,2.13,3.18,0
249,2.13,2.13,3.18,0
250,2.13,2.13,3.18,0
251,1.82,1.82,2.23,0
252,1.82,1.82,2.23,0
253,1.82,1.82,2.23,0
254,1.82,1.82,2.23,0
255,1.75,1.75,2.11,0
256,1.75,1.75,2.11,0
257,1.75,1.75,2.11,0
258,1.63,1.63,1.81,0
259,1.63,1.63,1.81,0
260,1.63,1.63,1.81,0
261,2.78,2.78,2.74,0
262,2.78,2.78,2.74,0
263,3.78,3.78,4.28,0
264,3.78,3.78,4.28,0
265,5.45,5.45,5.28,0
266,5.45,5.45,5.28,0
267,4.09,4.09,3.98,0
268,4.09,4.09,3.98,0
269,3.14,3.14,3.69,0
270,3.14,3.14,3.69,0
271,2.13,2.13,3.18,0
272,2.13,2.13,3.18,0
273,2.13,2.13,3.18,0
274,2.13,2.13,3.18,0
275,1.82,1.82,2.23,0
276,1.82,1.82,2.23,0
277,1.82,1.82,2.23,0
278,1.82,1.82,2.23,0
279,1.75,1.75,2.11,0
280,1.75,1.75,2.11,0
281,1.75,1.75,2.11,0
282,1.63,1.63,1.81,0
283,1.63,1.63,1.81,0
284,1.63,1.63,1.81,0
285,2.78,2.78,2.74,0
286,2.78,2.78,2.74,0
287,3.78,3.78,4.28,0
288,3.78,3.78,4.28,0
289,5.45,5.45,5.28,0
290,5.45,5.45,5.28,0
291,4.09,4.09,3.98,0
292,4.09,4.09,3.98,0
293,3.14,3.14,3.69,0
294,3.14,3.14,3.69,0
295,2.13,2.13,3.18,0
296,2.13,2.13,3.18,0
297,2.13,2.13,3.18,0
298,2.13,2.13,3.18,0
299,1.82,1.82,2.23,0
300,1.82,1.82,2.23,0
301,1.82,1.82,2.23,0
302,1.82,1.82,2.23,0
303,1.75,1.75,2.11,0
304,1.75,1.75,2.11,0
305,1.75,1.75,2.11,0
306,1.63,1.63,1.81,0
307,1.63,1.63,1.81,0
308,1.63,1.63,1.81,0
309,2.78,2.78,2.74,0
310,2.78,2.78,2.74,0
311,3.78,3.78,4.28,0
312,3.78,3.78,4.28,0
313,5.45,5.45,5.28,0
314,5.45,5.45,5.28,0
315,4.09,4.09,3.98,0
316,4.09,4.09,3.98,0
317,3.14,3.14,3.69,0
318,3.14,3.14,3.69,0
319,2.13,2.13,3.18,0
320,2.13,2.13,3.18,0
321,2.13,2.13,3.18,0
322,2.13,2.13,3.18,0
323,1.82,1.82,2.23,0
324,1.82,1.82,2.23,0
325,1.82,1.82,2.23,0
326,1.82,1.82,2.23,0
327,1.75,1.75,2.11,0
328,1.75,1.75,2.11,0
329,1.75,1.75,2.11,0
330,1.63,1.63,1.81,0
331,1.63,1.63,1.81,0
332,1.63,1.63,1.81,0
333,2.78,2.78,2.74,0
334,2.78,2.78,2.74,0
335,3.78,3.78,4.28,0
336,3.78,3.78,4.28,0
337,5.45,5.45,5.28,0
338,5.45,5.45,5.28,0
339,4.09,4.09,3.98,0
340,4.09,4.09,3.98,0
341,3.14,3.14,3.69,0
342,3.14,3.14,3.69,0
343,2.13,2.13,3.18,0
344,2.13,2.13,3.18,0
345,2.13,2.13,3.18,0
346,2.13,2.13,3.18,0
347,1.82,1.82,2.23,0
348,1.82,1.82,2.23,0
349,1.82,1.82,2.23,0
350,1.82,1.82,2.23,0
351,1.75,1.75,2.11,0
352,1.75,1.75,2.11,0
353,1.75,1.75,2.11,0
354,1.63,1.63,1.81,0
355,1.63,1.63,1.81,0
356,1.63,1.63,1.81,0
357,2.78,2.78,2.74,0
358,2.78,2.78,2.74,0
359,3.78,3.78,4.28,0
360,3.78,3.78,4.28,0
361,5.45,5.45,5.28,0
362,5.45,5.45,5.28,0
363,4.09,4.09,3.98,0
364,4.09,4.09,3.98,0
365,3.14,3.14,3.69,0
366,3.14,3.14,3.69,0
367,2.13,2.13,3.18,0
368,2.13,2.13,3.18,0
369,2.13,2.13,3.18,0
370,2.13,2.13,3.18,0
371,1.82,1.82,2.23,0
372,1.82,1.82,2.23,0
373,1.82,1.82,2.23,0
374,1.82,1.82,2.23,0
375,1.75,1.75,2.11,0
376,1.75,1.75,2.11,0
377,1.75,1.75,2.11,0
378,1.63,1.63,1.81,0
379,1.63,1.63,1.81,0
380,1.63,1.63,1.81,0
381,2.78,2.78,2.74,0
382,2.78,2.78,2.74,0
383,3.78,3.78,4.28,0
384,3.78,3.78,4.28,0
385,5.45,5.45,5.28,0
386,5.45,5.45,5.28,0
387,4.09,4.09,3.98,0
388,4.09,4.09,3.98,0
389,3.14,3.14,3.69,0
390,3.14,3.14,3.69,0
391,2.13,2.13,3.18,0
392,2.13,2.13,3.18,0
393,2.13,2.13,3.18,0
394,2.13,2.13,3.18,0
395,1.82,1.82,2.23,0
396,1.82,1.82,2.23,0
397,1.82,1.82,2.23,0
398,1.82,1.82,2.23,0
399,1.75,1.75,2.11,0
400,1.75,1.75,2.11,0
401,1.75,1.75,2.11,0
402,1.63,1.63,1.81,0
403,1.63,1.63,1.81,0
404,1.63,1.63,1.81,0
405,2.78,2.78,2.74,0
406,2.78,2.78,2.74,0
407,3.78,3.78,4.28,0
408,3.78,3.78,4.28,0
409,5.45,5.45,5.28,0
410,5.45,5.45,5.28,0
411,4.09,4.09,3.98,0
412,4.09,4.09,3.98,0
413,3.14,3.14,3.69,0
414,3.14,3.14,3.69,0
415,2.13,2.13,3.18,0
416,2.13,2.13,3.18,0
417,2.13,2.13,3.18,0
418,2.13,2.13,3.18,0
419,1.82,1.82,2.23,0
420,1.82,1.82,2.23,0
421,1.82,1.82,2.23,0
422,1.82,1.82,2.23,0
423,1.75,1.75,2.11,0
424,1.75,1.75,2.11,0
425,1.75,1.75,2.11,0
426,1.63,1.63,1.81,0
427,1.63,1.63,1.81,0
428,1.63,1.63,1.81,0
429,2.78,2.78,2.74,0
430,2.78,2.78,2.74,0
431,3.78,3.78,4.28,0
432,3.78,3.78,4.28,0
433,5.45,5.45,5.28,0
434,5.45,5.45,5.28,0
435,4.09,4.09,3.98,0
436,4.09,4.09,3.98,0
437,3.14,3.14,3.69,0
438,3.14,3.14,3.69,0
439,2.13,2.13,3.18,0
440,2.13,2.13,3.18,0
441,2.13,2.13,3.18,0
442,2.13,2.13,3.18,0
443,1.82,1.82,2.23,0
444,1.82,1.82,2.23,0
445,1.82,1.82,2.23,0
446,1.82,1.82,2.23,0
447,1.75,1.75,2.11,0
448,1.75,1.75,2.11,0
449,1.75,1.75,2.11,0
450,1.63,1.63,1.81,0
451,1.63,1.63,1.81,0
452,1.63,1.63,1.81,0
453,2.78,2.78,2.74,0
454,2.78,2.78,2.74,0
455,3.78,3.78,4.28,0
456,3.78,3.78,4.28,0
457,5.45,5.45,5.28,0
458,5.45,5.45,5.28,0
459,4.09,4.09,3.98,0
460,4.09,4.09,3.98,0
461,3.14,3.14,3.69,0
462,3.14,3.14,3.69,0
463,2.13,2.13,3.18,0
464,2.13,2.13,3.18,0
465,2.13,2.13,3.18,0
466,2.13,2.13,3.18,0
467,1.82,1.82,2.23,0
468,1.82,1.82,2.23,0
469,1.82,1.82,2.23,0
470,1.82,1.82,2.23,0
471,1.75,1.75,2.11,0
472,1.75,1.75,2.11,0
473,1.75,1.75,2.11,0
474,1.63,1.63,1.81,0
475,1.63,1.63,1.81,0
476,1.63,1.63,1.81,0
477,2.78,2.78,2.74,0
478,2.78,2.78,2.74,0
479,3.78,3.78,4.28,0
480,3.78,3.78,4.28,0
481,5.45,5.45,5.28,0
482,5.45,5.45,5.28,0
483,4.09,4.09,3.98,0
484,4.09,4.09,3.98,0
485,3.14,3.14,3.69,0
486,3.14,3.14,3.69,0
487,2.13,2.13,3.18,0
488,2.13,2.13,3.18,0
489,2.13,2.13,3.18,0
490,2.13,2.13,3.18,0
491,1.82,1.82,2.23,0
492,1.82,1.82,2.23,0
493,1.82,1.82,2.23,0
494,1.82,1.82,2.23,0
495,1.75,1.75,2.11,0
496,1.75,1.75,2.11,0
497,1.75,1.75,2.11,0
498,1.63,1.63,1.81,0
499,1.63,1.63,1.81,0
500,1.63,1.63,1.81,0
501,2.78,2.78,2.74,0
502,2.78,2.78,2.74,0
503,3.78,3.78,4.28,0
504,3.78,3.78,4.28,0
505,5.45,5.45,5.28,0
506,5.45,5.45,5.28,0
507,4.09,4.09,3.98,0
508,4.09,4.09,3.98,0
509,3.14,3.14,3.69,0
510,3.14,3.14,3.69,0
511,2.13,2.13,3.18,0
512,2.13,2.13,3.18,0
513,2.13,2.13,3.18,0
514,2.13,2.13,3.18,0
515,1.82,1.82,2.23,0
516,1.82,1.82,2.23,0
517,1.82,1.82,2.23,0
518,1.82,1.82,2.23,0
519,1.75,1.75,2.11,0
520,1.75,1.75,2.11,0
521,1.75,1.75,2.11,0
522,1.63,1.63,1.81,0
523,1.63,1.63,1.81,0
524,1.63,1.63,1.81,0
525,2.78,2.78,2.74,0
526,2.78,2.78,2.74,0
527,3.78,3.78,4.28,0
528,3.78,3.78,4.28,0
529,5.45,5.45,5.28,0
530,5.45,5.45,5.28,0
531,4.09,4.09,3.98,0
532,4.09,4.09,3.98,0
533,3.14,3.14,3.69,0
534,3.14,3.14,3.69,0
535,2.13,2.13,3.18,0
536,2.13,2.13,3.18,0
537,2.13,2.13,3.18,0
538,2.13,2.13,3.18,0
539,1.82,1.82,2.23,0
540,1.82,1.82,2.23,0
541,1.82,1.82,2.23,0
542,1.82,1.82,2.23,0
543,1.75,1.75,2.11,0
544,1.75,1.75,2.11,0
545,1.75,1.75,2.11,0
546,1.63,1.63,1.81,0
547,1.63,1.63,1.81,0
548,1.63,1.63,1.81,0
549,2.78,2.78,2.74,0
550,2.78,2.78,2.74,0
551,3.78,3.78,4.28,0
552,3.78,3.78,4.28,0
553,5.45,5.45,5.28,0
554,5.45,5.45,5.28,0
555,4.09,4.09,3.98,0
556,4.09,4.09,3.98,0
557,3.14,3.14,3.69,0
558,3.14,3.14,3.69,0
559,2.13,2.13,3.18,0
560,2.13,2.13,3.18,0
561,2.13,2.13,3.18,0
562,2.13,2.13,3.18,0
563,1.82,1.82,2.23,0
564,1.82,1.82,2.23,0
565,1.82,1.82,2.23,0
566,1.82,1.82,2.23,0
567,1.75,1.75,2.11,0
568,1.75,1.75,2.11,0
569,1.75,1.75,2.11,0
570,1.63,1.63,1.81,0
571,1.63,1.63,1.81,0
572,1.63,1.63,1.81,0
573,2.78,2.78,2.74,0
574,2.78,2.78,2.74,0
575,3.78,3.78,4.28,0
576,3.78,3.78,4.28,0
577,5.45,5.45,5.28,0
578,5.45,5.45,5.28,0
579,4.09,4.09,3.98,0
580,4.09,4.09,3.98,0
581,3.14,3.14,3.69,0
582,3.14,3.14,3.69,0
583,2.13,2.13,3.18,0
584,2.13,2.13,3.18,0
585,2.13,2.13,3.18,0
586,2.13,2.13,3.18,0
587,1.82,1.82,2.23,0
588,1.82,1.82,2.23,0
589,1.82,1.82,2.23,0
590,1.82,1.82,2.23,0
591,1.75,1.75,2.11,0
592,1.75,1.75,2.11,0
593,1.75,1.75,2.11,0
594,1.63,1.63,1.81,0
595,1.63,1.63,1.81,0
596,1.63,1.63,1.81,0
597,2.78,2.78,2.74,0
598,2.78,2.78,2.74,0
599,3.78,3.78,4.28,0
600,3.78,3.78,4.28,0
601,5.45,5.45,5.28,0
602,5.45,5.45,5.28,0
603,4.09,4.09,3.98,0
604,4.09,4.09,3.98,0
605,3.14,3.14,3.69,0
606,3.14,3.14,3.69,0
607,2.13,2.13,3.18,0
608,2.13,2.13,3.18,0
609,2.13,2.13,3.18,0
610,2.13,2.13,3.18,0
611,1.82,1.82,2.23,0
612,1.82,1.82,2.23,0
613,1.82,1.82,2.23,0
614,1.82,1.82,2.23,0
615,1.75,1.75,2.11,0
616,1.75,1.75,2.11,0
617,1.75,1.75,2.11,0
618,1.63,1.63,1.81,0
619,1.63,1.63,1.81,0
620,1.63,1.63,1.81,0
621,2.78,2.78,2.74,0
622,2.78,2.78,2.74,0
623,3.78,3.78,4.28,0
624,3.78,3.78,4.28,0
625,5.45,5.45,5.28,0
626,5.45,5.45,5.28,0
627,4.09,4.09,3.98,0
628,4.09,4.09,3.98,0
629,3.14,3.14,3.69,0
630,3.14,3.14,3.69,0
631,2.13,2.13,3.18,0
632,2.13,2.13,3.18,0
633,2.13,2.13,3.18,0
634,2.13,2.13,3.18,0
635,1.82,1.82,2.23,0
636,1.82,1.82,2.23,0
637,1.82,1.82,2.23,0
638,1.82,1.82,2.23,0
639,1.75,1.75,2.11,0
640,1.75,1.75,2.11,0
641,1.75,1.75,2.11,0
642,1.63,1.63,1.81,0
643,1.63,1.63,1.81,0
644,1.63,1.63,1.81,0
645,2.78,2.78,2.74,0
646,2.78,2.78,2.74,0
647,3.78,3.78,4.28,0
648,3.78,3.78,4.28,0
649,5.45,5.45,5.28,0
650,5.45,5.45,5.28,0
651,4.09,4.09,3.98,0
652,4.09,4.09,3.98,0
653,3.14,3.14,3.69,0
654,3.14,3.14,3.69,0
655,2.13,2.13,3.18,0
656,2.13,2.13,3.18,0
657,2.13,2.13,3.18,0
658,2.13,2.13,3.18,0
659,1.82,1.82,2.23,0
660,1.82,1.82,2.23,0
661,1.82,1.82,2.23,0
662,1.82,1.82,2.23,0
663,1.75,1.75,2.11,0
664,1.75,1.75,2.11,0
665,1.75,1.75,2.11,0
666,1.63,1.63,1.81,0
667,1.63,1.63,1.81,0
668,1.63,1.63,1.81,0
669,2.78,2.78,2.74,0
670,2.78,2.78,2.74,0
671,3.78,3.78,4.28,0
672,3.78,3.78,4.28,0
673,5.45,5.45,5.28,0
674,5.45,5.45,5.28,0
675,4.09,4.09,3.98,0
676,4.09,4.09,3.98,0
677,3.14,3.14,3.69,0
678,3.14,3.14,3.69,0
679,2.13,2.13,3.18,0
680,2.13,2.13,3.18,0
681,2.13,2.13,3.18,0
682,2.13,2.13,3.18,0
683,1.82,1.82,2.23,0
684,1.82,1.82,2.23,0
685,1.82,1.82,2.23,0
686,1.82,1.82,2.23,0
687,1.75,1.75,2.11,0
688,1.75,1.75,2.11,0
689,1.75,1.75,2.11,0
690,1.63,1.63,1.81,0
691,1.63,1.63,1.81,0
692,1.63,1.63,1.81,0
693,2.78,2.78,2.74,0
694,2.78,2.78,2.74,0
695,3.78,3.78,4.28,0
696,3.78,3.78,4.28,0
697,5.45,5.45,5.28,0
698,5.45,5.45,5.28,0
699,4.09,4.09,3.98,0
700,4.09,4.09,3.98,0
701,3.14,3.14,3.69,0
702,3.14,3.14,3.69,0
703,2.13,2.13,3.18,0
704,2.13,2.13,3.18,0
705,2.13,2.13,3.18,0
706,2.13,2.13,3.18,0
707,1.82,1.82,2.23,0
708,1.82,1.82,2.23,0
709,1.82,1.82,2.23,0
710,1.82,1.82,2.23,0
711,1.75,1.75,2.11,0
712,1.75,1.75,2.11,0
713,1.75,1.75,2.11,0
714,1.63,1.63,1.81,0
715,1.63,1.63,1.81,0
716,1.63,1.63,1.81,0
717,2.78,2.78,2.74,0
718,2.78,2.78,2.74,0
719,3.78,3.78,4.28,0
720,3.78,3.78,4.28,0
721,5.45,5.45,5.28,0
722,5.45,5.45,5.28,0
723,4.09,4.09,3.98,0
724,4.09,4.09,3.98,0
725,3.14,3.14,3.69,0
726,3.14,3.14,3.69,0
727,2.13,2.13,3.18,0
728,2.13,2.13,3.18,0
729,2.13,2.13,3.18,0
730,2.13,2.13,3.18,0
731,1.82,1.82,2.23,0
732,1.82,1.82,2.23,0
733,1.82,1.82,2.23,0
734,1.82,1.82,2.23,0
735,1.75,1.75,2.11,0
736,1.75,1.75,2.11,0
737,1.75,1.75,2.11,0
738,1.63,1.63,1.81,0
739,1.63,1.63,1.81,0
740,1.63,1.63,1.81,0
741,2.78,2.78,2.74,0
742,2.78,2.78,2.74,0
743,3.78,3.78,4.28,0
744,3.78,3.78,4.28,0
745,5.45,5.45,5.28,0
746,5.45,5.45,5.28,0
747,4.09,4.09,3.98,0
748,4.09,4.09,3.98,0
749,3.14,3.14,3.69,0
750,3.14,3.14,3.69,0
751,2.13,2.13,3.18,0
752,2.13,2.13,3.18,0
753,2.13,2.13,3.18,0
754,2.13,2.13,3.18,0
755,1.82,1.82,2.23,0
756,1.82,1.82,2.23,0
757,1.82,1.82,2.23,0
758,1.82,1.82,2.23,0
759,1.75,1.75,2.11,0
760,1.75,1.75,2.11,0
761,1.75,1.75,2.11,0
762,1.63,1.63,1.81,0
763,1.63,1.63,1.81,0
764,1.63,1.63,1.81,0
765,2.78,2.78,2.74,0
766,2.78,2.78,2.74,0
767,3.78,3.78,4.28,0
768,3.78,3.78,4.28,0
769,5.45,5.45,5.28,0
770,5.45,5.45,5.28,0
771,4.09,4.09,3.98,0
772,4.09,4.09,3.98,0
773,3.14,3.14,3.69,0
774,3.14,3.14,3.69,0
775,2.13,2.13,3.18,0
776,2.13,2.13,3.18,0
777,2.13,2.13,3.18,0
778,2.13,2.13,3.18,0
779,1.82,1.82,2.23,0
780,1.82,1.82,2.23,0
781,1.82,1.82,2.23,0
782,1.82,1.82,2.23,0
783,1.75,1.75,2.11,0
784,1.75,1.75,2.11,0
785,1.75,1.75,2.11,0
786,1.63,1.63,1.81,0
787,1.63,1.63,1.81,0
788,1.63,1.63,1.81,0
789,2.78,2.78,2.74,0
790,2.78,2.78,2.74,0
791,3.78,3.78,4.28,0
792,3.78,3.78,4.28,0
793,5.45,5.45,5.28,0
794,5.45,5.45,5.28,0
795,4.09,4.09,3.98,0
796,4.09,4.09,3.98,0
797,3.14,3.14,3.69,0
798,3.14,3.14,3.69,0
799,2.13,2.13,3.18,0
800,2.13,2.13,3.18,0
801,2.13,2.13,3.18,0
802,2.13,2.13,3.18,0
803,1.82,1.82,2.23,0
804,1.82,1.82,2.23,0
805,1.82,1.82,2.23,0
806,1.82,1.82,2.23,0
807,1.75,1.75,2.11,0
808,1.75,1.75,2.11,0
809,1.75,1.75,2.11,0
810,1.63,1.63,1.81,0
811,1.63,1.63,1.81,0
812,1.63,1.63,1.81,0
813,2.78,2.78,2.74,0
814,2.78,2.78,2.74,0
815,3.78,3.78,4.28,0
816,3.78,3.78,4.28,0
817,5.45,5.45,5.28,0
818,5.45,5.45,5.28,0
819,4.09,4.09,3.98,0
820,4.09,4.09,3.98,0
821,3.14,3.14,3.69,0
822,3.14,3.14,3.69,0
823,2.13,2.13,3.18,0
824,2.13,2.13,3.18,0
825,2.13,2.13,3.18,0
826,2.13,2.13,3.18,0
827,1.82,1.82,2.23,0
828,1.82,1.82,2.23,0
829,1.82,1.82,2.23,0
830,1.82,1.82,2.23,0
831,1.75,1.75,2.11,0
832,1.75,1.75,2.11,0
833,1.75,1.75,2.11,0
834,1.63,1.63,1.81,0
835,1.63,1.63,1.81,0
836,1.63,1.63,1.81,0
837,2.78,2.78,2.74,0
838,2.78,2.78,2.74,0
839,3.78,3.78,4.28,0
840,3.78,3.78,4.28,0
841,5.45,5.45,5.28,0
842,5.45,5.45,5.28,0
843,4.09,4.09,3.98,0
844,4.09,4.09,3.98,0
845,3.14,3.14,3.69,0
846,3.14,3.14,3.69,0
847,2.13,2.13,3.18,0
848,2.13,2.13,3.18,0
849,2.13,2.13,3.18,0
850,2.13,2.13,3.18,0
851,1.82,1.82,2.23,0
852,1.82,1.82,2.23,0
853,1.82,1.82,2.23,0
854,1.82,1.82,2.23,0
855,1.75,1.75,2.11,0
856,1.75,1.75,2.11,0
857,1.75,1.75,2.11,0
858,1.63,1.63,1.81,0
859,1.63,1.63,1.81,0
860,1.63,1.63,1.81,0
861,2.78,2.78,2.74,0
862,2.78,2.78,2.74,0
863,3.78,3.78,4.28,0
864,3.78,3.78,4.28,0
865,5.45,5.45,5.28,0
866,5.45,5.45,5.28,0
867,4.09,4.09,3.98,0
868,4.09,4.09,3.98,0
869,3.14,3.14,3.69,0
870,3.14,3.14,3.69,0
871,2.13,2.13,3.18,0
872,2.13,2.13,3.18,0
873,2.13,2.13,3.18,0
874,2.13,2.13,3.18,0
875,1.82,1.82,2.23,0
876,1.82,1.82,2.23,0
877,1.82,1.82,2.23,0
878,1.82,1.82,2.23,0
879,1.75,1.75,2.11,0
880,1.75,1.75,2.11,0
881,1.75,1.75,2.11,0
882,1.63,1.63,1.81,0
883,1.63,1.63,1.81,0
884,1.63,1.63,1.81,0
885,2.78,2.78,2.74,0
886,2.78,2.78,2.74,0
887,3.78,3.78,4.28,0
888,3.78,3.78,4.28,0
889,5.45,5.45,5.28,0
890,5.45,5.45,5.28,0
891,4.09,4.09,3.98,0
892,4.09,4.09,3.98,0
893,3.14,3.14,3.69,0
894,3.14,3.14,3.69,0
895,2.13,2.13,3.18,0
896,2.13,2.13,3.18,0
897,2.13,2.13,3.18,0
898,2.13,2.13,3.18,0
899,1.82,1.82,2.23,0
900,1.82,1.82,2.23,0
901,1.82,1.82,2.23,0
902,1.82,1.82,2.23,0
903,1.75,1.75,2.11,0
904,1.75,1.75,2.11,0
905,1.75,1.75,2.11,0
906,1.63,1.63,1.81,0
907,1.63,1.63,1.81,0
908,1.63,1.63,1.81,0
909,2.78,2.78,2.74,0
910,2.78,2.78,2.74,0
911,3.78,3.78,4.28,0
912,3.78,3.78,4.28,0
913,5.45,5.45,5.28,0
914,5.45,5.45,5.28,0
915,4.09,4.09,3.98,0
916,4.09,4.09,3.98,0
917,3.14,3.14,3.69,0
918,3.14,3.14,3.69,0
919,2.13,2.13,3.18,0
920,2.13,2.13,3.18,0
921,2.13,2.13,3.18,0
922,2.13,2.13,3.18,0
923,1.82,1.82,2.23,0
924,1.82,1.82,2.23,0
925,1.82,1.82,2.23,0
926,1.82,1.82,2.23,0
927,1.75,1.75,2.11,0
928,1.75,1.75,2.11,0
929,1.75,1.75,2.11,0
930,1.63,1.63,1.81,0
931,1.63,1.63,1.81,0
932,1.63,1.63,1.81,0
933,2.78,2.78,2.74,0
934,2.78,2.78,2.74,0
935,3.78,3.78,4.28,0
936,3.78,3.78,4.28,0
937,5.45,5.45,5.28,0
938,5.45,5.45,5.28,0
939,4.09,4.09,3.98,0
940,4.09,4.09,3.98,0
941,3.14,3.14,3.69,0
942,3.14,3.14,3.69,0
943,2.13,2.13,3.18,0
944,2.13,2.13,3.18,0
945,2.13,2.13,3.18,0
946,2.13,2.13,3.18,0
947,1.82,1.82,2.23,0
948,1.82,1.82,2.23,0
949,1.82,1.82,2.23,0
950,1.82,1.82,2.23,0
951,1.75,1.75,2.11,0
952,1.75,1.75,2.11,0
953,1.75,1.75,2.11,0
954,1.63,1.63,1.81,0
955,1.63,1.63,1.81,0
956,1.63,1.63,1.81,0
957,2.78,2.78,2.74,0
958,2.78,2.78,2.74,0
959,3.78,3.78,4.28,0
960,3.78,3.78,4.28,0
961,5.45,5.45,5.28,0
962,5.45,5.45,5.28,0
963,4.09,4.09,3.98,0
964,4.09,4.09,3.98,0
965,3.14,3.14,3.69,0
966,3.14,3.14,3.69,0
967,2.13,2.13,3.18,0
968,2.13,2.13,3.18,0
969,2.13,2.13,3.18,0
970,2.13,2.13,3.18,0
971,1.82,1.82,2.23,0
972,1.82,1.82,2.23,0
973,1.82,1.82,2.23,0
974,1.82,1.82,2.23,0
975,1.75,1.75,2.11,0
976,1.75,1.75,2.11,0
977,1.75,1.75,2.11,0
978,1.63,1.63,1.81,0
979,1.63,1.63,1.81,0
980,1.63,1.63,1.81,0
981,2.78,2.78,2.74,0
982,2.78,2.78,2.74,0
983,3.78,3.78,4.28,0
984,3.78,3.78,4.28,0
985,5.45,5.45,5.28,0
986,5.45,5.45,5.28,0
987,4.09,4.09,3.98,0
988,4.09,4.09,3.98,0
989,3.14,3.14,3.69,0
990,3.14,3.14,3.69,0
991,2.13,2.13,3.18,0
992,2.13,2.13,3.18,0
993,2.13,2.13,3.18,0
994,2.13,2.13,3.18,0
995,1.82,1.82,2.23,0
996,1.82,1.82,2.23,0
997,1.82,1.82,2.23,0
998,1.82,1.82,2.23,0
999,1.75,1.75,2.11,0
1000,1.75,1.75,2.11,0
1001,1.75,1.75,2.11,0
1002,1.63,1.63,1.81,0
1003,1.63,1.63,1.81,0
1004,1.63,1.63,1.81,0
1005,2.78,2.78,2.74,0
1006,2.78,2.78,2.74,0
1007,3.78,3.78,4.28,0
1008,3.78,3.78,4.28,0
1009,5.45,5.45,5.28,0
1010,5.45,5.45,5.28,0
1011,4.09,4.09,3.98,0
1012,4.09,4.09,3.98,0
1013,3.14,3.14,3.69,0
1014,3.14,3.14,3.69,0
1015,2.13,2.13,3.18,0
1016,2.13,2.13,3.18,0
1017,2.13,2.13,3.18,0
1018,2.13,2.13,3.18,0
1019,1.82,1.82,2.23,0
1020,1.82,1.82,2.23,0
1021,1.82,1.82,2.23,0
1022,1.82,1.82,2.23,0
1023,1.75,1.75,2.11,0
1024,1.75,1.75,2.11,0
1025,1.75,1.75,2.11,0
1026,1.63,1.63,1.81,0
1027,1.63,1.63,1.81,0
1028,1.63,1.63,1.81,0
1029,2.78,2.78,2.74,0
1030,2.78,2.78,2.74,0
1031,3.78,3.78,4.28,0
1032,3.78,3.78,4.28,0
1033,5.45,5.45,5.28,0
1034,5.45,5.45,5.28,0
1035,4.09,4.09,3.98,0
1036,4.09,4.09,3.98,0
1037,3.14,3.14,3.69,0
1038,3.14,3.14,3.69,0
1039,2.13,2.13,3.18,0
1040,2.13,2.13,3.18,0
1041,2.13,2.13,3.18,0
1042,2.13,2.13,3.18,0
1043,1.82,1.82,2.23,0
1044,1.82,1.82,2.23,0
1045,1.82,1.82,2.23,0
1046,1.82,1.82,2.23,0
1047,1.75,1.75,2.11,0
1048,1.75,1.75,2.11,0
1049,1.75,1.75,2.11,0
1050,1.63,1.63,1.81,0
1051,1.63,1.63,1.81,0
1052,1.63,1.63,1.81,0
1053,2.78,2.78,2.74,0
1054,2.78,2.78,2.74,0
1055,3.78,3.78,4.28,0
1056,3.78,3.78,4.28,0
1057,5.45,5.45,5.28,0
1058,5.45,5.45,5.28,0
1059,4.09,4.09,3.98,0
1060,4.09,4.09,3.98,0
1061,3.14,3.14,3.69,0
1062,3.14,3.14,3.69,0
1063,2.13,2.13,3.18,0
1064,2.13,2.13,3.18,0
1065,2.13,2.13,3.18,0
1066,2.13,2.13,3.18,0
1067,1.82,1.82,2.23,0
1068,1.82,1.82,2.23,0
1069,1.82,1.82,2.23,0
1070,1.82,1.82,2.23,0
1071,1.75,1.75,2.11,0
1072,1.75,1.75,2.11,0
1073,1.75,1.75,2.11,0
1074,1.63,1.63,1.81,0
1075,1.63,1.63,1.81,0
1076,1.63,1.63,1.81,0
1077,2.78,2.78,2.74,0
1078,2.78,2.78,2.74,0
1079,3.78,3.78,4.28,0
1080,3.78,3.78,4.28,0
1081,5.45,5.45,5.28,0
1082,5.45,5.45,5.28,0
1083,4.09,4.09,3.98,0
1084,4.09,4.09,3.98,0
1085,3.14,3.14,3.69,0
1086,3.14,3.14,3.69,0
1087,2.13,2.13,3.18,0
1088,2.13,2.13,3.18,0
1089,2.13,2.13,3.18,0
1090,2.13,2.13,3.18,0
1091,1.82,1.82,2.23,0
1092,1.82,1.82,2.23,0
1093,1.82,1.82,2.23,0
1094,1.82,1.82,2.23,0
1095,1.75,1.75,2.11,0
1096,1.75,1.75,2.11,0
1097,1.75,1.75,2.11,0
1098,1.63,1.63,1.81,0
1099,1.63,1.63,1.81,0
1100,1.63,1.63,1.81,0
1101,2.78,2.78,2.74,0
1102,2.78,2.78,2.74,0
1103,3.78,3.78,4.28,0
1104,3.78,3.78,4.28,0
1105,5.45,5.45,5.28,0
1106,5.45,5.45,5.28,0
1107,4.09,4.09,3.98,0
1108,4.09,4.09,3.98,0
1109,3.14,3.14,3.69,0
1110,3.14,3.14,3.69,0
1111,2.13,2.13,3.18,0
1112,2.13,2.13,3.18,0
1113,2.13,2.13,3.18,0
1114,2.13,2.13,3.18,0
1115,1.82,1.82,2.23,0
1116,1.82,1.82,2.23,0
1117,1.82,1.82,2.23,0
1118,1.82,1.82,2.23,0
1119,1.75,1.75,2.11,0
1120,1.75,1.75,2.11,0
1121,1.75,1.75,2.11,0
1122,1.63,1.63,1.81,0
1123,1.63,1.63,1.81,0
1124,1.63,1.63,1.81,0
1125,2.78,2.78,2.74,0
1126,2.78,2.78,2.74,0
1127,3.78,3.78,4.28,0
1128,3.78,3.78,4.28,0
1129,5.45,5.45,5.28,0
1130,5.45,5.45,5.28,0
1131,4.09,4.09,3.98,0
1132,4.09,4.09,3.98,0
1133,3.14,3.14,3.69,0
1134,3.14,3.14,3.69,0
1135,2.13,2.13,3.18,0
1136,2.13,2.13,3.18,0
1137,2.13,2.13,3.18,0
1138,2.13,2.13,3.18,0
1139,1.82,1.82,2.23,0
1140,1.82,1.82,2.23,0
1141,1.82,1.82,2.23,0
1142,1.82,1.82,2.23,0
1143,1.75,1.75,2.11,0
1144,1.75,1.75,2.11,0
1145,1.75,1.75,2.11,0
1146,1.63,1.63,1.81,0
1147,1.63,1.63,1.81,0
1148,1.63,1.63,1.81,0
1149,2.78,2.78,2.74,0
1150,2.78,2.78,2.74,0
1151,3.78,3.78,4.28,0
1152,3.78,3.78,4.28,0
1153,5.45,5.45,5.28,0
1154,5.45,5.45,5.28,0
1155,4.09,4.09,3.98,0
1156,4.09,4.09,3.98,0
1157,3.14,3.14,3.69,0
1158,3.14,3.14,3.69,0
1159,2.13,2.13,3.18,0
1160,2.13,2.13,3.18,0
1161,2.13,2.13,3.18,0
1162,2.13,2.13,3.18,0
1163,1.82,1.82,2.23,0
1164,1.82,1.82,2.23,0
1165,1.82,1.82,2.23,0
1166,1.82,1.82,2.23,0
1167,1.75,1.75,2.11,0
1168,1.75,1.75,2.11,0
1169,1.75,1.75,2.11,0
1170,1.63,1.63,1.81,0
1171,1.63,1.63,1.81,0
1172,1.63,1.63,1.81,0
1173,2.78,2.78,2.74,0
1174,2.78,2.78,2.74,0
1175,3.78,3.78,4.28,0
1176,3.78,3.78,4.28,0
1177,5.45,5.45,5.28,0
1178,5.45,5.45,5.28,0
1179,4.09,4.09,3.98,0
1180,4.09,4.09,3.98,0
1181,3.14,3.14,3.69,0
1182,3.14,3.14,3.69,0
1183,2.13,2.13,3.18,0
1184,2.13,2.13,3.18,0
1185,2.13,2.13,3.18,0
1186,2.13,2.13,3.18,0
1187,1.82,1.82,2.23,0
1188,1.82,1.82,2.23,0
1189,1.82,1.82,2.23,0
1190,1.82,1.82,2.23,0
1191,1.75,1.75,2.11,0
1192,1.75,1.75,2.11,0
1193,1.75,1.75,2.11,0
1194,1.63,1.63,1.81,0
1195,1.63,1.63,1.81,0
1196,1.63,1.63,1.81,0
1197,2.78,2.78,2.74,0
1198,2.78,2.78,2.74,0
1199,3.78,3.78,4.28,0
1200,3.78,3.78,4.28,0
1201,5.45,5.45,5.28,0
1202,5.45,5.45,5.28,0
1203,4.09,4.09,3.98,0
1204,4.09,4.09,3.98,0
1205,3.14,3.14,3.69,0
1206,3.14,3.14,3.69,0
1207,2.13,2.13,3.18,0
1208,2.13,2.13,3.18,0
1209,2.13,2.13,3.18,0
1210,2.13,2.13,3.18,0
1211,1.82,1.82,2.23,0
1212,1.82,1.82,2.23,0
1213,1.82,1.82,2.23,0
1214,1.82,1.82,2.23,0
1215,1.75,1.75,2.11,0
1216,1.75,1.75,2.11,0
1217,1.75,1.75,2.11,0
1218,1.63,1.63,1.81,0
1219,1.63,1.63,1.81,0
1220,1.63,1.63,1.81,0
1221,2.78,2.78,2.74,0
1222,2.78,2.78,2.74,0
1223,3.78,3.78,4.28,0
1224,3.78,3.78,4.28,0
1225,5.45,5.45,5.28,0
1226,5.45,5.45,5.28,0
1227,4.09,4.09,3.98,0
1228,4.09,4.09,3.98,0
1229,3.14,3.14,3.69,0
1230,3.14,3.14,3.69,0
1231,2.13,2.13,3.18,0
1232,2.13,2.13,3.18,0
1233,2.13,2.13,3.18,0
1234,2.13,2.13,3.18,0
1235,1.82,1.82,2.23,0
1236,1.82,1.82,2.23,0
1237,1.82,1.82,2.23,0
1238,1.82,1.82,2.23,0
1239,1.75,1.75,2.11,0
1240,1.75,1.75,2.11,0
1241,1.75,1.75,2.11,0
1242,1.63,1.63,1.81,0
1243,1.63,1.63,1.81,0
1244,1.63,1.63,1.81,0
1245,2.78,2.78,2.74,0
1246,2.78,2.78,2.74,0
1247,3.78,3.78,4.28,0
1248,3.78,3.78,4.28,0
1249,5.45,5.45,5.28,0
1250,5.45,5.45,5.28,0
1251,4.09,4.09,3.98,0
1252,4.09,4.09,3.98,0
1253,3.14,3.14,3.69,0
1254,3.14,3.14,3.69,0
1255,2.13,2.13,3.18,0
1256,2.13,2.13,3.18,0
1257,2.13,2.13,3.18,0
1258,2.13,2.13,3.18,0
1259,1.82,1.82,2.23,0
1260,1.82,1.82,2.23,0
1261,1.82,1.82,2.23,0
1262,1.82,1.82,2.23,0
1263,1.75,1.75,2.11,0
1264,1.75,1.75,2.11,0
1265,1.75,1.75,2.11,0
1266,1.63,1.63,1.81,0
1267,1.63,1.63,1.81,0
1268,1.63,1.63,1.81,0
1269,2.78,2.78,2.74,0
1270,2.78,2.78,2.74,0
1271,3.78,3.78,4.28,0
1272,3.78,3.78,4.28,0
1273,5.45,5.45,5.28,0
1274,5.45,5.45,5.28,0
1275,4.09,4.09,3.98,0
1276,4.09,4.09,3.98,0
1277,3.14,3.14,3.69,0
1278,3.14,3.14,3.69,0
1279,2.13,2.13,3.18,0
1280,2.13,2.13,3.18,0
1281,2.13,2.13,3.18,0
1282,2.13,2.13,3.18,0
1283,1.82,1.82,2.23,0
1284,1.82,1.82,2.23,0
1285,1.82,1.82,2.23,0
1286,1.82,1.82,2.23,0
1287,1.75,1.75,2.11,0
1288,1.75,1.75,2.11,0
1289,1.75,1.75,2.11,0
1290,1.63,1.63,1.81,0
1291,1.63,1.63,1.81,0
1292,1.63,1.63,1.81,0
1293,2.78,2.78,2.74,0
1294,2.78,2.78,2.74,0
1295,3.78,3.78,4.28,0
1296,3.78,3.78,4.28,0
1297,5.45,5.45,5.28,0
1298,5.45,5.45,5.28,0
1299,4.09,4.09,3.98,0
1300,4.09,4.09,3.98,0
1301,3.14,3.14,3.69,0
1302,3.14,3.14,3.69,0
1303,2.13,2.13,3.18,0
1304,2.13,2.13,3.18,0
1305,2.13,2.13,3.18,0
1306,2.13,2.13,3.18,0
1307,1.82,1.82,2.23,0
1308,1.82,1.82,2.23,0
1309,1.82,1.82,2.23,0
1310,1.82,1.82,2.23,0
1311,1.75,1.75,2.11,0
1312,1.75,1.75,2.11,0
1313,1.75,1.75,2.11,0
1314,1.63,1.63,1.81,0
1315,1.63,1.63,1.81,0
1316,1.63,1.63,1.81,0
1317,2.78,2.78,2.74,0
1318,2.78,2.78,2.74,0
1319,3.78,3.78,4.28,0
1320,3.78,3.78,4.28,0
1321,5.45,5.45,5.28,0
1322,5.45,5.45,5.28,0
1323,4.09,4.09,3.98,0
1324,4.09,4.09,3.98,0
1325,3.14,3.14,3.69,0
1326,3.14,3.14,3.69,0
1327,2.13,2.13,3.18,0
1328,2.13,2.13,3.18,0
1329,2.13,2.13,3.18,0
1330,2.13,2.13,3.18,0
1331,1.82,1.82,2.23,0
1332,1.82,1.82,2.23,0
1333,1.82,1.82,2.23,0
1334,1.82,1.82,2.23,0
1335,1.75,1.75,2.11,0
1336,1.75,1.75,2.11,0
1337,1.75,1.75,2.11,0
1338,1.63,1.63,1.81,0
1339,1.63,1.63,1.81,0
1340,1.63,1.63,1.81,0
1341,2.78,2.78,2.74,0
1342,2.78,2.78,2.74,0
1343,3.78,3.78,4.28,0
1344,3.78,3.78,4.28,0
1345,5.45,5.45,5.28,0
1346,5.45,5.45,5.28,0
1347,4.09,4.09,3.98,0
1348,4.09,4.09,3.98,0
1349,3.14,3.14,3.69,0
1350,3.14,3.14,3.69,0
1351,2.13,2.13,3.18,0
1352,2.13,2.13,3.18,0
1353,2.13,2.13,3.18,0
1354,2.13,2.13,3.18,0
1355,1.82,1.82,2.23,0
1356,1.82,1.82,2.23,0
1357,1.82,1.82,2.23,0
1358,1.82,1.82,2.23,0
1359,1.75,1.75,2.11,0
1360,1.75,1.75,2.11,0
1361,1.75,1.75,2.11,0
1362,1.63,1.63,1.81,0
1363,1.63,1.63,1.81,0
1364,1.63,1.63,1.81,0
1365,2.78,2.78,2.74,0
1366,2.78,2.78,2.74,0
1367,3.78,3.78,4.28,0
1368,3.78,3.78,4.28,0
1369,5.45,5.45,5.28,0
1370,5.45,5.45,5.28,0
1371,4.09,4.09,3.98,0
1372,4.09,4.09,3.98,0
1373,3.14,3.14,3.69,0
1374,3.14,3.14,3.69,0
1375,2.13,2.13,3.18,0
1376,2.13,2.13,3.18,0
1377,2.13,2.13,3.18,0
1378,2.13,2.13,3.18,0
1379,1.82,1.82,2.23,0
1380,1.82,1.82,2.23,0
1381,1.82,1.82,2.23,0
1382,1.82,1.82,2.23,0
1383,1.75,1.75,2.11,0
1384,1.75,1.75,2.11,0
1385,1.75,1.75,2.11,0
1386,1.63,1.63,1.81,0
1387,1.63,1.63,1.81,0
1388,1.63,1.63,1.81,0
1389,2.78,2.78,2.74,0
1390,2.78,2.78,2.74,0
1391,3.78,3.78,4.28,0
1392,3.78,3.78,4.28,0
1393,5.45,5.45,5.28,0
1394,5.45,5.45,5.28,0
1395,4.09,4.09,3.98,0
1396,4.09,4.09,3.98,0
1397,3.14,3.14,3.69,0
1398,3.14,3.14,3.69,0
1399,2.13,2.13,3.18,0
1400,2.13,2.13,3.18,0
1401,2.13,2.13,3.18,0
1402,2.13,2.13,3.18,0
1403,1.82,1.82,2.23,0
1404,1.82,1.82,2.23,0
1405,1.82,1.82,2.23,0
1406,1.82,1.82,2.23,0
1407,1.75,1.75,2.11,0
1408,1.75,1.75,2.11,0
1409,1.75,1.75,2.11,0
1410,1.63,1.63,1.81,0
1411,1.63,1.63,1.81,0
1412,1.63,1.63,1.81,0
1413,2.78,2.78,2.74,0
1414,2.78,2.78,2.74,0
1415,3.78,3.78,4.28,0
1416,3.78,3.78,4.28,0
1417,5.45,5.45,5.28,0
1418,5.45,5.45,5.28,0
1419,4.09,4.09,3.98,0
1420,4.09,4.09,3.98,0
1421,3.14,3.14,3.69,0
1422,3.14,3.14,3.69,0
1423,2.13,2.13,3.18,0
1424,2.13,2.13,3.18,0
1425,2.13,2.13,3.18,0
1426,2.13,2.13,3.18,0
1427,1.82,1.82,2.23,0
1428,1.82,1.82,2.23,0
1429,1.82,1.82,2.23,0
1430,1.82,1.82,2.23,0
1431,1.75,1.75,2.11,0
1432,1.75,1.75,2.11,0
1433,1.75,1.75,2.11,0
1434,1.63,1.63,1.81,0
1435,1.63,1.63,1.81,0
1436,1.63,1.63,1.81,0
1437,2.78,2.78,2.74,0
1438,2.78,2.78,2.74,0
1439,3.78,3.78,4.28,0
1440,3.78,3.78,4.28,0
1441,5.45,5.45,5.28,0
1442,5.45,5.45,5.28,0
1443,4.09,4.09,3.98,0
1444,4.09,4.09,3.98,0
1445,3.14,3.14,3.69,0
1446,3.14,3.14,3.69,0
1447,2.13,2.13,3.18,0
1448,2.13,2.13,3.18,0
1449,2.13,2.13,3.18,0
1450,2.13,2.13,3.18,0
1451,1.82,1.82,2.23,0
1452,1.82,1.82,2.23,0
1453,1.82,1.82,2.23,0
1454,1.82,1.82,2.23,0
1455,1.75,1.75,2.11,0
1456,1.75,1.75,2.11,0
1457,1.75,1.75,2.11,0
1458,1.63,1.63,1.81,0
1459,1.63,1.63,1.81,0
1460,1.63,1.63,1.81,0
1461,2.78,2.78,2.74,0
1462,2.78,2.78,2.74,0
1463,3.78,3.78,4.28,0
1464,3.78,3.78,4.28,0
1465,5.45,5.45,5.28,0
1466,5.45,5.45,5.28,0
1467,4.09,4.09,3.98,0
1468,4.09,4.09,3.98,0
1469,3.14,3.14,3.69,0
1470,3.14,3.14,3.69,0
1471,2.13,2.13,3.18,0
1472,2.13,2.13,3.18,0
1473,2.13,2.13,3.18,0
1474,2.13,2.13,3.18,0
1475,1.82,1.82,2.23,0
1476,1.82,1.82,2.23,0
1477,1.82,1.82,2.23,0
1478,1.82,1.82,2.23,0
1479,1.75,1.75,2.11,0
1480,1.75,1.75,2.11,0
1481,1.75,1.75,2.11,0
1482,1.63,1.63,1.81,0
1483,1.63,1.63,1.81,0
1484,1.63,1.63,1.81,0
1485,2.78,2.78,2.74,0
1486,2.78,2.78,2.74,0
1487,3.78,3.78,4.28,0
1488,3.78,3.78,4.28,0
1489,5.45,5.45,5.28,0
1490,5.45,5.45,5.28,0
1491,4.09,4.09,3.98,0
1492,4.09,4.09,3.98,0
1493,3.14,3.14,3.69,0
1494,3.14,3.14,3.69,0
1495,2.13,2.13,3.18,0
1496,2.13,2.13,3.18,0
1497,2.13,2.13,3.18,0
1498,2.13,2.13,3.18,0
1499,1.82,1.82,2.23,0
1500,1.82,1.82,2.23,0
1501,1.82,1.82,2.23,0
1502,1.82,1.82,2.23,0
1503,1.75,1.75,2.11,0
1504,1.75,1.75,2.11,0
1505,1.75,1.75,2.11,0
1506,1.63,1.63,1.81,0
1507,1.63,1.63,1.81,0
1508,1.63,1.63,1.81,0
1509,2.78,2.78,2.74,0
1510,2.78,2.78,2.74,0
1511,3.78,3.78,4.28,0
1512,3.78,3.78,4.28,0
1513,5.45,5.45,5.28,0
1514,5.45,5.45,5.28,0
1515,4.09,4.09,3.98,0
1516,4.09,4.09,3.98,0
1517,3.14,3.14,3.69,0
1518,3.14,3.14,3.69,0
1519,2.13,2.13,3.18,0
1520,2.13,2.13,3.18,0
1521,2.13,2.13,3.18,0
1522,2.13,2.13,3.18,0
1523,1.82,1.82,2.23,0
1524,1.82,1.82,2.23,0
1525,1.82,1.82,2.23,0
1526,1.82,1.82,2.23,0
1527,1.75,1.75,2.11,0
1528,1.75,1.75,2.11,0
1529,1.75,1.75,2.11,0
1530,1.63,1.63,1.81,0
1531,1.63,1.63,1.81,0
1532,1.63,1.63,1.81,0
1533,2.78,2.78,2.74,0
1534,2.78,2.78,2.74,0
1535,3.78,3.78,4.28,0
1536,3.78,3.78,4.28,0
1537,5.45,5.45,5.28,0
1538,5.45,5.45,5.28,0
1539,4.09,4.09,3.98,0
1540,4.09,4.09,3.98,0
1541,3.14,3.14,3.69,0
1542,3.14,3.14,3.69,0
1543,2.13,2.13,3.18,0
1544,2.13,2.13,3.18,0
1545,2.13,2.13,3.18,0
1546,2.13,2.13,3.18,0
1547,1.82,1.82,2.23,0
1548,1.82,1.82,2.23,0
1549,1.82,1.82,2.23,0
1550,1.82,1.82,2.23,0
1551,1.75,1.75,2.11,0
1552,1.75,1.75,2.11,0
1553,1.75,1.75,2.11,0
1554,1.63,1.63,1.81,0
1555,1.63,1.63,1.81,0
1556,1.63,1.63,1.81,0
1557,2.78,2.78,2.74,0
1558,2.78,2.78,2.74,0
1559,3.78,3.78,4.28,0
1560,3.78,3.78,4.28,0
1561,5.45,5.45,5.28,0
1562,5.45,5.45,5.28,0
1563,4.09,4.09,3.98,0
1564,4.09,4.09,3.98,0
1565,3.14,3.14,3.69,0
1566,3.14,3.14,3.69,0
1567,2.13,2.13,3.18,0
1568,2.13,2.13,3.18,0
1569,2.13,2.13,3.18,0
1570,2.13,2.13,3.18,0
1571,1.82,1.82,2.23,0
1572,1.82,1.82,2.23,0
1573,1.82,1.82,2.23,0
1574,1.82,1.82,2.23,0
1575,1.75,1.75,2.11,0
1576,1.75,1.75,2.11,0
1577,1.75,1.75,2.11,0
1578,1.63,1.63,1.81,0
1579,1.63,1.63,1.81,0
1580,1.63,1.63,1.81,0
1581,2.78,2.78,2.74,0
1582,2.78,2.78,2.74,0
1583,3.78,3.78,4.28,0
1584,3.78,3.78,4.28,0
1585,5.45,5.45,5.28,0
1586,5.45,5.45,5.28,0
1587,4.09,4.09,3.98,0
1588,4.09,4.09,3.98,0
1589,3.14,3.14,3.69,0
1590,3.14,3.14,3.69,0
1591,2.13,2.13,3.18,0
1592,2.13,2.13,3.18,0
1593,2.13,2.13,3.18,0
1594,2.13,2.13,3.18,0
1595,1.82,1.82,2.23,0
1596,1.82,1.82,2.23,0
1597,1.82,1.82,2.23,0
1598,1.82,1.82,2.23,0
1599,1.75,1.75,2.11,0
1600,1.75,1.75,2.11,0
1601,1.75,1.75,2.11,0
1602,1.63,1.63,1.81,0
1603,1.63,1.63,1.81,0
1604,1.63,1.63,1.81,0
1605,2.78,2.78,2.74,0
1606,2.78,2.78,2.74,0
1607,3.78,3.78,4.28,0
1608,3.78,3.78,4.28,0
1609,5.45,5.45,5.28,0
1610,5.45,5.45,5.28,0
1611,4.09,4.09,3.98,0
1612,4.09,4.09,3.98,0
1613,3.14,3.14,3.69,0
1614,3.14,3.14,3.69,0
1615,2.13,2.13,3.18,0
1616,2.13,2.13,3.18,0
1617,2.13,2.13,3.18,0
1618,2.13,2.13,3.18,0
1619,1.82,1.82,2.23,0
1620,1.82,1.82,2.23,0
1621,1.82,1.82,2.23,0
1622,1.82,1.82,2.23,0
1623,1.75,1.75,2.11,0
1624,1.75,1.75,2.11,0
1625,1.75,1.75,2.11,0
1626,1.63,1.63,1.81,0
1627,1.63,1.63,1.81,0
1628,1.63,1.63,1.81,0
1629,2.78,2.78,2.74,0
1630,2.78,2.78,2.74,0
1631,3.78,3.78,4.28,0
1632,3.78,3.78,4.28,0
1633,5.45,5.45,5.28,0
1634,5.45,5.45,5.28,0
1635,4.09,4.09,3.98,0
1636,4.09,4.09,3.98,0
1637,3.14,3.14,3.69,0
1638,3.14,3.14,3.69,0
1639,2.13,2.13,3.18,0
1640,2.13,2.13,3.18,0
1641,2.13,2.13,3.18,0
1642,2.13,2.13,3.18,0
1643,1.82,1.82,2.23,0
1644,1.82,1.82,2.23,0
1645,1.82,1.82,2.23,0
1646,1.82,1.82,2.23,0
1647,1.75,1.75,2.11,0
1648,1.75,1.75,2.11,0
1649,1.75,1.75,2.11,0
1650,1.63,1.63,1.81,0
1651,1.63,1.63,1.81,0
1652,1.63,1.63,1.81,0
1653,2.78,2.78,2.74,0
1654,2.78,2.78,2.74,0
1655,3.78,3.78,4.28,0
1656,3.78,3.78,4.28,0
1657,5.45,5.45,5.28,0
1658,5.45,5.45,5.28,0
1659,4.09,4.09,3.98,0
1660,4.09,4.09,3.98,0
1661,3.14,3.14,3.69,0
1662,3.14,3.14,3.69,0
1663,2.13,2.13,3.18,0
1664,2.13,2.13,3.18,0
1665,2.13,2.13,3.18,0
1666,2.13,2.13,3.18,0
1667,1.82,1.82,2.23,0
1668,1.82,1.82,2.23,0
1669,1.82,1.82,2.23,0
1670,1.82,1.82,2.23,0
1671,1.75,1.75,2.11,0
1672,1.75,1.75,2.11,0
1673,1.75,1.75,2.11,0
1674,1.63,1.63,1.81,0
1675,1.63,1.63,1.81,0
1676,1.63,1.63,1.81,0
1677,2.78,2.78,2.74,0
1678,2.78,2.78,2.74,0
1679,3.78,3.78,4.28,0
1680,3.78,3.78,4.28,0