Time_Index,MA_landbasedwind_class1_moderate,CT_landbasedwind_class1_moderate,ME_landbasedwind_class1_moderate
1,0.966,0.84,0.814
2,0.972,0.848,0.749
3,0.967,0.872,0.594
4,0.969,0.856,0.514
5,0.953,0.8,0.436
6,0.953,0.749,0.424
7,0.95,0.758,0.391
8,0.917,0.789,0.338
9,0.876,0.816,0.387
10,0.594,0.414,0.183
11,0.662,0.514,0.179
12,0.78,0.783,0.202
13,0.785,0.771,0.268
14,0.714,0.59,0.303
15,0.728,0.549,0.269
16,0.754,0.549,0.223
17,0.761,0.589,0.202
18,0.703,0.516,0.232
19,0.673,0.633,0.291
20,0.717,0.642,0.241
21,0.768,0.764,0.246
22,0.797,0.816,0.226
23,0.846,0.819,0.172
24,0.842,0.837,0.202
25,0.966,0.84,0.814
26,0.972,0.848,0.749
27,0.967,0.872,0.594
28,0.969,0.856,0.514
29,0.953,0.8,0.436
30,0.953,0.749,0.424
31,0.95,0.758,0.391
32,0.917,0.789,0.338
33,0.876,0.816,0.387
34,0.594,0.414,0.183
35,0.662,0.514,0.179
36,0.78,0.783,0.202
37,0.785,0.771,0.268
38,0.714,0.59,0.303
39,0.728,0.549,0.269
40,0.754,0.549,0.223
41,0.761,0.589,0.202
42,0.703,0.516,0.232
43,0.673,0.633,0.291
44,0.717,0.642,0.241
45,0.768,0.764,0.246
46,0.797,0.816,0.226
47,0.846,0.819,0.172
48,0.842,0.837,0.202
49,0.966,0.84,0.814
50,0.972,0.848,0.749
51,0.967,0.872,0.594
52,0.969,0.856,0.514
53,0.953,0.8,0.436
54,0.953,0.749,0.424
55,0.95,0.758,0.391
56,0.917,0.789,0.338
57,0.876,0.816,0.387
58,0.594,0.414,0.183
59,0.662,0.514,0.179
60,0.78,0.783,0.202
61,0.785,0.771,0.268
62,0.714,0.59,0.303
63,0.728,0.549,0.269
64,0.754,0.549,0.223
65,0.761,0.589,0.202
66,0.703,0.516,0.232
67,0.673,0.633,0.291
68,0.717,0.642,0.241
69,0.768,0.764,0.246
70,0.797,0.816,0.226
71,0.846,0.819,0.172
72,0.842,0.837,0.202
73,0.966,0.84,0.814
74,0.972,0.848,0.749
75,0.967,0.872,0.594
76,0.969,0.856,0.514
77,0.953,0.8,0.436
78,0.953,0.749,0.424
79,0.95,0.758,0.391
80,0.917,0.789,0.338
81,0.876,0.816,0.387
82,0.594,0.414,0.183
83,0.662,0.514,0.179
84,0.78,0.783,0.202
85,0.785,0.771,0.268
86,0.714,0.59,0.303
87,0.728,0.549,0.269
88,0.754,0.549,0.223
89,0.761,0.589,0.202
90,0.703,0.516,0.232
91,0.673,0.633,0.291
92,0.717,0.642,0.241
93,0.768,0.764,0.246
94,0.797,0.816,0.226
95,0.846,0.819,0.172
96,0.842,0.837,0.202
97,0.966,0.84,0.814
98,0.972,0.848,0.749
99,0.967,0.872,0.594
100,0.969,0.856,0.514
101,0.953,0.8,0.436
102,0.953,0.749,0.424
103,0.95,0.758,0.391
104,0.917,0.789,0.338
105,0.876,0.816,0.387
106,0.594,0.414,0.183
107,0.662,0.514,0.179
108,0.78,0.783,0.202
109,0.785,0.771,0.268
110,0.714,0.59,0.303
111,0.728,0.549,0.269
112,0.754,0.549,0.223
113,0.761,0.589,0.202
114,0.703,0.516,0.232
115,0.673,0.633,0.291
116,0.717,0.642,0.241
117,0.768,0.764,0.246
118,0.797,0.816,0.226
119,0.846,0.819,0.172
120,0.842,0.837,0.202
121,0.966,0.84,0.814
122,0.972,0.848,0.749
123,0.967,0.872,0.594
124,0.969,0.856,0.514
125,0.953,0.8,0.436
126,0.953,0.749,0.424
127,0.95,0.758,0.391
128,0.917,0.789,0.338
129,0.876,0.816,0.387
130,0.594,0.414,0.183
131,0.662,0.514,0.179
132,0.78,0.783,0.202
133,0.785,0.771,0.268
134,0.714,0.59,0.303
135,0.728,0.549,0.269
136,0.754,0.549,0.223
137,0.761,0.589,0.202
138,0.703,0.516,0.232
139,0.673,0.633,0.291
140,0.717,0.642,0.241
141,0.768,0.764,0.246
142,0.797,0.816,0.226
143,0.846,0.819,0.172
144,0.842,0.837,0.202
145,0.966,0.84,0.814
146,0.972,0.848,0.749
147,0.967,0.872,0.594
148,0.969,0.856,0.514
149,0.953,0.8,0.436
150,0.953,0.749,0.424
151,0.95,0.758,0.391
152,0.917,0.789,0.338
153,0.876,0.816,0.387
154,0.594,0.414,0.183
155,0.662,0.514,0.179
156,0.78,0.783,0.202
157,0.785,0.771,0.268
158,0.714,0.59,0.303
159,0.728,0.549,0.269
160,0.754,0.549,0.223
161,0.761,0.589,0.202
162,0.703,0.516,0.232
163,0.673,0.633,0.291
164,0.717,0.642,0.241
165,0.768,0.764,0.246
166,0.797,0.816,0.226
167,0.846,0.819,0.172
168,0.842,0.837,0.202
169,0.966,0.84,0.814
170,0.972,0.848,0.749
171,0.967,0.872,0.594
172,0.969,0.856,0.514
173,0.953,0.8,0.436
174,0.953,0.749,0.424
175,0.95,0.758,0.391
176,0.917,0.789,0.338
177,0.876,0.816,0.387
178,0.594,0.414,0.183
179,0.662,0.514,0.179
180,0.78,0.783,0.202
181,0.785,0.771,0.268
182,0.714,0.59,0.303
183,0.728,0.549,0.269
184,0.754,0.549,0.223
185,0.761,0.589,0.202
186,0.703,0.516,0.232
187,0.673,0.633,0.291
188,0.717,0.642,0.241
189,0.768,0.764,0.246
190,0.797,0.816,0.226
191,0.846,0.819,0.172
192,0.842,0.837,0.202
193,0.966,0.84,0.814
194,0.972,0.848,0.749
195,0.967,0.872,0.594
196,0.969,0.856,0.514
197,0.953,0.8,0.436
198,0.953,0.749,0.424
199,0.95,0.758,0.391
200,0.917,0.789,0.338
201,0.876,0.816,0.387
202,0.594,0.414,0.183
203,0.662,0.514,0.179
204,0.78,0.783,0.202
205,0.785,0.771,0.268
206,0.714,0.59,0.303
207,0.728,0.549,0.269
208,0.754,0.549,0.223
209,0.761,0.589,0.202
210,0.703,0.516,0.232
211,0.673,0.633,0.291
212,0.717,0.642,0.241
213,0.768,0.764,0.246
214,0.797,0.816,0.226
215,0.846,0.819,0.172
216,0.842,0.837,0.202
217,0.966,0.84,0.814
218,0.972,0.848,0.749
219,0.967,0.872,0.594
220,0.969,0.856,0.514
221,0.953,0.8,0.436
222,0.953,0.749,0.424
223,0.95,0.758,0.391
224,0.917,0.789,0.338
225,0.876,0.816,0.387
226,0.594,0.414,0.183
227,0.662,0.514,0.179
228,0.78,0.783,0.202
229,0.785,0.771,0.268
230,0.714,0.59,0.303
231,0.728,0.549,0.269
232,0.754,0.549,0.223
233,0.761,0.589,0.202
234,0.703,0.516,0.232
235,0.673,0.633,0.291
236,0.717,0.642,0.241
237,0.768,0.764,0.246
238,0.797,0.816,0.226
239,0.846,0.819,0.172
240,0.842,0.837,0.202
241,0.966,0.84,0.814
242,0.972,0.848,0.749
243,0.967,0.872,0.594
244,0.969,0.856,0.514
245,0.953,0.8,0.436
246,0.953,0.749,0.424
247,0.95,0.758,0.391
248,0.917,0.789,0.338
249,0.876,0.816,0.387
250,0.594,0.414,0.183
251,0.662,0.514,0.179
252,0.78,0.783,0.202
253,0.785,0.771,0.268
254,0.714,0.59,0.303
255,0.728,0.549,0.269
256,0.754,0.549,0.223
257,0.761,0.589,0.202
258,0.703,0.516,0.232
259,0.673,0.633,0.291
260,0.717,0.642,0.241
261,0.768,0.764,0.246
262,0.797,0.816,0.226
263,0.846,0.819,0.172
264,0.842,0.837,0.202
265,0.966,0.84,0.814
266,0.972,0.848,0.749
267,0.967,0.872,0.594
268,0.969,0.856,0.514
269,0.953,0.8,0.436
270,0.953,0.749,0.424
271,0.95,0.758,0.391
272,0.917,0.789,0.338
273,0.876,0.816,0.387
274,0.594,0.414,0.183
275,0.662,0.514,0.179
276,0.78,0.783,0.202
277,0.785,0.771,0.268
278,0.714,0.59,0.303
279,0.728,0.549,0.269
280,0.754,0.549,0.223
281,0.761,0.589,0.202
282,0.703,0.516,0.232
283,0.673,0.633,0.291
284,0.717,0.642,0.241
285,0.768,0.764,0.246
286,0.797,0.816,0.226
287,0.846,0.819,0.172
288,0.842,0.837,0.202
289,0.966,0.84,0.814
290,0.972,0.848,0.749
291,0.967,0.872,0.594
292,0.969,0.856,0.514
293,0.953,0.8,0.436
294,0.953,0.749,0.424
295,0.95,0.758,0.391
296,0.917,0.789,0.338
297,0.876,0.816,0.387
298,0.594,0.414,0.183
299,0.662,0.514,0.179
300,0.78,0.783,0.202
301,0.785,0.771,0.268
302,0.714,0.59,0.303
303,0.728,0.549,0.269
304,0.754,0.549,0.223
305,0.761,0.589,0.202
306,0.703,0.516,0.232
307,0.673,0.633,0.291
308,0.717,0.642,0.241
309,0.768,0.764,0.246
310,0.797,0.816,0.226
311,0.846,0.819,0.172
312,0.842,0.837,0.202
313,0.966,0.84,0.814
314,0.972,0.848,0.749
315,0.967,0.872,0.594
316,0.969,0.856,0.514
317,0.953,0.8,0.436
318,0.953,0.749,0.424
319,0.95,0.758,0.391
320,0.917,0.789,0.338
321,0.876,0.816,0.387
322,0.594,0.414,0.183
323,0.662,0.514,0.179
324,0.78,0.783,0.202
325,0.785,0.771,0.268
326,0.714,0.59,0.303
327,0.728,0.549,0.269
328,0.754,0.549,0.223
329,0.761,0.589,0.202
330,0.703,0.516,0.232
331,0.673,0.633,0.291
332,0.717,0.642,0.241
333,0.768,0.764,0.246
334,0.797,0.816,0.226
335,0.846,0.819,0.172
336,0.842,0.837,0.202
337,0.966,0.84,0.814
338,0.972,0.848,0.749
339,0.967,0.872,0.594
340,0.969,0.856,0.514
341,0.953,0.8,0.436
342,0.953,0.749,0.424
343,0.95,0.758,0.391
344,0.917,0.789,0.338
345,0.876,0.816,0.387
346,0.594,0.414,0.183
347,0.662,0.514,0.179
348,0.78,0.783,0.202
349,0.785,0.771,0.268
350,0.714,0.59,0.303
351,0.728,0.549,0.269
352,0.754,0.549,0.223
353,0.761,0.589,0.202
354,0.703,0.516,0.232
355,0.673,0.633,0.291
356,0.717,0.642,0.241
357,0.768,0.764,0.246
358,0.797,0.816,0.226
359,0.846,0.819,0.172
360,0.842,0.837,0.202
361,0.966,0.84,0.814
362,0.972,0.848,0.749
363,0.967,0.872,0.594
364,0.969,0.856,0.514
365,0.953,0.8,0.436
366,0.953,0.749,0.424
367,0.95,0.758,0.391
368,0.917,0.789,0.338
369,0.876,0.816,0.387
370,0.594,0.414,0.183
371,0.662,0.514,0.179
372,0.78,0.783,0.202
373,0.785,0.771,0.268
374,0.714,0.59,0.303
375,0.728,0.549,0.269
376,0.754,0.549,0.223
377,0.761,0.589,0.202
378,0.703,0.516,0.232
379,0.673,0.633,0.291
380,0.717,0.642,0.241
381,0.768,0.764,0.246
382,0.797,0.816,0.226
383,0.846,0.819,0.172
384,0.842,0.837,0.202
385,0.966,0.84,0.814
386,0.972,0.848,0.749
387,0.967,0.872,0.594
388,0.969,0.856,0.514
389,0.953,0.8,0.436
390,0.953,0.749,0.424
391,0.95,0.758,0.391
392,0.917,0.789,0.338
393,0.876,0.816,0.387
394,0.594,0.414,0.183
395,0.662,0.514,0.179
396,0.78,0.783,0.202
397,0.785,0.771,0.268
398,0.714,0.59,0.303
399,0.728,0.549,0.269
400,0.754,0.549,0.223
401,0.761,0.589,0.202
402,0.703,0.516,0.232
403,0.673,0.633,0.291
404,0.717,0.642,0.241
405,0.768,0.764,0.246
406,0.797,0.816,0.226
407,0.846,0.819,0.172
408,0.842,0.837,0.202
409,0.966,0.84,0.814
410,0.972,0.848,0.749
411,0.967,0.872,0.594
412,0.969,0.856,0.514
413,0.953,0.8,0.436
414,0.953,0.749,0.424
415,0.95,0.758,0.391
416,0.917,0.789,0.338
417,0.876,0.816,0.387
418,0.594,0.414,0.183
419,0.662,0.514,0.179
420,0.78,0.783,0.202
421,0.785,0.771,0.268
422,0.714,0.59,0.303
423,0.728,0.549,0.269
424,0.754,0.549,0.223
425,0.761,0.589,0.202
426,0.703,0.516,0.232
427,0.673,0.633,0.291
428,0.717,0.642,0.241
429,0.768,0.764,0.246
430,0.797,0.816,0.226
431,0.846,0.819,0.172
432,0.842,0.837,0.202
433,0.966,0.84,0.814
434,0.972,0.848,0.749
435,0.967,0.872,0.594
436,0.969,0.856,0.514
437,0.953,0.8,0.436
438,0.953,0.749,0.424
439,0.95,0.758,0.391
440,0.917,0.789,0.338
441,0.876,0.816,0.387
442,0.594,0.414,0.183
443,0.662,0.514,0.179
444,0.78,0.783,0.202
445,0.785,0.771,0.268
446,0.714,0.59,0.303
447,0.728,0.549,0.269
448,0.754,0.549,0.223
449,0.761,0.589,0.202
450,0.703,0.516,0.232
451,0.673,0.633,0.291
452,0.717,0.642,0.241
453,0.768,0.764,0.246
454,0.797,0.816,0.226
455,0.846,0.819,0.172
456,0.842,0.837,0.202
457,0.966,0.84,0.814
458,0.972,0.848,0.749
459,0.967,0.872,0.594
460,0.969,0.856,0.514
461,0.953,0.8,0.436
462,0.953,0.749,0.424
463,0.95,0.758,0.391
464,0.917,0.789,0.338
465,0.876,0.816,0.387
466,0.594,0.414,0.183
467,0.662,0.514,0.179
468,0.78,0.783,0.202
469,0.785,0.771,0.268
470,0.714,0.59,0.303
471,0.728,0.549,0.269
472,0.754,0.549,0.223
473,0.761,0.589,0.202
474,0.703,0.516,0.232
475,0.673,0.633,0.291
476,0.717,0.642,0.241
477,0.768,0.764,0.246
478,0.797,0.816,0.226
479,0.846,0.819,0.172
480,0.842,0.837,0.202
481,0.966,0.84,0.814
482,0.972,0.848,0.749
483,0.967,0.872,0.594
484,0.969,0.856,0.514
485,0.953,0.8,0.436
486,0.953,0.749,0.424
487,0.95,0.758,0.391
488,0.917,0.789,0.338
489,0.876,0.816,0.387
490,0.594,0.414,0.183
491,0.662,0.514,0.179
492,0.78,0.783,0.202
493,0.785,0.771,0.268
494,0.714,0.59,0.303
495,0.728,0.549,0.269
496,0.754,0.549,0.223
497,0.761,0.589,0.202
498,0.703,0.516,0.232
499,0.673,0.633,0.291
500,0.717,0.642,0.241
501,0.768,0.764,0.246
502,0.797,0.816,0.226
503,0.846,0.819,0.172
504,0.842,0.837,0.202
505,0.966,0.84,0.814
506,0.972,0.848,0.749
507,0.967,0.872,0.594
508,0.969,0.856,0.514
509,0.953,0.8,0.436
510,0.953,0.749,0.424
511,0.95,0.758,0.391
512,0.917,0.789,0.338
513,0.876,0.816,0.387
514,0.594,0.414,0.183
515,0.662,0.514,0.179
516,0.78,0.783,0.202
517,0.785,0.771,0.268
518,0.714,0.59,0.303
519,0.728,0.549,0.269
520,0.754,0.549,0.223
521,0.761,0.589,0.202
522,0.703,0.516,0.232
523,0.673,0.633,0.291
524,0.717,0.642,0.241
525,0.768,0.764,0.246
526,0.797,0.816,0.226
527,0.846,0.819,0.172
528,0.842,0.837,0.202
529,0.966,0.84,0.814
530,0.972,0.848,0.749
531,0.967,0.872,0.594
532,0.969,0.856,0.514
533,0.953,0.8,0.436
534,0.953,0.749,0.424
535,0.95,0.758,0.391
536,0.917,0.789,0.338
537,0.876,0.816,0.387
538,0.594,0.414,0.183
539,0.662,0.514,0.179
540,0.78,0.783,0.202
541,0.785,0.771,0.268
542,0.714,0.59,0.303
543,0.728,0.549,0.269
544,0.754,0.549,0.223
545,0.761,0.589,0.202
546,0.703,0.516,0.232
547,0.673,0.633,0.291
548,0.717,0.642,0.241
549,0.768,0.764,0.246
550,0.797,0.816,0.226
551,0.846,0.819,0.172
552,0.842,0.837,0.202
553,0.966,0.84,0.814
554,0.972,0.848,0.749
555,0.967,0.872,0.594
556,0.969,0.856,0.514
557,0.953,0.8,0.436
558,0.953,0.749,0.424
559,0.95,0.758,0.391
560,0.917,0.789,0.338
561,0.876,0.816,0.387
562,0.594,0.414,0.183
563,0.662,0.514,0.179
564,0.78,0.783,0.202
565,0.785,0.771,0.268
566,0.714,0.59,0.303
567,0.728,0.549,0.269
568,0.754,0.549,0.223
569,0.761,0.589,0.202
570,0.703,0.516,0.232
571,0.673,0.633,0.291
572,0.717,0.642,0.241
573,0.768,0.764,0.246
574,0.797,0.816,0.226
575,0.846,0.819,0.172
576,0.842,0.837,0.202
577,0.966,0.84,0.814
578,0.972,0.848,0.749
579,0.967,0.872,0.594
580,0.969,0.856,0.514
581,0.953,0.8,0.436
582,0.953,0.749,0.424
583,0.95,0.758,0.391
584,0.917,0.789,0.338
585,0.876,0.816,0.387
586,0.594,0.414,0.183
587,0.662,0.514,0.179
588,0.78,0.783,0.202
589,0.785,0.771,0.268
590,0.714,0.59,0.303
591,0.728,0.549,0.269
592,0.754,0.549,0.223
593,0.761,0.589,0.202
594,0.703,0.516,0.232
595,0.673,0.633,0.291
596,0.717,0.642,0.241
597,0.768,0.764,0.246
598,0.797,0.816,0.226
599,0.846,0.819,0.172
600,0.842,0.837,0.202
601,0.966,0.84,0.814
602,0.972,0.848,0.749
603,0.967,0.872,0.594
604,0.969,0.856,0.514
605,0.953,0.8,0.436
606,0.953,0.749,0.424
607,0.95,0.758,0.391
608,0.917,0.789,0.338
609,0.876,0.816,0.387
610,0.594,0.414,0.183
611,0.662,0.514,0.179
612,0.78,0.783,0.202
613,0.785,0.771,0.268
614,0.714,0.59,0.303
615,0.728,0.549,0.269
616,0.754,0.549,0.223
617,0.761,0.589,0.202
618,0.703,0.516,0.232
619,0.673,0.633,0.291
620,0.717,0.642,0.241
621,0.768,0.764,0.246
622,0.797,0.816,0.226
623,0.846,0.819,0.172
624,0.842,0.837,0.202
625,0.966,0.84,0.814
626,0.972,0.848,0.749
627,0.967,0.872,0.594
628,0.969,0.856,0.514
629,0.953,0.8,0.436
630,0.953,0.749,0.424
631,0.95,0.758,0.391
632,0.917,0.789,0.338
633,0.876,0.816,0.387
634,0.594,0.414,0.183
635,0.662,0.514,0.179
636,0.78,0.783,0.202
637,0.785,0.771,0.268
638,0.714,0.59,0.303
639,0.728,0.549,0.269
640,0.754,0.549,0.223
641,0.761,0.589,0.202
642,0.703,0.516,0.232
643,0.673,0.633,0.291
644,0.717,0.642,0.241
645,0.768,0.764,0.246
646,0.797,0.816,0.226
647,0.846,0.819,0.172
648,0.842,0.837,0.202
649,0.966,0.84,0.814
650,0.972,0.848,0.749
651,0.967,0.872,0.594
652,0.969,0.856,0.514
653,0.953,0.8,0.436
654,0.953,0.749,0.424
655,0.95,0.758,0.391
656,0.917,0.789,0.338
657,0.876,0.816,0.387
658,0.594,0.414,0.183
659,0.662,0.514,0.179
660,0.78,0.783,0.202
661,0.785,0.771,0.268
662,0.714,0.59,0.303
663,0.728,0.549,0.269
664,0.754,0.549,0.223
665,0.761,0.589,0.202
666,0.703,0.516,0.232
667,0.673,0.633,0.291
668,0.717,0.642,0.241
669,0.768,0.764,0.246
670,0.797,0.816,0.226
671,0.846,0.819,0.172
672,0.842,0.837,0.202
673,0.966,0.84,0.814
674,0.972,0.848,0.749
675,0.967,0.872,0.594
676,0.969,0.856,0.514
677,0.953,0.8,0.436
678,0.953,0.749,0.424
679,0.95,0.758,0.391
680,0.917,0.789,0.338
681,0.876,0.816,0.387
682,0.594,0.414,0.183
683,0.662,0.514,0.179
684,0.78,0.783,0.202
685,0.785,0.771,0.268
686,0.714,0.59,0.303
687,0.728,0.549,0.269
688,0.754,0.549,0.223
689,0.761,0.589,0.202
690,0.703,0.516,0.232
691,0.673,0.633,0.291
692,0.717,0.642,0.241
693,0.768,0.764,0.246
694,0.797,0.816,0.226
695,0.846,0.819,0.172
696,0.842,0.837,0.202
697,0.966,0.84,0.814
698,0.972,0.848,0.749
699,0.967,0.872,0.594
700,0.969,0.856,0.514
701,0.953,0.8,0.436
702,0.953,0.749,0.424
703,0.95,0.758,0.391
704,0.917,0.789,0.338
705,0.876,0.816,0.387
706,0.594,0.414,0.183
707,0.662,0.514,0.179
708,0.78,0.783,0.202
709,0.785,0.771,0.268
710,0.714,0.59,0.303
711,0.728,0.549,0.269
712,0.754,0.549,0.223
713,0.761,0.589,0.202
714,0.703,0.516,0.232
715,0.673,0.633,0.291
716,0.717,0.642,0.241
717,0.768,0.764,0.246
718,0.797,0.816,0.226
719,0.846,0.819,0.172
720,0.842,0.837,0.202
721,0.966,0.84,0.814
722,0.972,0.848,0.749
723,0.967,0.872,0.594
724,0.969,0.856,0.514
725,0.953,0.8,0.436
726,0.953,0.749,0.424
727,0.95,0.758,0.391
728,0.917,0.789,0.338
729,0.876,0.816,0.387
730,0.594,0.414,0.183
731,0.662,0.514,0.179
732,0.78,0.783,0.202
733,0.785,0.771,0.268
734,0.714,0.59,0.303
735,0.728,0.549,0.269
736,0.754,0.549,0.223
737,0.761,0.589,0.202
738,0.703,0.516,0.232
739,0.673,0.633,0.291
740,0.717,0.642,0.241
741,0.768,0.764,0.246
742,0.797,0.816,0.226
743,0.846,0.819,0.172
744,0.842,0.837,0.202
745,0.966,0.84,0.814
746,0.972,0.848,0.749
747,0.967,0.872,0.594
748,0.969,0.856,0.514
749,0.953,0.8,0.436
750,0.953,0.749,0.424
751,0.95,0.758,0.391
752,0.917,0.789,0.338
753,0.876,0.816,0.387
754,0.594,0.414,0.183
755,0.662,0.514,0.179
756,0.78,0.783,0.202
757,0.785,0.771,0.268
758,0.714,0.59,0.303
759,0.728,0.549,0.269
760,0.754,0.549,0.223
761,0.761,0.589,0.202
762,0.703,0.516,0.232
763,0.673,0.633,0.291
764,0.717,0.642,0.241
765,0.768,0.764,0.246
766,0.797,0.816,0.226
767,0.846,0.819,0.172
768,0.842,0.837,0.202
769,0.966,0.84,0.814
770,0.972,0.848,0.749
771,0.967,0.872,0.594
772,0.969,0.856,0.514
773,0.953,0.8,0.436
774,0.953,0.749,0.424
775,0.95,0.758,0.391
776,0.917,0.789,0.338
777,0.876,0.816,0.387
778,0.594,0.414,0.183
779,0.662,0.514,0.179
780,0.78,0.783,0.202
781,0.785,0.771,0.268
782,0.714,0.59,0.303
783,0.728,0.549,0.269
784,0.754,0.549,0.223
785,0.761,0.589,0.202
786,0.703,0.516,0.232
787,0.673,0.633,0.291
788,0.717,0.642,0.241
789,0.768,0.764,0.246
790,0.797,0.816,0.226
791,0.846,0.819,0.172
792,0.842,0.837,0.202
793,0.966,0.84,0.814
794,0.972,0.848,0.749
795,0.967,0.872,0.594
796,0.969,0.856,0.514
797,0.953,0.8,0.436
798,0.953,0.749,0.424
799,0.95,0.758,0.391
800,0.917,0.789,0.338
801,0.876,0.816,0.387
802,0.594,0.414,0.183
803,0.662,0.514,0.179
804,0.78,0.783,0.202
805,0.785,0.771,0.268
806,0.714,0.59,0.303
807,0.728,0.549,0.269
808,0.754,0.549,0.223
809,0.761,0.589,0.202
810,0.703,0.516,0.232
811,0.673,0.633,0.291
812,0.717,0.642,0.241
813,0.768,0.764,0.246
814,0.797,0.816,0.226
815,0.846,0.819,0.172
816,0.842,0.837,0.202
817,0.966,0.84,0.814
818,0.972,0.848,0.749
819,0.967,0.872,0.594
820,0.969,0.856,0.514
821,0.953,0.8,0.436
822,0.953,0.749,0.424
823,0.95,0.758,0.391
824,0.917,0.789,0.338
825,0.876,0.816,0.387
826,0.594,0.414,0.183
827,0.662,0.514,0.179
828,0.78,0.783,0.202
829,0.785,0.771,0.268
830,0.714,0.59,0.303
831,0.728,0.549,0.269
832,0.754,0.549,0.223
833,0.761,0.589,0.202
834,0.703,0.516,0.232
835,0.673,0.633,0.291
836,0.717,0.642,0.241
837,0.768,0.764,0.246
838,0.797,0.816,0.226
839,0.846,0.819,0.172
840,0.842,0.837,0.202
841,0.966,0.84,0.814
842,0.972,0.848,0.749
843,0.967,0.872,0.594
844,0.969,0.856,0.514
845,0.953,0.8,0.436
846,0.953,0.749,0.424
847,0.95,0.758,0.391
848,0.917,0.789,0.338
849,0.876,0.816,0.387
850,0.594,0.414,0.183
851,0.662,0.514,0.179
852,0.78,0.783,0.202
853,0.785,0.771,0.268
854,0.714,0.59,0.303
855,0.728,0.549,0.269
856,0.754,0.549,0.223
857,0.761,0.589,0.202
858,0.703,0.516,0.232
859,0.673,0.633,0.291
860,0.717,0.642,0.241
861,0.768,0.764,0.246
862,0.797,0.816,0.226
863,0.846,0.819,0.172
864,0.842,0.837,0.202
865,0.966,0.84,0.814
866,0.972,0.848,0.749
867,0.967,0.872,0.594
868,0.969,0.856,0.514
869,0.953,0.8,0.436
870,0.953,0.749,0.424
871,0.95,0.758,0.391
872,0.917,0.789,0.338
873,0.876,0.816,0.387
874,0.594,0.414,0.183
875,0.662,0.514,0.179
876,0.78,0.783,0.202
877,0.785,0.771,0.268
878,0.714,0.59,0.303
879,0.728,0.549,0.269
880,0.754,0.549,0.223
881,0.761,0.589,0.202
882,0.703,0.516,0.232
883,0.673,0.633,0.291
884,0.717,0.642,0.241
885,0.768,0.764,0.246
886,0.797,0.816,0.226
887,0.846,0.819,0.172
888,0.842,0.837,0.202
889,0.966,0.84,0.814
890,0.972,0.848,0.749
891,0.967,0.872,0.594
892,0.969,0.856,0.514
893,0.953,0.8,0.436
894,0.953,0.749,0.424
895,0.95,0.758,0.391
896,0.917,0.789,0.338
897,0.876,0.816,0.387
898,0.594,0.414,0.183
899,0.662,0.514,0.179
900,0.78,0.783,0.202
901,0.785,0.771,0.268
902,0.714,0.59,0.303
903,0.728,0.549,0.269
904,0.754,0.549,0.223
905,0.761,0.589,0.202
906,0.703,0.516,0.232
907,0.673,0.633,0.291
908,0.717,0.642,0.241
909,0.768,0.764,0.246
910,0.797,0.816,0.226
911,0.846,0.819,0.172
912,0.842,0.837,0.202
913,0.966,0.84,0.814
914,0.972,0.848,0.749
915,0.967,0.872,0.594
916,0.969,0.856,0.514
917,0.953,0.8,0.436
918,0.953,0.749,0.424
919,0.95,0.758,0.391
920,0.917,0.789,0.338
921,0.876,0.816,0.387
922,0.594,0.414,0.183
923,0.662,0.514,0.179
924,0.78,0.783,0.202
925,0.785,0.771,0.268
926,0.714,0.59,0.303
927,0.728,0.549,0.269
928,0.754,0.549,0.223
929,0.761,0.589,0.202
930,0.703,0.516,0.232
931,0.673,0.633,0.291
932,0.717,0.642,0.241
933,0.768,0.764,0.246
934,0.797,0.816,0.226
935,0.846,0.819,0.172
936,0.842,0.837,0.202
937,0.966,0.84,0.814
938,0.972,0.848,0.749
939,0.967,0.872,0.594
940,0.969,0.856,0.514
941,0.953,0.8,0.436
942,0.953,0.749,0.424
943,0.95,0.758,0.391
944,0.917,0.789,0.338
945,0.876,0.816,0.387
946,0.594,0.414,0.183
947,0.662,0.514,0.179
948,0.78,0.783,0.202
949,0.785,0.771,0.268
950,0.714,0.59,0.303
951,0.728,0.549,0.269
952,0.754,0.549,0.223
953,0.761,0.589,0.202
954,0.703,0.516,0.232
955,0.673,0.633,0.291
956,0.717,0.642,0.241
957,0.768,0.764,0.246
958,0.797,0.816,0.226
959,0.846,0.819,0.172
960,0.842,0.837,0.202
961,0.966,0.84,0.814
962,0.972,0.848,0.749
963,0.967,0.872,0.594
964,0.969,0.856,0.514
965,0.953,0.8,0.436
966,0.953,0.749,0.424
967,0.95,0.758,0.391
968,0.917,0.789,0.338
969,0.876,0.816,0.387
970,0.594,0.414,0.183
971,0.662,0.514,0.179
972,0.78,0.783,0.202
973,0.785,0.771,0.268
974,0.714,0.59,0.303
975,0.728,0.549,0.269
976,0.754,0.549,0.223
977,0.761,0.589,0.202
978,0.703,0.516,0.232
979,0.673,0.633,0.291
980,0.717,0.642,0.241
981,0.768,0.764,0.246
982,0.797,0.816,0.226
983,0.846,0.819,0.172
984,0.842,0.837,0.202
985,0.966,0.84,0.814
986,0.972,0.848,0.749
987,0.967,0.872,0.594
988,0.969,0.856,0.514
989,0.953,0.8,0.436
990,0.953,0.749,0.424
991,0.95,0.758,0.391
992,0.917,0.789,0.338
993,0.876,0.816,0.387
994,0.594,0.414,0.183
995,0.662,0.514,0.179
996,0.78,0.783,0.202
997,0.785,0.771,0.268
998,0.714,0.59,0.303
999,0.728,0.549,0.269
1000,0.754,0.549,0.223
1001,0.761,0.589,0.202
1002,0.703,0.516,0.232
1003,0.673,0.633,0.291
1004,0.717,0.642,0.241
1005,0.768,0.764,0.246
1006,0.797,0.816,0.226
1007,0.846,0.819,0.172
1008,0.842,0.837,0.202
1009,0.966,0.84,0.814
1010,0.972,0.848,0.749
1011,0.967,0.872,0.594
1012,0.969,0.856,0.514
1013,0.953,0.8,0.436
1014,0.953,0.749,0.424
1015,0.95,0.758,0.391
1016,0.917,0.789,0.338
1017,0.876,0.816,0.387
1018,0.594,0.414,0.183
1019,0.662,0.514,0.179
1020,0.78,0.783,0.202
1021,0.785,0.771,0.268
1022,0.714,0.59,0.303
1023,0.728,0.549,0.269
1024,0.754,0.549,0.223
1025,0.761,0.589,0.202
1026,0.703,0.516,0.232
1027,0.673,0.633,0.291
1028,0.717,0.642,0.241
1029,0.768,0.764,0.246
1030,0.797,0.816,0.226
1031,0.846,0.819,0.172
1032,0.842,0.837,0.202
1033,0.966,0.84,0.814
1034,0.972,0.848,0.749
1035,0.967,0.872,0.594
1036,0.969,0.856,0.514
1037,0.953,0.8,0.436
1038,0.953,0.749,0.424
1039,0.95,0.758,0.391
1040,0.917,0.789,0.338
1041,0.876,0.816,0.387
1042,0.594,0.414,0.183
1043,0.662,0.514,0.179
1044,0.78,0.783,0.202
1045,0.785,0.771,0.268
1046,0.714,0.59,0.303
1047,0.728,0.549,0.269
1048,0.754,0.549,0.223
1049,0.761,0.589,0.202
1050,0.703,0.516,0.232
1051,0.673,0.633,0.291
1052,0.717,0.642,0.241
1053,0.768,0.764,0.246
1054,0.797,0.816,0.226
1055,0.846,0.819,0.172
1056,0.842,0.837,0.202
1057,0.966,0.84,0.814
1058,0.972,0.848,0.749
1059,0.967,0.872,0.594
1060,0.969,0.856,0.514
1061,0.953,0.8,0.436
1062,0.953,0.749,0.424
1063,0.95,0.758,0.391
1064,0.917,0.789,0.338
1065,0.876,0.816,0.387
1066,0.594,0.414,0.183
1067,0.662,0.514,0.179
1068,0.78,0.783,0.202
1069,0.785,0.771,0.268
1070,0.714,0.59,0.303
1071,0.728,0.549,0.269
1072,0.754,0.549,0.223
1073,0.761,0.589,0.202
1074,0.703,0.516,0.232
1075,0.673,0.633,0.291
1076,0.717,0.642,0.241
1077,0.768,0.764,0.246
1078,0.797,0.816,0.226
1079,0.846,0.819,0.172
1080,0.842,0.837,0.202
1081,0.966,0.84,0.814
1082,0.972,0.848,0.749
1083,0.967,0.872,0.594
1084,0.969,0.856,0.514
1085,0.953,0.8,0.436
1086,0.953,0.749,0.424
1087,0.95,0.758,0.391
1088,0.917,0.789,0.338
1089,0.876,0.816,0.387
1090,0.594,0.414,0.183
1091,0.662,0.514,0.179
1092,0.78,0.783,0.202
1093,0.785,0.771,0.268
1094,0.714,0.59,0.303
1095,0.728,0.549,0.269
1096,0.754,0.549,0.223
1097,0.761,0.589,0.202
1098,0.703,0.516,0.232
1099,0.673,0.633,0.291
1100,0.717,0.642,0.241
1101,0.768,0.764,0.246
1102,0.797,0.816,0.226
1103,0.846,0.819,0.172
1104,0.842,0.837,0.202
1105,0.966,0.84,0.814
1106,0.972,0.848,0.749
1107,0.967,0.872,0.594
1108,0.969,0.856,0.514
1109,0.953,0.8,0.436
1110,0.953,0.749,0.424
1111,0.95,0.758,0.391
1112,0.917,0.789,0.338
1113,0.876,0.816,0.387
1114,0.594,0.414,0.183
1115,0.662,0.514,0.179
1116,0.78,0.783,0.202
1117,0.785,0.771,0.268
1118,0.714,0.59,0.303
1119,0.728,0.549,0.269
1120,0.754,0.549,0.223
1121,0.761,0.589,0.202
1122,0.703,0.516,0.232
1123,0.673,0.633,0.291
1124,0.717,0.642,0.241
1125,0.768,0.764,0.246
1126,0.797,0.816,0.226
1127,0.846,0.819,0.172
1128,0.842,0.837,0.202
1129,0.966,0.84,0.814
1130,0.972,0.848,0.749
1131,0.967,0.872,0.594
1132,0.969,0.856,0.514
1133,0.953,0.8,0.436
1134,0.953,0.749,0.424
1135,0.95,0.758,0.391
1136,0.917,0.789,0.338
1137,0.876,0.816,0.387
1138,0.594,0.414,0.183
1139,0.662,0.514,0.179
1140,0.78,0.783,0.202
1141,0.785,0.771,0.268
1142,0.714,0.59,0.303
1143,0.728,0.549,0.269
1144,0.754,0.549,0.223
1145,0.761,0.589,0.202
1146,0.703,0.516,0.232
1147,0.673,0.633,0.291
1148,0.717,0.642,0.241
1149,0.768,0.764,0.246
1150,0.797,0.816,0.226
1151,0.846,0.819,0.172
1152,0.842,0.837,0.202
1153,0.966,0.84,0.814
1154,0.972,0.848,0.749
1155,0.967,0.872,0.594
1156,0.969,0.856,0.514
1157,0.953,0.8,0.436
1158,0.953,0.749,0.424
1159,0.95,0.758,0.391
1160,0.917,0.789,0.338
1161,0.876,0.816,0.387
1162,0.594,0.414,0.183
1163,0.662,0.514,0.179
1164,0.78,0.783,0.202
1165,0.785,0.771,0.268
1166,0.714,0.59,0.303
1167,0.728,0.549,0.269
1168,0.754,0.549,0.223
1169,0.761,0.589,0.202
1170,0.703,0.516,0.232
1171,0.673,0.633,0.291
1172,0.717,0.642,0.241
1173,0.768,0.764,0.246
1174,0.797,0.816,0.226
1175,0.846,0.819,0.172
1176,0.842,0.837,0.202
1177,0.966,0.84,0.814
1178,0.972,0.848,0.749
1179,0.967,0.872,0.594
1180,0.969,0.856,0.514
1181,0.953,0.8,0.436
1182,0.953,0.749,0.424
1183,0.95,0.758,0.391
1184,0.917,0.789,0.338
1185,0.876,0.816,0.387
1186,0.594,0.414,0.183
1187,0.662,0.514,0.179
1188,0.78,0.783,0.202
1189,0.785,0.771,0.268
1190,0.714,0.59,0.303
1191,0.728,0.549,0.269
1192,0.754,0.549,0.223
1193,0.761,0.589,0.202
1194,0.703,0.516,0.232
1195,0.673,0.633,0.291
1196,0.717,0.642,0.241
1197,0.768,0.764,0.246
1198,0.797,0.816,0.226
1199,0.846,0.819,0.172
1200,0.842,0.837,0.202
1201,0.966,0.84,0.814
1202,0.972,0.848,0.749
1203,0.967,0.872,0.594
1204,0.969,0.856,0.514
1205,0.953,0.8,0.436
1206,0.953,0.749,0.424
1207,0.95,0.758,0.391
1208,0.917,0.789,0.338
1209,0.876,0.816,0.387
1210,0.594,0.414,0.183
1211,0.662,0.514,0.179
1212,0.78,0.783,0.202
1213,0.785,0.771,0.268
1214,0.714,0.59,0.303
1215,0.728,0.549,0.269
1216,0.754,0.549,0.223
1217,0.761,0.589,0.202
1218,0.703,0.516,0.232
1219,0.673,0.633,0.291
1220,0.717,0.642,0.241
1221,0.768,0.764,0.246
1222,0.797,0.816,0.226
1223,0.846,0.819,0.172
1224,0.842,0.837,0.202
1225,0.966,0.84,0.814
1226,0.972,0.848,0.749
1227,0.967,0.872,0.594
1228,0.969,0.856,0.514
1229,0.953,0.8,0.436
1230,0.953,0.749,0.424
1231,0.95,0.758,0.391
1232,0.917,0.789,0.338
1233,0.876,0.816,0.387
1234,0.594,0.414,0.183
1235,0.662,0.514,0.179
1236,0.78,0.783,0.202
1237,0.785,0.771,0.268
1238,0.714,0.59,0.303
1239,0.728,0.549,0.269
1240,0.754,0.549,0.223
1241,0.761,0.589,0.202
1242,0.703,0.516,0.232
1243,0.673,0.633,0.291
1244,0.717,0.642,0.241
1245,0.768,0.764,0.246
1246,0.797,0.816,0.226
1247,0.846,0.819,0.172
1248,0.842,0.837,0.202
1249,0.966,0.84,0.814
1250,0.972,0.848,0.749
1251,0.967,0.872,0.594
1252,0.969,0.856,0.514
1253,0.953,0.8,0.436
1254,0.953,0.749,0.424
1255,0.95,0.758,0.391
1256,0.917,0.789,0.338
1257,0.876,0.816,0.387
1258,0.594,0.414,0.183
1259,0.662,0.514,0.179
1260,0.78,0.783,0.202
1261,0.785,0.771,0.268
1262,0.714,0.59,0.303
1263,0.728,0.549,0.269
1264,0.754,0.549,0.223
1265,0.761,0.589,0.202
1266,0.703,0.516,0.232
1267,0.673,0.633,0.291
1268,0.717,0.642,0.241
1269,0.768,0.764,0.246
1270,0.797,0.816,0.226
1271,0.846,0.819,0.172
1272,0.842,0.837,0.202
1273,0.966,0.84,0.814
1274,0.972,0.848,0.749
1275,0.967,0.872,0.594
1276,0.969,0.856,0.514
1277,0.953,0.8,0.436
1278,0.953,0.749,0.424
1279,0.95,0.758,0.391
1280,0.917,0.789,0.338
1281,0.876,0.816,0.387
1282,0.594,0.414,0.183
1283,0.662,0.514,0.179
1284,0.78,0.783,0.202
1285,0.785,0.771,0.268
1286,0.714,0.59,0.303
1287,0.728,0.549,0.269
1288,0.754,0.549,0.223
1289,0.761,0.589,0.202
1290,0.703,0.516,0.232
1291,0.673,0.633,0.291
1292,0.717,0.642,0.241
1293,0.768,0.764,0.246
1294,0.797,0.816,0.226
1295,0.846,0.819,0.172
1296,0.842,0.837,0.202
1297,0.966,0.84,0.814
1298,0.972,0.848,0.749
1299,0.967,0.872,0.594
1300,0.969,0.856,0.514
1301,0.953,0.8,0.436
1302,0.953,0.749,0.424
1303,0.95,0.758,0.391
1304,0.917,0.789,0.338
1305,0.876,0.816,0.387
1306,0.594,0.414,0.183
1307,0.662,0.514,0.179
1308,0.78,0.783,0.202
1309,0.785,0.771,0.268
1310,0.714,0.59,0.303
1311,0.728,0.549,0.269
1312,0.754,0.549,0.223
1313,0.761,0.589,0.202
1314,0.703,0.516,0.232
1315,0.673,0.633,0.291
1316,0.717,0.642,0.241
1317,0.768,0.764,0.246
1318,0.797,0.816,0.226
1319,0.846,0.819,0.172
1320,0.842,0.837,0.202
1321,0.966,0.84,0.814
1322,0.972,0.848,0.749
1323,0.967,0.872,0.594
1324,0.969,0.856,0.514
1325,0.953,0.8,0.436
1326,0.953,0.749,0.424
1327,0.95,0.758,0.391
1328,0.917,0.789,0.338
1329,0.876,0.816,0.387
1330,0.594,0.414,0.183
1331,0.662,0.514,0.179
1332,0.78,0.783,0.202
1333,0.785,0.771,0.268
1334,0.714,0.59,0.303
1335,0.728,0.549,0.269
1336,0.754,0.549,0.223
1337,0.761,0.589,0.202
1338,0.703,0.516,0.232
1339,0.673,0.633,0.291
1340,0.717,0.642,0.241
1341,0.768,0.764,0.246
1342,0.797,0.816,0.226
1343,0.846,0.819,0.172
1344,0.842,0.837,0.202
1345,0.966,0.84,0.814
1346,0.972,0.848,0.749
1347,0.967,0.872,0.594
1348,0.969,0.856,0.514
1349,0.953,0.8,0.436
1350,0.953,0.749,0.424
1351,0.95,0.758,0.391
1352,0.917,0.789,0.338
1353,0.876,0.816,0.387
1354,0.594,0.414,0.183
1355,0.662,0.514,0.179
1356,0.78,0.783,0.202
1357,0.785,0.771,0.268
1358,0.714,0.59,0.303
1359,0.728,0.549,0.269
1360,0.754,0.549,0.223
1361,0.761,0.589,0.202
1362,0.703,0.516,0.232
1363,0.673,0.633,0.291
1364,0.717,0.642,0.241
1365,0.768,0.764,0.246
1366,0.797,0.816,0.226
1367,0.846,0.819,0.172
1368,0.842,0.837,0.202
1369,0.966,0.84,0.814
1370,0.972,0.848,0.749
1371,0.967,0.872,0.594
1372,0.969,0.856,0.514
1373,0.953,0.8,0.436
1374,0.953,0.749,0.424
1375,0.95,0.758,0.391
1376,0.917,0.789,0.338
1377,0.876,0.816,0.387
1378,0.594,0.414,0.183
1379,0.662,0.514,0.179
1380,0.78,0.783,0.202
1381,0.785,0.771,0.268
1382,0.714,0.59,0.303
1383,0.728,0.549,0.269
1384,0.754,0.549,0.223
1385,0.761,0.589,0.202
1386,0.703,0.516,0.232
1387,0.673,0.633,0.291
1388,0.717,0.642,0.241
1389,0.768,0.764,0.246
1390,0.797,0.816,0.226
1391,0.846,0.819,0.172
1392,0.842,0.837,0.202
1393,0.966,0.84,0.814
1394,0.972,0.848,0.749
1395,0.967,0.872,0.594
1396,0.969,0.856,0.514
1397,0.953,0.8,0.436
1398,0.953,0.749,0.424
1399,0.95,0.758,0.391
1400,0.917,0.789,0.338
1401,0.876,0.816,0.387
1402,0.594,0.414,0.183
1403,0.662,0.514,0.179
1404,0.78,0.783,0.202
1405,0.785,0.771,0.268
1406,0.714,0.59,0.303
1407,0.728,0.549,0.269
1408,0.754,0.549,0.223
1409,0.761,0.589,0.202
1410,0.703,0.516,0.232
1411,0.673,0.633,0.291
1412,0.717,0.642,0.241
1413,0.768,0.764,0.246
1414,0.797,0.816,0.226
1415,0.846,0.819,0.172
1416,0.842,0.837,0.202
1417,0.966,0.84,0.814
1418,0.972,0.848,0.749
1419,0.967,0.872,0.594
1420,0.969,0.856,0.514
1421,0.953,0.8,0.436
1422,0.953,0.749,0.424
1423,0.95,0.758,0.391
1424,0.917,0.789,0.338
1425,0.876,0.816,0.387
1426,0.594,0.414,0.183
1427,0.662,0.514,0.179
1428,0.78,0.783,0.202
1429,0.785,0.771,0.268
1430,0.714,0.59,0.303
1431,0.728,0.549,0.269
1432,0.754,0.549,0.223
1433,0.761,0.589,0.202
1434,0.703,0.516,0.232
1435,0.673,0.633,0.291
1436,0.717,0.642,0.241
1437,0.768,0.764,0.246
1438,0.797,0.816,0.226
1439,0.846,0.819,0.172
1440,0.842,0.837,0.202
1441,0.966,0.84,0.814
1442,0.972,0.848,0.749
1443,0.967,0.872,0.594
1444,0.969,0.856,0.514
1445,0.953,0.8,0.436
1446,0.953,0.749,0.424
1447,0.95,0.758,0.391
1448,0.917,0.789,0.338
1449,0.876,0.816,0.387
1450,0.594,0.414,0.183
1451,0.662,0.514,0.179
1452,0.78,0.783,0.202
1453,0.785,0.771,0.268
1454,0.714,0.59,0.303
1455,0.728,0.549,0.269
1456,0.754,0.549,0.223
1457,0.761,0.589,0.202
1458,0.703,0.516,0.232
1459,0.673,0.633,0.291
1460,0.717,0.642,0.241
1461,0.768,0.764,0.246
1462,0.797,0.816,0.226
1463,0.846,0.819,0.172
1464,0.842,0.837,0.202
1465,0.966,0.84,0.814
1466,0.972,0.848,0.749
1467,0.967,0.872,0.594
1468,0.969,0.856,0.514
1469,0.953,0.8,0.436
1470,0.953,0.749,0.424
1471,0.95,0.758,0.391
1472,0.917,0.789,0.338
1473,0.876,0.816,0.387
1474,0.594,0.414,0.183
1475,0.662,0.514,0.179
1476,0.78,0.783,0.202
1477,0.785,0.771,0.268
1478,0.714,0.59,0.303
1479,0.728,0.549,0.269
1480,0.754,0.549,0.223
1481,0.761,0.589,0.202
1482,0.703,0.516,0.232
1483,0.673,0.633,0.291
1484,0.717,0.642,0.241
1485,0.768,0.764,0.246
1486,0.797,0.816,0.226
1487,0.846,0.819,0.172
1488,0.842,0.837,0.202
1489,0.966,0.84,0.814
1490,0.972,0.848,0.749
1491,0.967,0.872,0.594
1492,0.969,0.856,0.514
1493,0.953,0.8,0.436
1494,0.953,0.749,0.424
1495,0.95,0.758,0.391
1496,0.917,0.789,0.338
1497,0.876,0.816,0.387
1498,0.594,0.414,0.183
1499,0.662,0.514,0.179
1500,0.78,0.783,0.202
1501,0.785,0.771,0.268
1502,0.714,0.59,0.303
1503,0.728,0.549,0.269
1504,0.754,0.549,0.223
1505,0.761,0.589,0.202
1506,0.703,0.516,0.232
1507,0.673,0.633,0.291
1508,0.717,0.642,0.241
1509,0.768,0.764,0.246
1510,0.797,0.816,0.226
1511,0.846,0.819,0.172
1512,0.842,0.837,0.202
1513,0.966,0.84,0.814
1514,0.972,0.848,0.749
1515,0.967,0.872,0.594
1516,0.969,0.856,0.514
1517,0.953,0.8,0.436
1518,0.953,0.749,0.424
1519,0.95,0.758,0.391
1520,0.917,0.789,0.338
1521,0.876,0.816,0.387
1522,0.594,0.414,0.183
1523,0.662,0.514,0.179
1524,0.78,0.783,0.202
1525,0.785,0.771,0.268
1526,0.714,0.59,0.303
1527,0.728,0.549,0.269
1528,0.754,0.549,0.223
1529,0.761,0.589,0.202
1530,0.703,0.516,0.232
1531,0.673,0.633,0.291
1532,0.717,0.642,0.241
1533,0.768,0.764,0.246
1534,0.797,0.816,0.226
1535,0.846,0.819,0.172
1536,0.842,0.837,0.202
1537,0.966,0.84,0.814
1538,0.972,0.848,0.749
1539,0.967,0.872,0.594
1540,0.969,0.856,0.514
1541,0.953,0.8,0.436
1542,0.953,0.749,0.424
1543,0.95,0.758,0.391
1544,0.917,0.789,0.338
1545,0.876,0.816,0.387
1546,0.594,0.414,0.183
1547,0.662,0.514,0.179
1548,0.78,0.783,0.202
1549,0.785,0.771,0.268
1550,0.714,0.59,0.303
1551,0.728,0.549,0.269
1552,0.754,0.549,0.223
1553,0.761,0.589,0.202
1554,0.703,0.516,0.232
1555,0.673,0.633,0.291
1556,0.717,0.642,0.241
1557,0.768,0.764,0.246
1558,0.797,0.816,0.226
1559,0.846,0.819,0.172
1560,0.842,0.837,0.202
1561,0.966,0.84,0.814
1562,0.972,0.848,0.749
1563,0.967,0.872,0.594
1564,0.969,0.856,0.514
1565,0.953,0.8,0.436
1566,0.953,0.749,0.424
1567,0.95,0.758,0.391
1568,0.917,0.789,0.338
1569,0.876,0.816,0.387
1570,0.594,0.414,0.183
1571,0.662,0.514,0.179
1572,0.78,0.783,0.202
1573,0.785,0.771,0.268
1574,0.714,0.59,0.303
1575,0.728,0.549,0.269
1576,0.754,0.549,0.223
1577,0.761,0.589,0.202
1578,0.703,0.516,0.232
1579,0.673,0.633,0.291
1580,0.717,0.642,0.241
1581,0.768,0.764,0.246
1582,0.797,0.816,0.226
1583,0.846,0.819,0.172
1584,0.842,0.837,0.202
1585,0.966,0.84,0.814
1586,0.972,0.848,0.749
1587,0.967,0.872,0.594
1588,0.969,0.856,0.514
1589,0.953,0.8,0.436
1590,0.953,0.749,0.424
1591,0.95,0.758,0.391
1592,0.917,0.789,0.338
1593,0.876,0.816,0.387
1594,0.594,0.414,0.183
1595,0.662,0.514,0.179
1596,0.78,0.783,0.202
1597,0.785,0.771,0.268
1598,0.714,0.59,0.303
1599,0.728,0.549,0.269
1600,0.754,0.549,0.223
1601,0.761,0.589,0.202
1602,0.703,0.516,0.232
1603,0.673,0.633,0.291
1604,0.717,0.642,0.241
1605,0.768,0.764,0.246
1606,0.797,0.816,0.226
1607,0.846,0.819,0.172
1608,0.842,0.837,0.202
1609,0.966,0.84,0.814
1610,0.972,0.848,0.749
1611,0.967,0.872,0.594
1612,0.969,0.856,0.514
1613,0.953,0.8,0.436
1614,0.953,0.749,0.424
1615,0.95,0.758,0.391
1616,0.917,0.789,0.338
1617,0.876,0.816,0.387
1618,0.594,0.414,0.183
1619,0.662,0.514,0.179
1620,0.78,0.783,0.202
1621,0.785,0.771,0.268
1622,0.714,0.59,0.303
1623,0.728,0.549,0.269
1624,0.754,0.549,0.223
1625,0.761,0.589,0.202
1626,0.703,0.516,0.232
1627,0.673,0.633,0.291
1628,0.717,0.642,0.241
1629,0.768,0.764,0.246
1630,0.797,0.816,0.226
1631,0.846,0.819,0.172
1632,0.842,0.837,0.202
1633,0.966,0.84,0.814
1634,0.972,0.848,0.749
1635,0.967,0.872,0.594
1636,0.969,0.856,0.514
1637,0.953,0.8,0.436
1638,0.953,0.749,0.424
1639,0.95,0.758,0.391
1640,0.917,0.789,0.338
1641,0.876,0.816,0.387
1642,0.594,0.414,0.183
1643,0.662,0.514,0.179
1644,0.78,0.783,0.202
1645,0.785,0.771,0.268
1646,0.714,0.59,0.303
1647,0.728,0.549,0.269
1648,0.754,0.549,0.223
1649,0.761,0.589,0.202
1650,0.703,0.516,0.232
1651,0.673,0.633,0.291
1652,0.717,0.642,0.241
1653,0.768,0.764,0.246
1654,0.797,0.816,0.226
1655,0.846,0.819,0.172
1656,0.842,0.837,0.202
1657,0.966,0.84,0.814
1658,0.972,0.848,0.749
1659,0.967,0.872,0.594
1660,0.969,0.856,0.514
1661,0.953,0.8,0.436
1662,0.953,0.749,0.424
1663,0.95,0.758,0.391
1664,0.917,0.789,0.338
1665,0.876,0.816,0.387
1666,0.594,0.414,0.183
1667,0.662,0.514,0.179
1668,0.78,0.783,0.202
1669,0.785,0.771,0.268
1670,0.714,0.59,0.303
1671,0.728,0.549,0.269
1672,0.754,0.549,0.223
1673,0.761,0.589,0.202
1674,0.703,0.516,0.232
1675,0.673,0.633,0.291
1676,0.717,0.642,0.241
1677,0.768,0.764,0.246
1678,0.797,0.816,0.226
1679,0.846,0.819,0.172
1680,0.842,0.837,0.202