Time_Index,None,pacific_naturalgas,mountain_coal,mountain_naturalgas,mountain_uranium,pacific_naturalgas_ccs90,pacific_uranium,pacific_naturalgas_ccs100,mountain_naturalgas_ccs90,mountain_naturalgas_ccs100
0,0.0,0.05306,0.09552,0.05306,0.0,0.00531,0.0,0.0,0.00531,0.0
1,0.0,3.58,1.4,3.78,0.66,4.06,0.66,4.12,4.25,4.31
2,0.0,3.58,1.4,3.78,0.66,4.06,0.66,4.12,4.25,4.31
3,0.0,3.58,1.4,3.78,0.66,4.06,0.66,4.12,4.25,4.31
4,0.0,3.58,1.4,3.78,0.66,4.06,0.66,4.12,4.25,4.31
5,0.0,3.58,1.4,3.78,0.66,4.06,0.66,4.12,4.25,4.31
6,0.0,3.58,1.4,3.78,0.66,4.06,0.66,4.12,4.25,4.31
7,0.0,3.58,1.4,3.78,0.66,4.06,0.66,4.12,4.25,4.31
8,0.0,3.58,1.4,3.78,0.66,4.06,0.66,4.12,4.25,4.31
9,0.0,3.58,1.4,3.78,0.66,4.06,0.66,4.12,4.25,4.31
10,0.0,3.58,1.4,3.78,0.66,4.06,0.66,4.12,4.25,4.31
11,0.0,3.58,1.4,3.78,0.66,4.06,0.66,4.12,4.25,4.31
12,0.0,3.58,1.4,3.78,0.66,4.06,0.66,4.12,4.25,4.31
13,0.0,3.58,1.4,3.78,0.66,4.06,0.66,4.12,4.25,4.31
14,0.0,3.58,1.4,3.78,0.66,4.06,0.66,4.12,4.25,4.31
15,0.0,3.58,1.4,3.78,0.66,4.06,0.66,4.12,4.25,4.31
16,0.0,3.58,1.4,3.78,0.66,4.06,0.66,4.12,4.25,4.31
17,0.0,3.58,1.4,3.78,0.66,4.06,0.66,4.12,4.25,4.31
18,0.0,3.58,1.4,3.78,0.66,4.06,0.66,4.12,4.25,4.31
19,0.0,3.58,1.4,3.78,0.66,4.06,0.66,4.12,4.25,4.31
20,0.0,3.58,1.4,3.78,0.66,4.06,0.66,4.12,4.25,4.31
21,0.0,3.58,1.4,3.78,0.66,4.06,0.66,4.12,4.25,4.31
22,0.0,3.58,1.4,3.78,0.66,4.06,0.66,4.12,4.25,4.31
23,0.0,3.58,1.4,3.78,0.66,4.06,0.66,4.12,4.25,4.31
24,0.0,3.58,1.4,3.78,0.66,4.06,0.66,4.12,4.25,4.31
25,0.0,3.58,1.4,3.78,0.66,4.06,0.66,4.12,4.25,4.31
26,0.0,3.58,1.4,3.78,0.66,4.06,0.66,4.12,4.25,4.31
27,0.0,3.58,1.4,3.78,0.66,4.06,0.66,4.12,4.25,4.31
28,0.0,3.58,1.4,3.78,0.66,4.06,0.66,4.12,4.25,4.31
29,0.0,3.58,1.4,3.78,0.66,4.06,0.66,4.12,4.25,4.31
30,0.0,3.58,1.4,3.78,0.66,4.06,0.66,4.12,4.25,4.31
31,0.0,3.58,1.4,3.78,0.66,4.06,0.66,4.12,4.25,4.31
32,0.0,3.58,1.4,3.78,0.66,4.06,0.66,4.12,4.25,4.31
33,0.0,3.58,1.4,3.78,0.66,4.06,0.66,4.12,4.25,4.31
34,0.0,3.58,1.4,3.78,0.66,4.06,0.66,4.12,4.25,4.31
35,0.0,3.58,1.4,3.78,0.66,4.06,0.66,4.12,4.25,4.31
36,0.0,3.58,1.4,3.78,0.66,4.06,0.66,4.12,4.25,4.31
37,0.0,3.58,1.4,3.78,0.66,4.06,0.66,4.12,4.25,4.31
38,0.0,3.58,1.4,3.78,0.66,4.06,0.66,4.12,4.25,4.31
39,0.0,3.58,1.4,3.78,0.66,4.06,0.66,4.12,4.25,4.31
40,0.0,3.58,1.4,3.78,0.66,4.06,0.66,4.12,4.25,4.31
41,0.0,3.58,1.4,3.78,0.66,4.06,0.66,4.12,4.25,4.31
42,0.0,3.58,1.4,3.78,0.66,4.06,0.66,4.12,4.25,4.31
43,0.0,3.58,1.4,3.78,0.66,4.06,0.66,4.12,4.25,4.31
44,0.0,3.58,1.4,3.78,0.66,4.06,0.66,4.12,4.25,4.31
45,0.0,3.58,1.4,3.78,0.66,4.06,0.66,4.12,4.25,4.31
46,0.0,3.58,1.4,3.78,0.66,4.06,0.66,4.12,4.25,4.31
47,0.0,3.58,1.4,3.78,0.66,4.06,0.66,4.12,4.25,4.31
48,0.0,3.58,1.4,3.78,0.66,4.06,0.66,4.12,4.25,4.31
49,0.0,3.58,1.4,3.78,0.66,4.06,0.66,4.12,4.25,4.31
50,0.0,3.58,1.4,3.78,0.66,4.06,0.66,4.12,4.25,4.31
51,0.0,3.58,1.4,3.78,0.66,4.06,0.66,4.12,4.25,4.31
52,0.0,3.58,1.4,3.78,0.66,4.06,0.66,4.12,4.25,4.31
53,0.0,3.58,1.4,3.78,0.66,4.06,0.66,4.12,4.25,4.31
54,0.0,3.58,1.4,3.78,0.66,4.06,0.66,4.12,4.25,4.31
55,0.0,3.58,1.4,3.78,0.66,4.06,0.66,4.12,4.25,4.31
56,0.0,3.58,1.4,3.78,0.66,4.06,0.66,4.12,4.25,4.31
57,0.0,3.58,1.4,3.78,0.66,4.06,0.66,4.12,4.25,4.31
58,0.0,3.58,1.4,3.78,0.66,4.06,0.66,4.12,4.25,4.31
59,0.0,3.58,1.4,3.78,0.66,4.06,0.66,4.12,4.25,4.31
60,0.0,3.58,1.4,3.78,0.66,4.06,0.66,4.12,4.25,4.31
61,0.0,3.58,1.4,3.78,0.66,4.06,0.66,4.12,4.25,4.31
62,0.0,3.58,1.4,3.78,0.66,4.06,0.66,4.12,4.25,4.31
63,0.0,3.58,1.4,3.78,0.66,4.06,0.66,4.12,4.25,4.31
64,0.0,3.58,1.4,3.78,0.66,4.06,0.66,4.12,4.25,4.31
65,0.0,3.58,1.4,3.78,0.66,4.06,0.66,4.12,4.25,4.31
66,0.0,3.58,1.4,3.78,0.66,4.06,0.66,4.12,4.25,4.31
67,0.0,3.58,1.4,3.78,0.66,4.06,0.66,4.12,4.25,4.31
68,0.0,3.58,1.4,3.78,0.66,4.06,0.66,4.12,4.25,4.31
69,0.0,3.58,1.4,3.78,0.66,4.06,0.66,4.12,4.25,4.31
70,0.0,3.58,1.4,3.78,0.66,4.06,0.66,4.12,4.25,4.31
71,0.0,3.58,1.4,3.78,0.66,4.06,0.66,4.12,4.25,4.31
72,0.0,3.58,1.4,3.78,0.66,4.06,0.66,4.12,4.25,4.31
73,0.0,3.58,1.4,3.78,0.66,4.06,0.66,4.12,4.25,4.31
74,0.0,3.58,1.4,3.78,0.66,4.06,0.66,4.12,4.25,4.31
75,0.0,3.58,1.4,3.78,0.66,4.06,0.66,4.12,4.25,4.31
76,0.0,3.58,1.4,3.78,0.66,4.06,0.66,4.12,4.25,4.31
77,0.0,3.58,1.4,3.78,0.66,4.06,0.66,4.12,4.25,4.31
78,0.0,3.58,1.4,3.78,0.66,4.06,0.66,4.12,4.25,4.31
79,0.0,3.58,1.4,3.78,0.66,4.06,0.66,4.12,4.25,4.31
80,0.0,3.58,1.4,3.78,0.66,4.06,0.66,4.12,4.25,4.31
81,0.0,3.58,1.4,3.78,0.66,4.06,0.66,4.12,4.25,4.31
82,0.0,3.58,1.4,3.78,0.66,4.06,0.66,4.12,4.25,4.31
83,0.0,3.58,1.4,3.78,0.66,4.06,0.66,4.12,4.25,4.31
84,0.0,3.58,1.4,3.78,0.66,4.06,0.66,4.12,4.25,4.31
85,0.0,3.58,1.4,3.78,0.66,4.06,0.66,4.12,4.25,4.31
86,0.0,3.58,1.4,3.78,0.66,4.06,0.66,4.12,4.25,4.31
87,0.0,3.58,1.4,3.78,0.66,4.06,0.66,4.12,4.25,4.31
88,0.0,3.58,1.4,3.78,0.66,4.06,0.66,4.12,4.25,4.31
89,0.0,3.58,1.4,3.78,0.66,4.06,0.66,4.12,4.25,4.31
90,0.0,3.58,1.4,3.78,0.66,4.06,0.66,4.12,4.25,4.31
91,0.0,3.58,1.4,3.78,0.66,4.06,0.66,4.12,4.25,4.31
92,0.0,3.58,1.4,3.78,0.66,4.06,0.66,4.12,4.25,4.31
93,0.0,3.58,1.4,3.78,0.66,4.06,0.66,4.12,4.25,4.31
94,0.0,3.58,1.4,3.78,0.66,4.06,0.66,4.12,4.25,4.31
95,0.0,3.58,1.4,3.78,0.66,4.06,0.66,4.12,4.25,4.31
96,0.0,3.58,1.4,3.78,0.66,4.06,0.66,4.12,4.25,4.31
97,0.0,3.58,1.4,3.78,0.66,4.06,0.66,4.12,4.25,4.31
98,0.0,3.58,1.4,3.78,0.66,4.06,0.66,4.12,4.25,4.31
99,0.0,3.58,1.4,3.78,0.66,4.06,0.66,4.12,4.25,4.31
100,0.0,3.58,1.4,3.78,0.66,4.06,0.66,4.12,4.25,4.31
101,0.0,3.58,1.4,3.78,0.66,4.06,0.66,4.12,4.25,4.31
102,0.0,3.58,1.4,3.78,0.66,4.06,0.66,4.12,4.25,4.31
103,0.0,3.58,1.4,3.78,0.66,4.06,0.66,4.12,4.25,4.31
104,0.0,3.58,1.4,3.78,0.66,4.06,0.66,4.12,4.25,4.31
105,0.0,3.58,1.4,3.78,0.66,4.06,0.66,4.12,4.25,4.31
106,0.0,3.58,1.4,3.78,0.66,4.06,0.66,4.12,4.25,4.31
107,0.0,3.58,1.4,3.78,0.66,4.06,0.66,4.12,4.25,4.31
108,0.0,3.58,1.4,3.78,0.66,4.06,0.66,4.12,4.25,4.31
109,0.0,3.58,1.4,3.78,0.66,4.06,0.66,4.12,4.25,4.31
110,0.0,3.58,1.4,3.78,0.66,4.06,0.66,4.12,4.25,4.31
111,0.0,3.58,1.4,3.78,0.66,4.06,0.66,4.12,4.25,4.31
112,0.0,3.58,1.4,3.78,0.66,4.06,0.66,4.12,4.25,4.31
113,0.0,3.58,1.4,3.78,0.66,4.06,0.66,4.12,4.25,4.31
114,0.0,3.58,1.4,3.78,0.66,4.06,0.66,4.12,4.25,4.31
115,0.0,3.58,1.4,3.78,0.66,4.06,0.66,4.12,4.25,4.31
116,0.0,3.58,1.4,3.78,0.66,4.06,0.66,4.12,4.25,4.31
117,0.0,3.58,1.4,3.78,0.66,4.06,0.66,4.12,4.25,4.31
118,0.0,3.58,1.4,3.78,0.66,4.06,0.66,4.12,4.25,4.31
119,0.0,3.58,1.4,3.78,0.66,4.06,0.66,4.12,4.25,4.31
120,0.0,3.58,1.4,3.78,0.66,4.06,0.66,4.12,4.25,4.31
121,0.0,3.58,1.4,3.78,0.66,4.06,0.66,4.12,4.25,4.31
122,0.0,3.58,1.4,3.78,0.66,4.06,0.66,4.12,4.25,4.31
123,0.0,3.58,1.4,3.78,0.66,4.06,0.66,4.12,4.25,4.31
124,0.0,3.58,1.4,3.78,0.66,4.06,0.66,4.12,4.25,4.31
125,0.0,3.58,1.4,3.78,0.66,4.06,0.66,4.12,4.25,4.31
126,0.0,3.58,1.4,3.78,0.66,4.06,0.66,4.12,4.25,4.31
127,0.0,3.58,1.4,3.78,0.66,4.06,0.66,4.12,4.25,4.31
128,0.0,3.58,1.4,3.78,0.66,4.06,0.66,4.12,4.25,4.31
129,0.0,3.58,1.4,3.78,0.66,4.06,0.66,4.12,4.25,4.31
130,0.0,3.58,1.4,3.78,0.66,4.06,0.66,4.12,4.25,4.31
131,0.0,3.58,1.4,3.78,0.66,4.06,0.66,4.12,4.25,4.31
132,0.0,3.58,1.4,3.78,0.66,4.06,0.66,4.12,4.25,4.31
133,0.0,3.58,1.4,3.78,0.66,4.06,0.66,4.12,4.25,4.31
134,0.0,3.58,1.4,3.78,0.66,4.06,0.66,4.12,4.25,4.31
135,0.0,3.58,1.4,3.78,0.66,4.06,0.66,4.12,4.25,4.31
136,0.0,3.58,1.4,3.78,0.66,4.06,0.66,4.12,4.25,4.31
137,0.0,3.58,1.4,3.78,0.66,4.06,0.66,4.12,4.25,4.31
138,0.0,3.58,1.4,3.78,0.66,4.06,0.66,4.12,4.25,4.31
139,0.0,3.58,1.4,3.78,0.66,4.06,0.66,4.12,4.25,4.31
140,0.0,3.58,1.4,3.78,0.66,4.06,0.66,4.12,4.25,4.31
141,0.0,3.58,1.4,3.78,0.66,4.06,0.66,4.12,4.25,4.31
142,0.0,3.58,1.4,3.78,0.66,4.06,0.66,4.12,4.25,4.31
143,0.0,3.58,1.4,3.78,0.66,4.06,0.66,4.12,4.25,4.31
144,0.0,3.58,1.4,3.78,0.66,4.06,0.66,4.12,4.25,4.31
145,0.0,3.58,1.4,3.78,0.66,4.06,0.66,4.12,4.25,4.31
146,0.0,3.58,1.4,3.78,0.66,4.06,0.66,4.12,4.25,4.31
147,0.0,3.58,1.4,3.78,0.66,4.06,0.66,4.12,4.25,4.31
148,0.0,3.58,1.4,3.78,0.66,4.06,0.66,4.12,4.25,4.31
149,0.0,3.58,1.4,3.78,0.66,4.06,0.66,4.12,4.25,4.31
150,0.0,3.58,1.4,3.78,0.66,4.06,0.66,4.12,4.25,4.31
151,0.0,3.58,1.4,3.78,0.66,4.06,0.66,4.12,4.25,4.31
152,0.0,3.58,1.4,3.78,0.66,4.06,0.66,4.12,4.25,4.31
153,0.0,3.58,1.4,3.78,0.66,4.06,0.66,4.12,4.25,4.31
154,0.0,3.58,1.4,3.78,0.66,4.06,0.66,4.12,4.25,4.31
155,0.0,3.58,1.4,3.78,0.66,4.06,0.66,4.12,4.25,4.31
156,0.0,3.58,1.4,3.78,0.66,4.06,0.66,4.12,4.25,4.31
157,0.0,3.58,1.4,3.78,0.66,4.06,0.66,4.12,4.25,4.31
158,0.0,3.58,1.4,3.78,0.66,4.06,0.66,4.12,4.25,4.31
159,0.0,3.58,1.4,3.78,0.66,4.06,0.66,4.12,4.25,4.31
160,0.0,3.58,1.4,3.78,0.66,4.06,0.66,4.12,4.25,4.31
161,0.0,3.58,1.4,3.78,0.66,4.06,0.66,4.12,4.25,4.31
162,0.0,3.58,1.4,3.78,0.66,4.06,0.66,4.12,4.25,4.31
163,0.0,3.58,1.4,3.78,0.66,4.06,0.66,4.12,4.25,4.31
164,0.0,3.58,1.4,3.78,0.66,4.06,0.66,4.12,4.25,4.31
165,0.0,3.58,1.4,3.78,0.66,4.06,0.66,4.12,4.25,4.31
166,0.0,3.58,1.4,3.78,0.66,4.06,0.66,4.12,4.25,4.31
167,0.0,3.58,1.4,3.78,0.66,4.06,0.66,4.12,4.25,4.31
168,0.0,3.58,1.4,3.78,0.66,4.06,0.66,4.12,4.25,4.31
169,0.0,3.58,1.4,3.78,0.66,4.06,0.66,4.12,4.25,4.31
170,0.0,3.58,1.4,3.78,0.66,4.06,0.66,4.12,4.25,4.31
171,0.0,3.58,1.4,3.78,0.66,4.06,0.66,4.12,4.25,4.31
172,0.0,3.58,1.4,3.78,0.66,4.06,0.66,4.12,4.25,4.31
173,0.0,3.58,1.4,3.78,0.66,4.06,0.66,4.12,4.25,4.31
174,0.0,3.58,1.4,3.78,0.66,4.06,0.66,4.12,4.25,4.31
175,0.0,3.58,1.4,3.78,0.66,4.06,0.66,4.12,4.25,4.31
176,0.0,3.58,1.4,3.78,0.66,4.06,0.66,4.12,4.25,4.31
177,0.0,3.58,1.4,3.78,0.66,4.06,0.66,4.12,4.25,4.31
178,0.0,3.58,1.4,3.78,0.66,4.06,0.66,4.12,4.25,4.31
179,0.0,3.58,1.4,3.78,0.66,4.06,0.66,4.12,4.25,4.31
180,0.0,3.58,1.4,3.78,0.66,4.06,0.66,4.12,4.25,4.31
181,0.0,3.58,1.4,3.78,0.66,4.06,0.66,4.12,4.25,4.31
182,0.0,3.58,1.4,3.78,0.66,4.06,0.66,4.12,4.25,4.31
183,0.0,3.58,1.4,3.78,0.66,4.06,0.66,4.12,4.25,4.31
184,0.0,3.58,1.4,3.78,0.66,4.06,0.66,4.12,4.25,4.31
185,0.0,3.58,1.4,3.78,0.66,4.06,0.66,4.12,4.25,4.31
186,0.0,3.58,1.4,3.78,0.66,4.06,0.66,4.12,4.25,4.31
187,0.0,3.58,1.4,3.78,0.66,4.06,0.66,4.12,4.25,4.31
188,0.0,3.58,1.4,3.78,0.66,4.06,0.66,4.12,4.25,4.31
189,0.0,3.58,1.4,3.78,0.66,4.06,0.66,4.12,4.25,4.31
190,0.0,3.58,1.4,3.78,0.66,4.06,0.66,4.12,4.25,4.31
191,0.0,3.58,1.4,3.78,0.66,4.06,0.66,4.12,4.25,4.31
192,0.0,3.58,1.4,3.78,0.66,4.06,0.66,4.12,4.25,4.31
193,0.0,3.58,1.4,3.78,0.66,4.06,0.66,4.12,4.25,4.31
194,0.0,3.58,1.4,3.78,0.66,4.06,0.66,4.12,4.25,4.31
195,0.0,3.58,1.4,3.78,0.66,4.06,0.66,4.12,4.25,4.31
196,0.0,3.58,1.4,3.78,0.66,4.06,0.66,4.12,4.25,4.31
197,0.0,3.58,1.4,3.78,0.66,4.06,0.66,4.12,4.25,4.31
198,0.0,3.58,1.4,3.78,0.66,4.06,0.66,4.12,4.25,4.31
199,0.0,3.58,1.4,3.78,0.66,4.06,0.66,4.12,4.25,4.31
200,0.0,3.58,1.4,3.78,0.66,4.06,0.66,4.12,4.25,4.31
201,0.0,3.58,1.4,3.78,0.66,4.06,0.66,4.12,4.25,4.31
202,0.0,3.58,1.4,3.78,0.66,4.06,0.66,4.12,4.25,4.31
203,0.0,3.58,1.4,3.78,0.66,4.06,0.66,4.12,4.25,4.31
204,0.0,3.58,1.4,3.78,0.66,4.06,0.66,4.12,4.25,4.31
205,0.0,3.58,1.4,3.78,0.66,4.06,0.66,4.12,4.25,4.31
206,0.0,3.58,1.4,3.78,0.66,4.06,0.66,4.12,4.25,4.31
207,0.0,3.58,1.4,3.78,0.66,4.06,0.66,4.12,4.25,4.31
208,0.0,3.58,1.4,3.78,0.66,4.06,0.66,4.12,4.25,4.31
209,0.0,3.58,1.4,3.78,0.66,4.06,0.66,4.12,4.25,4.31
210,0.0,3.58,1.4,3.78,0.66,4.06,0.66,4.12,4.25,4.31
211,0.0,3.58,1.4,3.78,0.66,4.06,0.66,4.12,4.25,4.31
212,0.0,3.58,1.4,3.78,0.66,4.06,0.66,4.12,4.25,4.31
213,0.0,3.58,1.4,3.78,0.66,4.06,0.66,4.12,4.25,4.31
214,0.0,3.58,1.4,3.78,0.66,4.06,0.66,4.12,4.25,4.31
215,0.0,3.58,1.4,3.78,0.66,4.06,0.66,4.12,4.25,4.31
216,0.0,3.58,1.4,3.78,0.66,4.06,0.66,4.12,4.25,4.31
217,0.0,3.58,1.4,3.78,0.66,4.06,0.66,4.12,4.25,4.31
218,0.0,3.58,1.4,3.78,0.66,4.06,0.66,4.12,4.25,4.31
219,0.0,3.58,1.4,3.78,0.66,4.06,0.66,4.12,4.25,4.31
220,0.0,3.58,1.4,3.78,0.66,4.06,0.66,4.12,4.25,4.31
221,0.0,3.58,1.4,3.78,0.66,4.06,0.66,4.12,4.25,4.31
222,0.0,3.58,1.4,3.78,0.66,4.06,0.66,4.12,4.25,4.31
223,0.0,3.58,1.4,3.78,0.66,4.06,0.66,4.12,4.25,4.31
224,0.0,3.58,1.4,3.78,0.66,4.06,0.66,4.12,4.25,4.31
225,0.0,3.58,1.4,3.78,0.66,4.06,0.66,4.12,4.25,4.31
226,0.0,3.58,1.4,3.78,0.66,4.06,0.66,4.12,4.25,4.31
227,0.0,3.58,1.4,3.78,0.66,4.06,0.66,4.12,4.25,4.31
228,0.0,3.58,1.4,3.78,0.66,4.06,0.66,4.12,4.25,4.31
229,0.0,3.58,1.4,3.78,0.66,4.06,0.66,4.12,4.25,4.31
230,0.0,3.58,1.4,3.78,0.66,4.06,0.66,4.12,4.25,4.31
231,0.0,3.58,1.4,3.78,0.66,4.06,0.66,4.12,4.25,4.31
232,0.0,3.58,1.4,3.78,0.66,4.06,0.66,4.12,4.25,4.31
233,0.0,3.58,1.4,3.78,0.66,4.06,0.66,4.12,4.25,4.31
234,0.0,3.58,1.4,3.78,0.66,4.06,0.66,4.12,4.25,4.31
235,0.0,3.58,1.4,3.78,0.66,4.06,0.66,4.12,4.25,4.31
236,0.0,3.58,1.4,3.78,0.66,4.06,0.66,4.12,4.25,4.31
237,0.0,3.58,1.4,3.78,0.66,4.06,0.66,4.12,4.25,4.31
238,0.0,3.58,1.4,3.78,0.66,4.06,0.66,4.12,4.25,4.31
239,0.0,3.58,1.4,3.78,0.66,4.06,0.66,4.12,4.25,4.31
240,0.0,3.58,1.4,3.78,0.66,4.06,0.66,4.12,4.25,4.31
241,0.0,3.58,1.4,3.78,0.66,4.06,0.66,4.12,4.25,4.31
242,0.0,3.58,1.4,3.78,0.66,4.06,0.66,4.12,4.25,4.31
243,0.0,3.58,1.4,3.78,0.66,4.06,0.66,4.12,4.25,4.31
244,0.0,3.58,1.4,3.78,0.66,4.06,0.66,4.12,4.25,4.31
245,0.0,3.58,1.4,3.78,0.66,4.06,0.66,4.12,4.25,4.31
246,0.0,3.58,1.4,3.78,0.66,4.06,0.66,4.12,4.25,4.31
247,0.0,3.58,1.4,3.78,0.66,4.06,0.66,4.12,4.25,4.31
248,0.0,3.58,1.4,3.78,0.66,4.06,0.66,4.12,4.25,4.31
249,0.0,3.58,1.4,3.78,0.66,4.06,0.66,4.12,4.25,4.31
250,0.0,3.58,1.4,3.78,0.66,4.06,0.66,4.12,4.25,4.31
251,0.0,3.58,1.4,3.78,0.66,4.06,0.66,4.12,4.25,4.31
252,0.0,3.58,1.4,3.78,0.66,4.06,0.66,4.12,4.25,4.31
253,0.0,3.58,1.4,3.78,0.66,4.06,0.66,4.12,4.25,4.31
254,0.0,3.58,1.4,3.78,0.66,4.06,0.66,4.12,4.25,4.31
255,0.0,3.58,1.4,3.78,0.66,4.06,0.66,4.12,4.25,4.31
256,0.0,3.58,1.4,3.78,0.66,4.06,0.66,4.12,4.25,4.31
257,0.0,3.58,1.4,3.78,0.66,4.06,0.66,4.12,4.25,4.31
258,0.0,3.58,1.4,3.78,0.66,4.06,0.66,4.12,4.25,4.31
259,0.0,3.58,1.4,3.78,0.66,4.06,0.66,4.12,4.25,4.31
260,0.0,3.58,1.4,3.78,0.66,4.06,0.66,4.12,4.25,4.31
261,0.0,3.58,1.4,3.78,0.66,4.06,0.66,4.12,4.25,4.31
262,0.0,3.58,1.4,3.78,0.66,4.06,0.66,4.12,4.25,4.31
263,0.0,3.58,1.4,3.78,0.66,4.06,0.66,4.12,4.25,4.31
264,0.0,3.58,1.4,3.78,0.66,4.06,0.66,4.12,4.25,4.31
265,0.0,3.58,1.4,3.78,0.66,4.06,0.66,4.12,4.25,4.31
266,0.0,3.58,1.4,3.78,0.66,4.06,0.66,4.12,4.25,4.31
267,0.0,3.58,1.4,3.78,0.66,4.06,0.66,4.12,4.25,4.31
268,0.0,3.58,1.4,3.78,0.66,4.06,0.66,4.12,4.25,4.31
269,0.0,3.58,1.4,3.78,0.66,4.06,0.66,4.12,4.25,4.31
270,0.0,3.58,1.4,3.78,0.66,4.06,0.66,4.12,4.25,4.31
271,0.0,3.58,1.4,3.78,0.66,4.06,0.66,4.12,4.25,4.31
272,0.0,3.58,1.4,3.78,0.66,4.06,0.66,4.12,4.25,4.31
273,0.0,3.58,1.4,3.78,0.66,4.06,0.66,4.12,4.25,4.31
274,0.0,3.58,1.4,3.78,0.66,4.06,0.66,4.12,4.25,4.31
275,0.0,3.58,1.4,3.78,0.66,4.06,0.66,4.12,4.25,4.31
276,0.0,3.58,1.4,3.78,0.66,4.06,0.66,4.12,4.25,4.31
277,0.0,3.58,1.4,3.78,0.66,4.06,0.66,4.12,4.25,4.31
278,0.0,3.58,1.4,3.78,0.66,4.06,0.66,4.12,4.25,4.31
279,0.0,3.58,1.4,3.78,0.66,4.06,0.66,4.12,4.25,4.31
280,0.0,3.58,1.4,3.78,0.66,4.06,0.66,4.12,4.25,4.31
281,0.0,3.58,1.4,3.78,0.66,4.06,0.66,4.12,4.25,4.31
282,0.0,3.58,1.4,3.78,0.66,4.06,0.66,4.12,4.25,4.31
283,0.0,3.58,1.4,3.78,0.66,4.06,0.66,4.12,4.25,4.31
284,0.0,3.58,1.4,3.78,0.66,4.06,0.66,4.12,4.25,4.31
285,0.0,3.58,1.4,3.78,0.66,4.06,0.66,4.12,4.25,4.31
286,0.0,3.58,1.4,3.78,0.66,4.06,0.66,4.12,4.25,4.31
287,0.0,3.58,1.4,3.78,0.66,4.06,0.66,4.12,4.25,4.31
288,0.0,3.58,1.4,3.78,0.66,4.06,0.66,4.12,4.25,4.31
289,0.0,3.58,1.4,3.78,0.66,4.06,0.66,4.12,4.25,4.31
290,0.0,3.58,1.4,3.78,0.66,4.06,0.66,4.12,4.25,4.31
291,0.0,3.58,1.4,3.78,0.66,4.06,0.66,4.12,4.25,4.31
292,0.0,3.58,1.4,3.78,0.66,4.06,0.66,4.12,4.25,4.31
293,0.0,3.58,1.4,3.78,0.66,4.06,0.66,4.12,4.25,4.31
294,0.0,3.58,1.4,3.78,0.66,4.06,0.66,4.12,4.25,4.31
295,0.0,3.58,1.4,3.78,0.66,4.06,0.66,4.12,4.25,4.31
296,0.0,3.58,1.4,3.78,0.66,4.06,0.66,4.12,4.25,4.31
297,0.0,3.58,1.4,3.78,0.66,4.06,0.66,4.12,4.25,4.31
298,0.0,3.58,1.4,3.78,0.66,4.06,0.66,4.12,4.25,4.31
299,0.0,3.58,1.4,3.78,0.66,4.06,0.66,4.12,4.25,4.31
300,0.0,3.58,1.4,3.78,0.66,4.06,0.66,4.12,4.25,4.31
301,0.0,3.58,1.4,3.78,0.66,4.06,0.66,4.12,4.25,4.31
302,0.0,3.58,1.4,3.78,0.66,4.06,0.66,4.12,4.25,4.31
303,0.0,3.58,1.4,3.78,0.66,4.06,0.66,4.12,4.25,4.31
304,0.0,3.58,1.4,3.78,0.66,4.06,0.66,4.12,4.25,4.31
305,0.0,3.58,1.4,3.78,0.66,4.06,0.66,4.12,4.25,4.31
306,0.0,3.58,1.4,3.78,0.66,4.06,0.66,4.12,4.25,4.31
307,0.0,3.58,1.4,3.78,0.66,4.06,0.66,4.12,4.25,4.31
308,0.0,3.58,1.4,3.78,0.66,4.06,0.66,4.12,4.25,4.31
309,0.0,3.58,1.4,3.78,0.66,4.06,0.66,4.12,4.25,4.31
310,0.0,3.58,1.4,3.78,0.66,4.06,0.66,4.12,4.25,4.31
311,0.0,3.58,1.4,3.78,0.66,4.06,0.66,4.12,4.25,4.31
312,0.0,3.58,1.4,3.78,0.66,4.06,0.66,4.12,4.25,4.31
313,0.0,3.58,1.4,3.78,0.66,4.06,0.66,4.12,4.25,4.31
314,0.0,3.58,1.4,3.78,0.66,4.06,0.66,4.12,4.25,4.31
315,0.0,3.58,1.4,3.78,0.66,4.06,0.66,4.12,4.25,4.31
316,0.0,3.58,1.4,3.78,0.66,4.06,0.66,4.12,4.25,4.31
317,0.0,3.58,1.4,3.78,0.66,4.06,0.66,4.12,4.25,4.31
318,0.0,3.58,1.4,3.78,0.66,4.06,0.66,4.12,4.25,4.31
319,0.0,3.58,1.4,3.78,0.66,4.06,0.66,4.12,4.25,4.31
320,0.0,3.58,1.4,3.78,0.66,4.06,0.66,4.12,4.25,4.31
321,0.0,3.58,1.4,3.78,0.66,4.06,0.66,4.12,4.25,4.31
322,0.0,3.58,1.4,3.78,0.66,4.06,0.66,4.12,4.25,4.31
323,0.0,3.58,1.4,3.78,0.66,4.06,0.66,4.12,4.25,4.31
324,0.0,3.58,1.4,3.78,0.66,4.06,0.66,4.12,4.25,4.31
325,0.0,3.58,1.4,3.78,0.66,4.06,0.66,4.12,4.25,4.31
326,0.0,3.58,1.4,3.78,0.66,4.06,0.66,4.12,4.25,4.31
327,0.0,3.58,1.4,3.78,0.66,4.06,0.66,4.12,4.25,4.31
328,0.0,3.58,1.4,3.78,0.66,4.06,0.66,4.12,4.25,4.31
329,0.0,3.58,1.4,3.78,0.66,4.06,0.66,4.12,4.25,4.31
330,0.0,3.58,1.4,3.78,0.66,4.06,0.66,4.12,4.25,4.31
331,0.0,3.58,1.4,3.78,0.66,4.06,0.66,4.12,4.25,4.31
332,0.0,3.58,1.4,3.78,0.66,4.06,0.66,4.12,4.25,4.31
333,0.0,3.58,1.4,3.78,0.66,4.06,0.66,4.12,4.25,4.31
334,0.0,3.58,1.4,3.78,0.66,4.06,0.66,4.12,4.25,4.31
335,0.0,3.58,1.4,3.78,0.66,4.06,0.66,4.12,4.25,4.31
336,0.0,3.58,1.4,3.78,0.66,4.06,0.66,4.12,4.25,4.31
337,0.0,3.58,1.4,3.78,0.66,4.06,0.66,4.12,4.25,4.31
338,0.0,3.58,1.4,3.78,0.66,4.06,0.66,4.12,4.25,4.31
339,0.0,3.58,1.4,3.78,0.66,4.06,0.66,4.12,4.25,4.31
340,0.0,3.58,1.4,3.78,0.66,4.06,0.66,4.12,4.25,4.31
341,0.0,3.58,1.4,3.78,0.66,4.06,0.66,4.12,4.25,4.31
342,0.0,3.58,1.4,3.78,0.66,4.06,0.66,4.12,4.25,4.31
343,0.0,3.58,1.4,3.78,0.66,4.06,0.66,4.12,4.25,4.31
344,0.0,3.58,1.4,3.78,0.66,4.06,0.66,4.12,4.25,4.31
345,0.0,3.58,1.4,3.78,0.66,4.06,0.66,4.12,4.25,4.31
346,0.0,3.58,1.4,3.78,0.66,4.06,0.66,4.12,4.25,4.31
347,0.0,3.58,1.4,3.78,0.66,4.06,0.66,4.12,4.25,4.31
348,0.0,3.58,1.4,3.78,0.66,4.06,0.66,4.12,4.25,4.31
349,0.0,3.58,1.4,3.78,0.66,4.06,0.66,4.12,4.25,4.31
350,0.0,3.58,1.4,3.78,0.66,4.06,0.66,4.12,4.25,4.31
351,0.0,3.58,1.4,3.78,0.66,4.06,0.66,4.12,4.25,4.31
352,0.0,3.58,1.4,3.78,0.66,4.06,0.66,4.12,4.25,4.31
353,0.0,3.58,1.4,3.78,0.66,4.06,0.66,4.12,4.25,4.31
354,0.0,3.58,1.4,3.78,0.66,4.06,0.66,4.12,4.25,4.31
355,0.0,3.58,1.4,3.78,0.66,4.06,0.66,4.12,4.25,4.31
356,0.0,3.58,1.4,3.78,0.66,4.06,0.66,4.12,4.25,4.31
357,0.0,3.58,1.4,3.78,0.66,4.06,0.66,4.12,4.25,4.31
358,0.0,3.58,1.4,3.78,0.66,4.06,0.66,4.12,4.25,4.31
359,0.0,3.58,1.4,3.78,0.66,4.06,0.66,4.12,4.25,4.31
360,0.0,3.58,1.4,3.78,0.66,4.06,0.66,4.12,4.25,4.31
361,0.0,3.58,1.4,3.78,0.66,4.06,0.66,4.12,4.25,4.31
362,0.0,3.58,1.4,3.78,0.66,4.06,0.66,4.12,4.25,4.31
363,0.0,3.58,1.4,3.78,0.66,4.06,0.66,4.12,4.25,4.31
364,0.0,3.58,1.4,3.78,0.66,4.06,0.66,4.12,4.25,4.31
365,0.0,3.58,1.4,3.78,0.66,4.06,0.66,4.12,4.25,4.31
366,0.0,3.58,1.4,3.78,0.66,4.06,0.66,4.12,4.25,4.31
367,0.0,3.58,1.4,3.78,0.66,4.06,0.66,4.12,4.25,4.31
368,0.0,3.58,1.4,3.78,0.66,4.06,0.66,4.12,4.25,4.31
369,0.0,3.58,1.4,3.78,0.66,4.06,0.66,4.12,4.25,4.31
370,0.0,3.58,1.4,3.78,0.66,4.06,0.66,4.12,4.25,4.31
371,0.0,3.58,1.4,3.78,0.66,4.06,0.66,4.12,4.25,4.31
372,0.0,3.58,1.4,3.78,0.66,4.06,0.66,4.12,4.25,4.31
373,0.0,3.58,1.4,3.78,0.66,4.06,0.66,4.12,4.25,4.31
374,0.0,3.58,1.4,3.78,0.66,4.06,0.66,4.12,4.25,4.31
375,0.0,3.58,1.4,3.78,0.66,4.06,0.66,4.12,4.25,4.31
376,0.0,3.58,1.4,3.78,0.66,4.06,0.66,4.12,4.25,4.31
377,0.0,3.58,1.4,3.78,0.66,4.06,0.66,4.12,4.25,4.31
378,0.0,3.58,1.4,3.78,0.66,4.06,0.66,4.12,4.25,4.31
379,0.0,3.58,1.4,3.78,0.66,4.06,0.66,4.12,4.25,4.31
380,0.0,3.58,1.4,3.78,0.66,4.06,0.66,4.12,4.25,4.31
381,0.0,3.58,1.4,3.78,0.66,4.06,0.66,4.12,4.25,4.31
382,0.0,3.58,1.4,3.78,0.66,4.06,0.66,4.12,4.25,4.31
383,0.0,3.58,1.4,3.78,0.66,4.06,0.66,4.12,4.25,4.31
384,0.0,3.58,1.4,3.78,0.66,4.06,0.66,4.12,4.25,4.31
385,0.0,3.58,1.4,3.78,0.66,4.06,0.66,4.12,4.25,4.31
386,0.0,3.58,1.4,3.78,0.66,4.06,0.66,4.12,4.25,4.31
387,0.0,3.58,1.4,3.78,0.66,4.06,0.66,4.12,4.25,4.31
388,0.0,3.58,1.4,3.78,0.66,4.06,0.66,4.12,4.25,4.31
389,0.0,3.58,1.4,3.78,0.66,4.06,0.66,4.12,4.25,4.31
390,0.0,3.58,1.4,3.78,0.66,4.06,0.66,4.12,4.25,4.31
391,0.0,3.58,1.4,3.78,0.66,4.06,0.66,4.12,4.25,4.31
392,0.0,3.58,1.4,3.78,0.66,4.06,0.66,4.12,4.25,4.31
393,0.0,3.58,1.4,3.78,0.66,4.06,0.66,4.12,4.25,4.31
394,0.0,3.58,1.4,3.78,0.66,4.06,0.66,4.12,4.25,4.31
395,0.0,3.58,1.4,3.78,0.66,4.06,0.66,4.12,4.25,4.31
396,0.0,3.58,1.4,3.78,0.66,4.06,0.66,4.12,4.25,4.31
397,0.0,3.58,1.4,3.78,0.66,4.06,0.66,4.12,4.25,4.31
398,0.0,3.58,1.4,3.78,0.66,4.06,0.66,4.12,4.25,4.31
399,0.0,3.58,1.4,3.78,0.66,4.06,0.66,4.12,4.25,4.31
400,0.0,3.58,1.4,3.78,0.66,4.06,0.66,4.12,4.25,4.31
401,0.0,3.58,1.4,3.78,0.66,4.06,0.66,4.12,4.25,4.31
402,0.0,3.58,1.4,3.78,0.66,4.06,0.66,4.12,4.25,4.31
403,0.0,3.58,1.4,3.78,0.66,4.06,0.66,4.12,4.25,4.31
404,0.0,3.58,1.4,3.78,0.66,4.06,0.66,4.12,4.25,4.31
405,0.0,3.58,1.4,3.78,0.66,4.06,0.66,4.12,4.25,4.31
406,0.0,3.58,1.4,3.78,0.66,4.06,0.66,4.12,4.25,4.31
407,0.0,3.58,1.4,3.78,0.66,4.06,0.66,4.12,4.25,4.31
408,0.0,3.58,1.4,3.78,0.66,4.06,0.66,4.12,4.25,4.31
409,0.0,3.58,1.4,3.78,0.66,4.06,0.66,4.12,4.25,4.31
410,0.0,3.58,1.4,3.78,0.66,4.06,0.66,4.12,4.25,4.31
411,0.0,3.58,1.4,3.78,0.66,4.06,0.66,4.12,4.25,4.31
412,0.0,3.58,1.4,3.78,0.66,4.06,0.66,4.12,4.25,4.31
413,0.0,3.58,1.4,3.78,0.66,4.06,0.66,4.12,4.25,4.31
414,0.0,3.58,1.4,3.78,0.66,4.06,0.66,4.12,4.25,4.31
415,0.0,3.58,1.4,3.78,0.66,4.06,0.66,4.12,4.25,4.31
416,0.0,3.58,1.4,3.78,0.66,4.06,0.66,4.12,4.25,4.31
417,0.0,3.58,1.4,3.78,0.66,4.06,0.66,4.12,4.25,4.31
418,0.0,3.58,1.4,3.78,0.66,4.06,0.66,4.12,4.25,4.31
419,0.0,3.58,1.4,3.78,0.66,4.06,0.66,4.12,4.25,4.31
420,0.0,3.58,1.4,3.78,0.66,4.06,0.66,4.12,4.25,4.31
421,0.0,3.58,1.4,3.78,0.66,4.06,0.66,4.12,4.25,4.31
422,0.0,3.58,1.4,3.78,0.66,4.06,0.66,4.12,4.25,4.31
423,0.0,3.58,1.4,3.78,0.66,4.06,0.66,4.12,4.25,4.31
424,0.0,3.58,1.4,3.78,0.66,4.06,0.66,4.12,4.25,4.31
425,0.0,3.58,1.4,3.78,0.66,4.06,0.66,4.12,4.25,4.31
426,0.0,3.58,1.4,3.78,0.66,4.06,0.66,4.12,4.25,4.31
427,0.0,3.58,1.4,3.78,0.66,4.06,0.66,4.12,4.25,4.31
428,0.0,3.58,1.4,3.78,0.66,4.06,0.66,4.12,4.25,4.31
429,0.0,3.58,1.4,3.78,0.66,4.06,0.66,4.12,4.25,4.31
430,0.0,3.58,1.4,3.78,0.66,4.06,0.66,4.12,4.25,4.31
431,0.0,3.58,1.4,3.78,0.66,4.06,0.66,4.12,4.25,4.31
432,0.0,3.58,1.4,3.78,0.66,4.06,0.66,4.12,4.25,4.31
433,0.0,3.58,1.4,3.78,0.66,4.06,0.66,4.12,4.25,4.31
434,0.0,3.58,1.4,3.78,0.66,4.06,0.66,4.12,4.25,4.31
435,0.0,3.58,1.4,3.78,0.66,4.06,0.66,4.12,4.25,4.31
436,0.0,3.58,1.4,3.78,0.66,4.06,0.66,4.12,4.25,4.31
437,0.0,3.58,1.4,3.78,0.66,4.06,0.66,4.12,4.25,4.31
438,0.0,3.58,1.4,3.78,0.66,4.06,0.66,4.12,4.25,4.31
439,0.0,3.58,1.4,3.78,0.66,4.06,0.66,4.12,4.25,4.31
440,0.0,3.58,1.4,3.78,0.66,4.06,0.66,4.12,4.25,4.31
441,0.0,3.58,1.4,3.78,0.66,4.06,0.66,4.12,4.25,4.31
442,0.0,3.58,1.4,3.78,0.66,4.06,0.66,4.12,4.25,4.31
443,0.0,3.58,1.4,3.78,0.66,4.06,0.66,4.12,4.25,4.31
444,0.0,3.58,1.4,3.78,0.66,4.06,0.66,4.12,4.25,4.31
445,0.0,3.58,1.4,3.78,0.66,4.06,0.66,4.12,4.25,4.31
446,0.0,3.58,1.4,3.78,0.66,4.06,0.66,4.12,4.25,4.31
447,0.0,3.58,1.4,3.78,0.66,4.06,0.66,4.12,4.25,4.31
448,0.0,3.58,1.4,3.78,0.66,4.06,0.66,4.12,4.25,4.31
449,0.0,3.58,1.4,3.78,0.66,4.06,0.66,4.12,4.25,4.31
450,0.0,3.58,1.4,3.78,0.66,4.06,0.66,4.12,4.25,4.31
451,0.0,3.58,1.4,3.78,0.66,4.06,0.66,4.12,4.25,4.31
452,0.0,3.58,1.4,3.78,0.66,4.06,0.66,4.12,4.25,4.31
453,0.0,3.58,1.4,3.78,0.66,4.06,0.66,4.12,4.25,4.31
454,0.0,3.58,1.4,3.78,0.66,4.06,0.66,4.12,4.25,4.31
455,0.0,3.58,1.4,3.78,0.66,4.06,0.66,4.12,4.25,4.31
456,0.0,3.58,1.4,3.78,0.66,4.06,0.66,4.12,4.25,4.31
457,0.0,3.58,1.4,3.78,0.66,4.06,0.66,4.12,4.25,4.31
458,0.0,3.58,1.4,3.78,0.66,4.06,0.66,4.12,4.25,4.31
459,0.0,3.58,1.4,3.78,0.66,4.06,0.66,4.12,4.25,4.31
460,0.0,3.58,1.4,3.78,0.66,4.06,0.66,4.12,4.25,4.31
461,0.0,3.58,1.4,3.78,0.66,4.06,0.66,4.12,4.25,4.31
462,0.0,3.58,1.4,3.78,0.66,4.06,0.66,4.12,4.25,4.31
463,0.0,3.58,1.4,3.78,0.66,4.06,0.66,4.12,4.25,4.31
464,0.0,3.58,1.4,3.78,0.66,4.06,0.66,4.12,4.25,4.31
465,0.0,3.58,1.4,3.78,0.66,4.06,0.66,4.12,4.25,4.31
466,0.0,3.58,1.4,3.78,0.66,4.06,0.66,4.12,4.25,4.31
467,0.0,3.58,1.4,3.78,0.66,4.06,0.66,4.12,4.25,4.31
468,0.0,3.58,1.4,3.78,0.66,4.06,0.66,4.12,4.25,4.31
469,0.0,3.58,1.4,3.78,0.66,4.06,0.66,4.12,4.25,4.31
470,0.0,3.58,1.4,3.78,0.66,4.06,0.66,4.12,4.25,4.31
471,0.0,3.58,1.4,3.78,0.66,4.06,0.66,4.12,4.25,4.31
472,0.0,3.58,1.4,3.78,0.66,4.06,0.66,4.12,4.25,4.31
473,0.0,3.58,1.4,3.78,0.66,4.06,0.66,4.12,4.25,4.31
474,0.0,3.58,1.4,3.78,0.66,4.06,0.66,4.12,4.25,4.31
475,0.0,3.58,1.4,3.78,0.66,4.06,0.66,4.12,4.25,4.31
476,0.0,3.58,1.4,3.78,0.66,4.06,0.66,4.12,4.25,4.31
477,0.0,3.58,1.4,3.78,0.66,4.06,0.66,4.12,4.25,4.31
478,0.0,3.58,1.4,3.78,0.66,4.06,0.66,4.12,4.25,4.31
479,0.0,3.58,1.4,3.78,0.66,4.06,0.66,4.12,4.25,4.31
480,0.0,3.58,1.4,3.78,0.66,4.06,0.66,4.12,4.25,4.31
