Region,Resource,Zone,Cluster,AnnualSum
USA_Single,USA_Single_conventional_hydroelectric_1.0_old,1,1,1.1486947e9
USA_Single,USA_Single_nuclear_1.0_old,1,1,1.777876e9
USA_Single,USA_Single_naturalgas_ccavgcf_mid_0.0_old,1,1,4.2426312e9
USA_Single,USA_Single_landbasedwind_ltrg1_low_40_1.0_old,1,1,1.1023321e8
USA_Single,USA_Single_landbasedwind_ltrg1_low_40_2.0_old,1,2,1.1727746e8
USA_Single,USA_Single_landbasedwind_ltrg1_low_40_4.0_old,1,4,3.6521718e8
USA_Single,USA_Single_utilitypv_losangeles_low_0_2_1.0_old,1,1,1.7529146e8
USA_Single,USA_Single_utilitypv_losangeles_low_0_2_2.0_old,1,2,2.1558235e8
USA_Single,USA_Single_utilitypv_losangeles_low_0_2_4.0_old,1,4,1.8183259e8
USA_Single,USA_Single_utilitypv_losangeles_low_0_2_5.0_old,1,5,1.8854485e8
USA_Single,USA_Single_utilitypv_losangeles_low_0_2_7.0_old,1,7,1.9995438e8
USA_Single,USA_Single_utilitypv_losangeles_low_0_2_11.0_old,1,11,1.588871e8
USA_Single,USA_Single_utilitypv_losangeles_low_0_2_13.0_old,1,13,1.5280325e8
USA_Single,USA_Single_utilitypv_losangeles_low_0_2_15.0_old,1,15,5.208738e7
USA_Single,USA_Single_naturalgas_ccccsavgcf_conservative_0,1,0,0.0
USA_Single,USA_Single_naturalgas_ccavgcf_moderate_0,1,0,4.2107507e8
USA_Single,USA_Single_naturalgas_ctavgcf_moderate_0,1,0,7.614556e8
USA_Single,USA_Single_battery_conservative_0,1,0,8.307287e8
USA_Single,USA_Single_nuclear_nuclear_moderate_0,1,0,-6.8620647e-9
USA_Single,USA_Single_naturalgas_ccs100_conservative_0,1,0,0.0
USA_Single,USA_Single_landbasedwind_class1_advanced_45_1,1,1,7.9539336e7
USA_Single,USA_Single_landbasedwind_class1_advanced_45_2,1,2,1.1262305e8
USA_Single,USA_Single_landbasedwind_class1_advanced_45_3,1,3,1.1981674e8
USA_Single,USA_Single_landbasedwind_class1_advanced_45_4,1,4,2.415397e8
USA_Single,USA_Single_landbasedwind_class1_advanced_45_5,1,5,2.2047278e8
USA_Single,USA_Single_landbasedwind_class1_advanced_45_6,1,6,2.9342845e8
USA_Single,USA_Single_landbasedwind_class1_advanced_45_7,1,7,3.755504e7
USA_Single,USA_Single_landbasedwind_class1_advanced_45_8,1,8,2.855374e8
USA_Single,USA_Single_landbasedwind_class1_advanced_45_9,1,9,7.26619e8
USA_Single,USA_Single_landbasedwind_class1_advanced_45_10,1,10,1.5690614e8
USA_Single,USA_Single_landbasedwind_class1_advanced_45_11,1,11,3.599592e8
USA_Single,USA_Single_landbasedwind_class1_advanced_45_12,1,12,1.2973558e9
USA_Single,USA_Single_landbasedwind_class1_advanced_45_13,1,13,0.0
USA_Single,USA_Single_landbasedwind_class1_advanced_45_14,1,14,0.0
USA_Single,USA_Single_landbasedwind_class1_advanced_45_15,1,15,1.417626e8
USA_Single,USA_Single_landbasedwind_class1_advanced_45_16,1,1,3.7571626e8
USA_Single,USA_Single_landbasedwind_class1_advanced_45_17,1,2,9.140463e8
USA_Single,USA_Single_landbasedwind_class1_advanced_45_18,1,3,0.0
USA_Single,USA_Single_landbasedwind_class1_advanced_45_19,1,4,1.761884e8
USA_Single,USA_Single_landbasedwind_class1_advanced_45_20,1,5,0.0
USA_Single,USA_Single_landbasedwind_class1_advanced_45_21,1,6,0.0
USA_Single,USA_Single_landbasedwind_class1_advanced_45_22,1,7,1.7934413e8
USA_Single,USA_Single_landbasedwind_class1_advanced_45_23,1,8,0.0
USA_Single,USA_Single_landbasedwind_class1_advanced_45_24,1,9,2.2644936e8
USA_Single,USA_Single_landbasedwind_class1_advanced_45_25,1,10,8.187383e7
USA_Single,USA_Single_landbasedwind_class1_advanced_45_26,1,11,4.549171e8
USA_Single,USA_Single_landbasedwind_class1_advanced_45_27,1,12,0.0
USA_Single,USA_Single_landbasedwind_class1_advanced_45_28,1,13,1.9254716e7
USA_Single,USA_Single_landbasedwind_class1_advanced_45_29,1,14,0.0
USA_Single,USA_Single_landbasedwind_class1_advanced_45_30,1,15,1.5552287e7
USA_Single,USA_Single_utilitypv_class1_advanced_0_2_1,1,1,5.4518924e7
USA_Single,USA_Single_utilitypv_class1_advanced_0_2_2,1,2,3.271198e7
USA_Single,USA_Single_utilitypv_class1_advanced_0_2_3,1,3,1.4796722e8
USA_Single,USA_Single_utilitypv_class1_advanced_0_2_4,1,4,2.2015925e8
USA_Single,USA_Single_utilitypv_class1_advanced_0_2_5,1,5,1.2453076e8
USA_Single,USA_Single_utilitypv_class1_advanced_0_2_6,1,6,5.4925016e7
USA_Single,USA_Single_utilitypv_class1_advanced_0_2_7,1,7,9.0552184e7
USA_Single,USA_Single_utilitypv_class1_advanced_0_2_8,1,8,0.0
USA_Single,USA_Single_utilitypv_class1_advanced_0_2_9,1,9,0.0
USA_Single,USA_Single_utilitypv_class1_advanced_0_2_10,1,10,3.160834e8
USA_Single,USA_Single_utilitypv_class1_advanced_0_2_11,1,11,2.3567117e8
USA_Single,USA_Single_utilitypv_class1_advanced_0_2_12,1,12,3.3690154e8
USA_Single,USA_Single_utilitypv_class1_advanced_0_2_13,1,13,0.0
USA_Single,USA_Single_utilitypv_class1_advanced_0_2_14,1,14,6.2506116e7
USA_Single,USA_Single_utilitypv_class1_advanced_0_2_15,1,15,0.0
USA_Single,USA_Single_utilitypv_class1_advanced_0_2_16,1,1,0.0
USA_Single,USA_Single_utilitypv_class1_advanced_0_2_17,1,2,3.2140502e7
USA_Single,USA_Single_utilitypv_class1_advanced_0_2_18,1,3,0.0
USA_Single,USA_Single_utilitypv_class1_advanced_0_2_19,1,4,0.0
USA_Single,USA_Single_utilitypv_class1_advanced_0_2_20,1,5,1.3437611e8
USA_Single,USA_Single_utilitypv_class1_advanced_0_2_21,1,6,0.0
USA_Single,USA_Single_utilitypv_class1_advanced_0_2_22,1,7,1.3246171e8
USA_Single,USA_Single_utilitypv_class1_advanced_0_2_23,1,8,0.0
USA_Single,USA_Single_utilitypv_class1_advanced_0_2_24,1,9,1.0581212e8
USA_Single,USA_Single_utilitypv_class1_advanced_0_2_25,1,10,3.5616976e7
USA_Single,USA_Single_utilitypv_class1_advanced_0_2_26,1,11,0.0
USA_Single,USA_Single_utilitypv_class1_advanced_0_2_27,1,12,5.240821e7
USA_Single,USA_Single_utilitypv_class1_advanced_0_2_28,1,13,0.0
USA_Single,USA_Single_utilitypv_class1_advanced_0_2_29,1,14,4.569481e7
USA_Single,USA_Single_utilitypv_class1_advanced_0_2_30,1,15,4.0106996e7
USA_Single,USA_Single_ev_load_shifting_1,1,1,1.7741051e9
