All_Set,case_id,case_description,Scenario,TechSensitivity,SCENARIO_Load,Focused_Scenario,list_years,start_year,Aggregate_region,zone_count,Resource,Fuel,Capacity_Fuel,Color,Power_Fuel,FlexibleLoad,Storage_Fuel,Renewable_Fuel,Clean_Fuel,Interested_Regions,Deep_Dive,Energy_price,Reserve_Margin_price,RPS_prices,Price_Interested_Region,zone,region,System_membership,Network_lines,Transmission Path Name,SystemOperatorName,SystemOperatorShare,SystemOperator,ExistingTransmissionCost,Model_years,Pre_years,Total_1,Total_1_title,Total_2,Total_2_title,Subregions,Subregion_zones,Scenario_Comparison,Compared_Scenario,Interested_Sensitivity,Load_Cost_Type,Load_Cost_Color,System_Cost_Type,System_Cost_Color,GenProfit_Type,GenProfit_Color,TechSensitivity_Comparison,TechSensitivity_Comparison_Target,TechSensitivity_Comparison_Sensitivity,All_Resource,All_Fuel,TS_cases_id,TS_cases,Interface,Interface_Line,Interface_Line_Direction
Results_NETL_CARBON = 0,p1,Results_NETL_CARBON = 0,Results_NETL_CARBON = 0,Mid,current_policy,Current Policy (CP),2050,2019,N.A,15,battery_high,Battery,Battery,#A6CEE3,Utility Solar,water_heat_load_shifting,Battery,Utility Solar,Utility Solar,Single USA,Single USA,Yes,Yes,Yes,Single USA,1,Single USA,,1,MIS_Central_to_MIS_East,PJM,0,Single USA,8019000000,2050,start,Single USA,,Single USA,,Single USA,Single USA,,,Mid,NJ DG Cost,#fff194,Energy Import Cost,#fccb6e,Energy Revenue,#fff194,,,,battery_high,Battery,p1_m,currentpolicy_mid,PJM-MISO,2,-1
Results_NETL_CARBON =150,p1,Results_NETL_CARBON =150,Results_NETL_CARBON =150,Mid,current_policy,Current Policy (CP),2050,,,,battery_low,Battery,Pumped hydro,#66CCCC,Offshore Wind,space_heat_load_shifting,Pumped hydro,Offshore Wind,Offshore Wind,,,,,,,,,,,,,,,,,,,,,,,,,,Low RE/BESS Cost,Tech Subsidy Cost,#A6CEE3,Emission Capture Cost,#5232a8,Tech Subsidy Revenue,#A6CEE3,,,,battery_low,Battery,p2_m,deepdecarbonization_NP_mid,PJM-MISO,3,-1
Results_NETL_CARBON = 225,p1,Results_NETL_CARBON = 225,Results_NETL_CARBON = 225,Mid,current_policy,Current Policy (CP),2050,,,,battery_mid,Battery,DG Solar,#fff194,Onshore Wind,ev_load_shifting,,Onshore Wind,Onshore Wind,,,,,,,,,,,,,,,,,,,,,,,,,,Low NatGas Price,RPS Total Payment,#B294C7,Capacity Import Cost,#b15928,RPS Revenue,#B294C7,,,,battery_mid,Battery,p3_m,deepdecarbonization_50ER_mid,PJM-MISO,5,-1
Results_NETL_CARBON = 300,p1,Results_NETL_CARBON = 300,Results_NETL_CARBON = 300,Mid,current_policy,Current Policy (CP),2050,,,,biomass,Biomass,Utility Solar,#fccb6e,Hydro,ev_storage,,Biomass,Biomass,,,,,,,,,,,,,,,,,,,,,,,,,,High RE/BESS Cost,Energy Payment,#fccb6e,NSE Cost,#E94330,Energy Charge Payment,#fccb6e,,,,biomass,Biomass,p4_m,deepdecarbonization_60ER_mid,PJM-NYISO,7,-1
,,,,,,,,,,,conventional_hydroelectric,Hydro,Offshore Wind,#92CF72,Biomass,,,DG Solar,Hydro,,,,,,,,,,,,,,,,,,,,,,,,,,High NatGas Price,Transmission Loss Cost,#66CCCC,Fuel and VOM,#2F4F4F,Emission Capture Cost,#66CCCC,,,,conventional_hydroelectric,Hydro,p5_m,deepdecarbonization_70ER_mid,PJM-NYISO,8,-1
,,,,,,,,,,,conventional_steam_coal,Coal,Onshore Wind,#33A02C,Nuclear,,,,Nuclear,,,,,,,,,,,,,,,,,,,,,,,,,,,Capacity Payment,#b15928,FOM,#A6CEE3,Capacity Revenue,#b15928,,,,conventional_steam_coal,Coal,p6_m,deepdecarbonization_75ER_mid,PJM-SERC,14,1
,,,,,,,,,,,HQ_imports_Champlain_Hudson,Hydro,Hydro,#408DBF,Gas CC w/CCS,,,,Gas CC w/CCS,,,,,,,,,,,,,,,,,,,,,,,,,,,NSE Cost,#E94330,CAPEX,#66CCCC,Fuel and VOM,#E94330,,,,HQ_imports_Champlain_Hudson,Hydro,p7_m,deepdecarbonization_80ER_mid,PJM-SERC,21,1
,,,,,,,,,,,hydroelectric_pumped_storage,Pumped hydro,Biomass,#FFDAB9,Gas CC,,,,ZCF CC,,,,,,,,,,,,,,,,,,,,,,,,,,,Transmission Cost,#408DBF,NJ DG Cost,#fff194,FOM,#408DBF,,,,hydroelectric_pumped_storage,Pumped hydro,p8_m,deepdecarbonization_90ER_mid,PJM-SERC,22,1
,,,,,,,,,,,landbasedwind_ltrg1_high_100,Onshore Wind,ZCF CT,#ff00cc,Gas CT,,,,ZCF CT,,,,,,,,,,,,,,,,,,,,,,,,,,,Congestion Revenue,#ff7f00,Sunk Cost,#696969,CAPEX,#2F4F4F,,,,landbasedwind_ltrg1_high_100,Onshore Wind,p9_m,deepdecarbonization_65CES_mid,,,
,,,,,,,,,,,landbasedwind_ltrg1_high_110,Onshore Wind,Gas CT,#ab8cff,Gas steam,,,,DG Solar,,,,,,,,,,,,,,,,,,,,,,,,,,,CO2 Revenue,#33A02C,Transmission Cost,#408DBF,Sunk Cost,#33A02C,,,,landbasedwind_ltrg1_high_110,Onshore Wind,p10_m,deepdecarbonization_70CES_mid,,,
,,,,,,,,,,,landbasedwind_ltrg1_high_70_1,Onshore Wind,ZCF CC,#cd51e0,Coal,,,,,,,,,,,,,,,,,,,,,,,,,,,,,,,,,Energy Export Revenue,#cd51e0,Emission Cost,#92CF72,,,,landbasedwind_ltrg1_high_70_1,Onshore Wind,p11_m,deepdecarbonization_75CES_mid,,,
,,,,,,,,,,,landbasedwind_ltrg1_high_70_2,Onshore Wind,Gas CC w/CCS,#5232a8,ZCF CC,,,,,,,,,,,,,,,,,,,,,,,,,,,,,,,,,RPS Import Cost,#B294C7,CAPEX Annuity,#2F4F4F,,,,landbasedwind_ltrg1_high_70_2,Onshore Wind,p12_m,deepdecarbonization_80CES_mid,,,
,,,,,,,,,,,landbasedwind_ltrg1_high_70_3,Onshore Wind,Gas CC,#B294C7,ZCF CT,,,,,,,,,,,,,,,,,,,,,,,,,,,,,,,,,RPS Export Revenue,#92CF72,,,,,,landbasedwind_ltrg1_high_70_3,Onshore Wind,p13_m,deepdecarbonization_85CES_mid,,,
,,,,,,,,,,,landbasedwind_ltrg1_high_70_5,Onshore Wind,Gas steam,#2F4F4F,DG Solar,,,,,,,,,,,,,,,,,,,,,,,,,,,,,,,,,CO2 Import Cost,#FFDAB9,,,,,,landbasedwind_ltrg1_high_70_5,Onshore Wind,p1_lre,currentpolicy_lowrecost,,,
,,,,,,,,,,,landbasedwind_ltrg1_low_100,Onshore Wind,Coal,#696969,,,,,,,,,,,,,,,,,,,,,,,,,,,,,,,,,,CO2 Export Revenue,#33A02C,,,,,,landbasedwind_ltrg1_low_100,Onshore Wind,p2_lre,deepdecarbonization_NP_lowrecost,,,
,,,,,,,,,,,landbasedwind_ltrg1_low_110,Onshore Wind,Nuclear,#E94330,,,,,,,,,,,,,,,,,,,,,,,,,,,,,,,,,,Capacity Export Revenue,#ff00cc,,,,,,landbasedwind_ltrg1_low_110,Onshore Wind,p3_lre,deepdecarbonization_50ER_lowrecost,,,
,,,,,,,,,,,landbasedwind_ltrg1_low_70_1,Onshore Wind,,,,,,,,,,,,,,,,,,,,,,,,,,,,,,,,,,,,,,,,,,,landbasedwind_ltrg1_low_70_1,Onshore Wind,p4_lre,deepdecarbonization_60ER_lowrecost,,,
,,,,,,,,,,,landbasedwind_ltrg1_low_70_2,Onshore Wind,,,,,,,,,,,,,,,,,,,,,,,,,,,,,,,,,,,,,,,,,,,landbasedwind_ltrg1_low_70_2,Onshore Wind,p5_lre,deepdecarbonization_70ER_lowrecost,,,
,,,,,,,,,,,landbasedwind_ltrg1_low_70_3,Onshore Wind,,,,,,,,,,,,,,,,,,,,,,,,,,,,,,,,,,,,,,,,,,,landbasedwind_ltrg1_low_70_3,Onshore Wind,p6_lre,deepdecarbonization_75ER_lowrecost,,,
,,,,,,,,,,,landbasedwind_ltrg1_low_70_5,Onshore Wind,,,,,,,,,,,,,,,,,,,,,,,,,,,,,,,,,,,,,,,,,,,landbasedwind_ltrg1_low_70_5,Onshore Wind,p7_lre,deepdecarbonization_80ER_lowrecost,,,
,,,,,,,,,,,landbasedwind_ltrg1_mid_100,Onshore Wind,,,,,,,,,,,,,,,,,,,,,,,,,,,,,,,,,,,,,,,,,,,landbasedwind_ltrg1_mid_100,Onshore Wind,p8_lre,deepdecarbonization_90ER_lowrecost,,,
,,,,,,,,,,,landbasedwind_ltrg1_mid_110,Onshore Wind,,,,,,,,,,,,,,,,,,,,,,,,,,,,,,,,,,,,,,,,,,,landbasedwind_ltrg1_mid_110,Onshore Wind,p9_lre,deepdecarbonization_65CES_lowrecost,,,
,,,,,,,,,,,landbasedwind_ltrg1_mid_70_1,Onshore Wind,,,,,,,,,,,,,,,,,,,,,,,,,,,,,,,,,,,,,,,,,,,landbasedwind_ltrg1_mid_70_1,Onshore Wind,p10_lre,deepdecarbonization_70CES_lowrecost,,,
,,,,,,,,,,,landbasedwind_ltrg1_mid_70_2,Onshore Wind,,,,,,,,,,,,,,,,,,,,,,,,,,,,,,,,,,,,,,,,,,,landbasedwind_ltrg1_mid_70_2,Onshore Wind,p11_lre,deepdecarbonization_75CES_lowrecost,,,
,,,,,,,,,,,landbasedwind_ltrg1_mid_70_3,Onshore Wind,,,,,,,,,,,,,,,,,,,,,,,,,,,,,,,,,,,,,,,,,,,landbasedwind_ltrg1_mid_70_3,Onshore Wind,p12_lre,deepdecarbonization_80CES_lowrecost,,,
,,,,,,,,,,,landbasedwind_ltrg1_mid_70_4,Onshore Wind,,,,,,,,,,,,,,,,,,,,,,,,,,,,,,,,,,,,,,,,,,,landbasedwind_ltrg1_mid_70_4,Onshore Wind,p13_lre,deepdecarbonization_85CES_lowrecost,,,
,,,,,,,,,,,landbasedwind_ltrg1_mid_70_5,Onshore Wind,,,,,,,,,,,,,,,,,,,,,,,,,,,,,,,,,,,,,,,,,,,landbasedwind_ltrg1_mid_70_5,Onshore Wind,p1_lng,currentpolicy_lowngcost,,,
,,,,,,,,,,,landbasedwind_ltrg1_mid_70_6,Onshore Wind,,,,,,,,,,,,,,,,,,,,,,,,,,,,,,,,,,,,,,,,,,,landbasedwind_ltrg1_mid_70_6,Onshore Wind,p2_lng,deepdecarbonization_NP_lowngcost,,,
,,,,,,,,,,,natural_gas_fired_combined_cycle,Gas CC,,,,,,,,,,,,,,,,,,,,,,,,,,,,,,,,,,,,,,,,,,,natural_gas_fired_combined_cycle,Gas CC,p3_lng,deepdecarbonization_50ER_lowngcost,,,
,,,,,,,,,,,natural_gas_fired_combined_cycle_ZCF,ZCF CC,,,,,,,,,,,,,,,,,,,,,,,,,,,,,,,,,,,,,,,,,,,natural_gas_fired_combined_cycle_ZCF,ZCF CC,p4_lng,deepdecarbonization_60ER_lowngcost,,,
,,,,,,,,,,,natural_gas_fired_combustion_turbine,Gas CT,,,,,,,,,,,,,,,,,,,,,,,,,,,,,,,,,,,,,,,,,,,natural_gas_fired_combustion_turbine,Gas CT,p5_lng,deepdecarbonization_70ER_lowngcost,,,
,,,,,,,,,,,natural_gas_fired_combustion_turbine_ZCF,ZCF CT,,,,,,,,,,,,,,,,,,,,,,,,,,,,,,,,,,,,,,,,,,,natural_gas_fired_combustion_turbine_ZCF,ZCF CT,p6_lng,deepdecarbonization_75ER_lowngcost,,,
,,,,,,,,,,,natural_gas_steam_turbine,Gas steam,,,,,,,,,,,,,,,,,,,,,,,,,,,,,,,,,,,,,,,,,,,natural_gas_steam_turbine,Gas steam,p7_lng,deepdecarbonization_80ER_lowngcost,,,
,,,,,,,,,,,naturalgas_ccavgcf_mid,Gas CC,,,,,,,,,,,,,,,,,,,,,,,,,,,,,,,,,,,,,,,,,,,naturalgas_ccavgcf_mid,Gas CC,p8_lng,deepdecarbonization_90ER_lowngcost,,,
,,,,,,,,,,,naturalgas_ccavgcf_mid_ZCF,ZCF CC,,,,,,,,,,,,,,,,,,,,,,,,,,,,,,,,,,,,,,,,,,,naturalgas_ccavgcf_mid_ZCF,ZCF CC,p9_lng,deepdecarbonization_65CES_lowngcost,,,
,,,,,,,,,,,naturalgas_ccccsavgcf_mid,Gas CC w/CCS,,,,,,,,,,,,,,,,,,,,,,,,,,,,,,,,,,,,,,,,,,,naturalgas_ccccsavgcf_mid,Gas CC w/CCS,p10_lng,deepdecarbonization_70CES_lowngcost,,,
,,,,,,,,,,,naturalgas_ccs100_mid,Gas CC w/CCS,,,,,,,,,,,,,,,,,,,,,,,,,,,,,,,,,,,,,,,,,,,naturalgas_ccs100_mid,Gas CC w/CCS,p11_lng,deepdecarbonization_75CES_lowngcost,,,
,,,,,,,,,,,naturalgas_ctavgcf_mid,Gas CT,,,,,,,,,,,,,,,,,,,,,,,,,,,,,,,,,,,,,,,,,,,naturalgas_ctavgcf_mid,Gas CT,p12_lng,deepdecarbonization_80CES_lowngcost,,,
,,,,,,,,,,,naturalgas_ctavgcf_mid_ZCF,ZCF CT,,,,,,,,,,,,,,,,,,,,,,,,,,,,,,,,,,,,,,,,,,,naturalgas_ctavgcf_mid_ZCF,ZCF CT,p13_lng,deepdecarbonization_85CES_lowngcost,,,
,,,,,,,,,,,nuclear,Nuclear,,,,,,,,,,,,,,,,,,,,,,,,,,,,,,,,,,,,,,,,,,,nuclear,Nuclear,p1_hre,currentpolicy_highrecost,,,
,,,,,,,,,,,nuclear_mid,Nuclear,,,,,,,,,,,,,,,,,,,,,,,,,,,,,,,,,,,,,,,,,,,nuclear_mid,Nuclear,p2_hre,deepdecarbonization_NP_highrecost,,,
,,,,,,,,,,,offshorewind_otrg3_high_fixed_0_176_75,Offshore Wind,,,,,,,,,,,,,,,,,,,,,,,,,,,,,,,,,,,,,,,,,,,offshorewind_otrg3_high_fixed_0_176_75,Offshore Wind,p3_hre,deepdecarbonization_50ER_highrecost,,,
,,,,,,,,,,,offshorewind_otrg3_high_fixed_0_176_77,Offshore Wind,,,,,,,,,,,,,,,,,,,,,,,,,,,,,,,,,,,,,,,,,,,offshorewind_otrg3_high_fixed_0_176_77,Offshore Wind,p4_hre,deepdecarbonization_60ER_highrecost,,,
,,,,,,,,,,,offshorewind_otrg3_high_fixed_0_176_78,Offshore Wind,,,,,,,,,,,,,,,,,,,,,,,,,,,,,,,,,,,,,,,,,,,offshorewind_otrg3_high_fixed_0_176_78,Offshore Wind,p5_hre,deepdecarbonization_70ER_highrecost,,,
,,,,,,,,,,,offshorewind_otrg3_high_fixed_1_176_75,Offshore Wind,,,,,,,,,,,,,,,,,,,,,,,,,,,,,,,,,,,,,,,,,,,offshorewind_otrg3_high_fixed_1_176_75,Offshore Wind,p6_hre,deepdecarbonization_75ER_highrecost,,,
,,,,,,,,,,,offshorewind_otrg3_high_fixed_1_176_77,Offshore Wind,,,,,,,,,,,,,,,,,,,,,,,,,,,,,,,,,,,,,,,,,,,offshorewind_otrg3_high_fixed_1_176_77,Offshore Wind,p7_hre,deepdecarbonization_80ER_highrecost,,,
,,,,,,,,,,,offshorewind_otrg3_high_fixed_1_176_78,Offshore Wind,,,,,,,,,,,,,,,,,,,,,,,,,,,,,,,,,,,,,,,,,,,offshorewind_otrg3_high_fixed_1_176_78,Offshore Wind,p8_hre,deepdecarbonization_90ER_highrecost,,,
,,,,,,,,,,,offshorewind_otrg3_low_fixed_0_176_75,Offshore Wind,,,,,,,,,,,,,,,,,,,,,,,,,,,,,,,,,,,,,,,,,,,offshorewind_otrg3_low_fixed_0_176_75,Offshore Wind,p9_hre,deepdecarbonization_65CES_highrecost,,,
,,,,,,,,,,,offshorewind_otrg3_low_fixed_0_176_77,Offshore Wind,,,,,,,,,,,,,,,,,,,,,,,,,,,,,,,,,,,,,,,,,,,offshorewind_otrg3_low_fixed_0_176_77,Offshore Wind,p10_hre,deepdecarbonization_70CES_highrecost,,,
,,,,,,,,,,,offshorewind_otrg3_low_fixed_0_176_78,Offshore Wind,,,,,,,,,,,,,,,,,,,,,,,,,,,,,,,,,,,,,,,,,,,offshorewind_otrg3_low_fixed_0_176_78,Offshore Wind,p11_hre,deepdecarbonization_75CES_highrecost,,,
,,,,,,,,,,,offshorewind_otrg3_low_fixed_1_176_75,Offshore Wind,,,,,,,,,,,,,,,,,,,,,,,,,,,,,,,,,,,,,,,,,,,offshorewind_otrg3_low_fixed_1_176_75,Offshore Wind,p12_hre,deepdecarbonization_80CES_highrecost,,,
,,,,,,,,,,,offshorewind_otrg3_low_fixed_1_176_77,Offshore Wind,,,,,,,,,,,,,,,,,,,,,,,,,,,,,,,,,,,,,,,,,,,offshorewind_otrg3_low_fixed_1_176_77,Offshore Wind,p13_hre,deepdecarbonization_85CES_highrecost,,,
,,,,,,,,,,,offshorewind_otrg3_low_fixed_1_176_78,Offshore Wind,,,,,,,,,,,,,,,,,,,,,,,,,,,,,,,,,,,,,,,,,,,offshorewind_otrg3_low_fixed_1_176_78,Offshore Wind,p1_hng,currentpolicy_highngcost,,,
,,,,,,,,,,,offshorewind_otrg3_mid_fixed_0_176_75,Offshore Wind,,,,,,,,,,,,,,,,,,,,,,,,,,,,,,,,,,,,,,,,,,,offshorewind_otrg3_mid_fixed_0_176_75,Offshore Wind,p2_hng,deepdecarbonization_NP_highngcost,,,
,,,,,,,,,,,offshorewind_otrg3_mid_fixed_0_176_77,Offshore Wind,,,,,,,,,,,,,,,,,,,,,,,,,,,,,,,,,,,,,,,,,,,offshorewind_otrg3_mid_fixed_0_176_77,Offshore Wind,p3_hng,deepdecarbonization_50ER_highngcost,,,
,,,,,,,,,,,offshorewind_otrg3_mid_fixed_0_176_78,Offshore Wind,,,,,,,,,,,,,,,,,,,,,,,,,,,,,,,,,,,,,,,,,,,offshorewind_otrg3_mid_fixed_0_176_78,Offshore Wind,p4_hng,deepdecarbonization_60ER_highngcost,,,
,,,,,,,,,,,offshorewind_otrg3_mid_fixed_1_176_75,Offshore Wind,,,,,,,,,,,,,,,,,,,,,,,,,,,,,,,,,,,,,,,,,,,offshorewind_otrg3_mid_fixed_1_176_75,Offshore Wind,p5_hng,deepdecarbonization_70ER_highngcost,,,
,,,,,,,,,,,offshorewind_otrg3_mid_fixed_1_176_77,Offshore Wind,,,,,,,,,,,,,,,,,,,,,,,,,,,,,,,,,,,,,,,,,,,offshorewind_otrg3_mid_fixed_1_176_77,Offshore Wind,p6_hng,deepdecarbonization_75ER_highngcost,,,
,,,,,,,,,,,offshorewind_otrg3_mid_fixed_1_176_78,Offshore Wind,,,,,,,,,,,,,,,,,,,,,,,,,,,,,,,,,,,,,,,,,,,offshorewind_otrg3_mid_fixed_1_176_78,Offshore Wind,p7_hng,deepdecarbonization_80ER_highngcost,,,
,,,,,,,,,,,onshore_wind_turbine,Onshore Wind,,,,,,,,,,,,,,,,,,,,,,,,,,,,,,,,,,,,,,,,,,,onshore_wind_turbine,Onshore Wind,p8_hng,deepdecarbonization_90ER_highngcost,,,
,,,,,,,,,,,small_hydroelectric,Hydro,,,,,,,,,,,,,,,,,,,,,,,,,,,,,,,,,,,,,,,,,,,small_hydroelectric,Hydro,p9_hng,deepdecarbonization_65CES_highngcost,,,
,,,,,,,,,,,solar_photovoltaic,Utility Solar,,,,,,,,,,,,,,,,,,,,,,,,,,,,,,,,,,,,,,,,,,,solar_photovoltaic,Utility Solar,p10_hng,deepdecarbonization_70CES_highngcost,,,
,,,,,,,,,,,utilitypv_losangeles_high_100_0_2,Utility Solar,,,,,,,,,,,,,,,,,,,,,,,,,,,,,,,,,,,,,,,,,,,utilitypv_losangeles_high_100_0_2,Utility Solar,p11_hng,deepdecarbonization_75CES_highngcost,,,
,,,,,,,,,,,utilitypv_losangeles_high_70_12_0_2,Utility Solar,,,,,,,,,,,,,,,,,,,,,,,,,,,,,,,,,,,,,,,,,,,utilitypv_losangeles_high_70_12_0_2,Utility Solar,p12_hng,deepdecarbonization_80CES_highngcost,,,
,,,,,,,,,,,utilitypv_losangeles_high_70_13_0_5,Utility Solar,,,,,,,,,,,,,,,,,,,,,,,,,,,,,,,,,,,,,,,,,,,utilitypv_losangeles_high_70_13_0_5,Utility Solar,p13_hng,deepdecarbonization_85CES_highngcost,,,
,,,,,,,,,,,utilitypv_losangeles_high_70_14_0_5,Utility Solar,,,,,,,,,,,,,,,,,,,,,,,,,,,,,,,,,,,,,,,,,,,utilitypv_losangeles_high_70_14_0_5,Utility Solar,p1_nit,currentpolicy_nointertrans,,,
,,,,,,,,,,,utilitypv_losangeles_high_70_4_0_2,Utility Solar,,,,,,,,,,,,,,,,,,,,,,,,,,,,,,,,,,,,,,,,,,,utilitypv_losangeles_high_70_4_0_2,Utility Solar,p2_nit,deepdecarbonization_NP_nointertrans,,,
,,,,,,,,,,,utilitypv_losangeles_high_70_43_0_2,Utility Solar,,,,,,,,,,,,,,,,,,,,,,,,,,,,,,,,,,,,,,,,,,,utilitypv_losangeles_high_70_43_0_2,Utility Solar,p3_nit,deepdecarbonization_50ER_nointertrans,,,
,,,,,,,,,,,utilitypv_losangeles_high_70_5_0_2,Utility Solar,,,,,,,,,,,,,,,,,,,,,,,,,,,,,,,,,,,,,,,,,,,utilitypv_losangeles_high_70_5_0_2,Utility Solar,p4_nit,deepdecarbonization_60ER_nointertrans,,,
,,,,,,,,,,,utilitypv_losangeles_high_70_66_0_2,Utility Solar,,,,,,,,,,,,,,,,,,,,,,,,,,,,,,,,,,,,,,,,,,,utilitypv_losangeles_high_70_66_0_2,Utility Solar,p5_nit,deepdecarbonization_70ER_nointertrans,,,
,,,,,,,,,,,utilitypv_losangeles_high_80_0_2,Utility Solar,,,,,,,,,,,,,,,,,,,,,,,,,,,,,,,,,,,,,,,,,,,utilitypv_losangeles_high_80_0_2,Utility Solar,p6_nit,deepdecarbonization_75ER_nointertrans,,,
,,,,,,,,,,,utilitypv_losangeles_low_100_0_2,Utility Solar,,,,,,,,,,,,,,,,,,,,,,,,,,,,,,,,,,,,,,,,,,,utilitypv_losangeles_low_100_0_2,Utility Solar,p7_nit,deepdecarbonization_80ER_nointertrans,,,
,,,,,,,,,,,utilitypv_losangeles_low_70_12_0_2,Utility Solar,,,,,,,,,,,,,,,,,,,,,,,,,,,,,,,,,,,,,,,,,,,utilitypv_losangeles_low_70_12_0_2,Utility Solar,p8_nit,deepdecarbonization_90ER_nointertrans,,,
,,,,,,,,,,,utilitypv_losangeles_low_70_13_0_5,Utility Solar,,,,,,,,,,,,,,,,,,,,,,,,,,,,,,,,,,,,,,,,,,,utilitypv_losangeles_low_70_13_0_5,Utility Solar,p9_nit,deepdecarbonization_65CES_nointertrans,,,
,,,,,,,,,,,utilitypv_losangeles_low_70_14_0_5,Utility Solar,,,,,,,,,,,,,,,,,,,,,,,,,,,,,,,,,,,,,,,,,,,utilitypv_losangeles_low_70_14_0_5,Utility Solar,p10_nit,deepdecarbonization_70CES_nointertrans,,,
,,,,,,,,,,,utilitypv_losangeles_low_70_4_0_2,Utility Solar,,,,,,,,,,,,,,,,,,,,,,,,,,,,,,,,,,,,,,,,,,,utilitypv_losangeles_low_70_4_0_2,Utility Solar,p11_nit,deepdecarbonization_75CES_nointertrans,,,
,,,,,,,,,,,utilitypv_losangeles_low_70_43_0_2,Utility Solar,,,,,,,,,,,,,,,,,,,,,,,,,,,,,,,,,,,,,,,,,,,utilitypv_losangeles_low_70_43_0_2,Utility Solar,p12_nit,deepdecarbonization_80CES_nointertrans,,,
,,,,,,,,,,,utilitypv_losangeles_low_70_5_0_2,Utility Solar,,,,,,,,,,,,,,,,,,,,,,,,,,,,,,,,,,,,,,,,,,,utilitypv_losangeles_low_70_5_0_2,Utility Solar,p13_nit,deepdecarbonization_85CES_nointertrans,,,
,,,,,,,,,,,utilitypv_losangeles_low_70_66_0_2,Utility Solar,,,,,,,,,,,,,,,,,,,,,,,,,,,,,,,,,,,,,,,,,,,utilitypv_losangeles_low_70_66_0_2,Utility Solar,,,,,
,,,,,,,,,,,utilitypv_losangeles_low_80_0_2,Utility Solar,,,,,,,,,,,,,,,,,,,,,,,,,,,,,,,,,,,,,,,,,,,utilitypv_losangeles_low_80_0_2,Utility Solar,,,,,
,,,,,,,,,,,utilitypv_losangeles_mid_100_0_2,Utility Solar,,,,,,,,,,,,,,,,,,,,,,,,,,,,,,,,,,,,,,,,,,,utilitypv_losangeles_mid_100_0_2,Utility Solar,,,,,
,,,,,,,,,,,utilitypv_losangeles_mid_70_12_0_2,Utility Solar,,,,,,,,,,,,,,,,,,,,,,,,,,,,,,,,,,,,,,,,,,,utilitypv_losangeles_mid_70_12_0_2,Utility Solar,,,,,
,,,,,,,,,,,utilitypv_losangeles_mid_70_13_0_2,Utility Solar,,,,,,,,,,,,,,,,,,,,,,,,,,,,,,,,,,,,,,,,,,,utilitypv_losangeles_mid_70_13_0_2,Utility Solar,,,,,
,,,,,,,,,,,utilitypv_losangeles_mid_70_13_0_5,Utility Solar,,,,,,,,,,,,,,,,,,,,,,,,,,,,,,,,,,,,,,,,,,,utilitypv_losangeles_mid_70_13_0_5,Utility Solar,,,,,
,,,,,,,,,,,utilitypv_losangeles_mid_70_14_0_2,Utility Solar,,,,,,,,,,,,,,,,,,,,,,,,,,,,,,,,,,,,,,,,,,,utilitypv_losangeles_mid_70_14_0_2,Utility Solar,,,,,
,,,,,,,,,,,utilitypv_losangeles_mid_70_14_0_5,Utility Solar,,,,,,,,,,,,,,,,,,,,,,,,,,,,,,,,,,,,,,,,,,,utilitypv_losangeles_mid_70_14_0_5,Utility Solar,,,,,
,,,,,,,,,,,utilitypv_losangeles_mid_70_15_0_2,Utility Solar,,,,,,,,,,,,,,,,,,,,,,,,,,,,,,,,,,,,,,,,,,,utilitypv_losangeles_mid_70_15_0_2,Utility Solar,,,,,
,,,,,,,,,,,utilitypv_losangeles_mid_70_16_0_2,Utility Solar,,,,,,,,,,,,,,,,,,,,,,,,,,,,,,,,,,,,,,,,,,,utilitypv_losangeles_mid_70_16_0_2,Utility Solar,,,,,
,,,,,,,,,,,utilitypv_losangeles_mid_70_17_0_2,Utility Solar,,,,,,,,,,,,,,,,,,,,,,,,,,,,,,,,,,,,,,,,,,,utilitypv_losangeles_mid_70_17_0_2,Utility Solar,,,,,
,,,,,,,,,,,utilitypv_losangeles_mid_70_19_0_2,Utility Solar,,,,,,,,,,,,,,,,,,,,,,,,,,,,,,,,,,,,,,,,,,,utilitypv_losangeles_mid_70_19_0_2,Utility Solar,,,,,
,,,,,,,,,,,utilitypv_losangeles_mid_70_4_0_2,Utility Solar,,,,,,,,,,,,,,,,,,,,,,,,,,,,,,,,,,,,,,,,,,,utilitypv_losangeles_mid_70_4_0_2,Utility Solar,,,,,
,,,,,,,,,,,utilitypv_losangeles_mid_70_43_0_2,Utility Solar,,,,,,,,,,,,,,,,,,,,,,,,,,,,,,,,,,,,,,,,,,,utilitypv_losangeles_mid_70_43_0_2,Utility Solar,,,,,
,,,,,,,,,,,utilitypv_losangeles_mid_70_5_0_2,Utility Solar,,,,,,,,,,,,,,,,,,,,,,,,,,,,,,,,,,,,,,,,,,,utilitypv_losangeles_mid_70_5_0_2,Utility Solar,,,,,
,,,,,,,,,,,utilitypv_losangeles_mid_70_6_0_2,Utility Solar,,,,,,,,,,,,,,,,,,,,,,,,,,,,,,,,,,,,,,,,,,,utilitypv_losangeles_mid_70_6_0_2,Utility Solar,,,,,
,,,,,,,,,,,utilitypv_losangeles_mid_70_66_0_2,Utility Solar,,,,,,,,,,,,,,,,,,,,,,,,,,,,,,,,,,,,,,,,,,,utilitypv_losangeles_mid_70_66_0_2,Utility Solar,,,,,
,,,,,,,,,,,utilitypv_losangeles_mid_70_8_0_2,Utility Solar,,,,,,,,,,,,,,,,,,,,,,,,,,,,,,,,,,,,,,,,,,,utilitypv_losangeles_mid_70_8_0_2,Utility Solar,,,,,
,,,,,,,,,,,utilitypv_losangeles_mid_70_9_0_2,Utility Solar,,,,,,,,,,,,,,,,,,,,,,,,,,,,,,,,,,,,,,,,,,,utilitypv_losangeles_mid_70_9_0_2,Utility Solar,,,,,
,,,,,,,,,,,utilitypv_losangeles_mid_76_0_2,Utility Solar,,,,,,,,,,,,,,,,,,,,,,,,,,,,,,,,,,,,,,,,,,,utilitypv_losangeles_mid_76_0_2,Utility Solar,,,,,
,,,,,,,,,,,utilitypv_losangeles_mid_80_0_2,Utility Solar,,,,,,,,,,,,,,,,,,,,,,,,,,,,,,,,,,,,,,,,,,,utilitypv_losangeles_mid_80_0_2,Utility Solar,,,,,
,,,,,,,,,,,,DG Solar,,,,,,,,,,,,,,,,,,,,,,,,,,,,,,,,,,,,,,,,,,,ev_load_shifting,Flexible Load,,,,,
,,,,,,,,,,,,,,,,,,,,,,,,,,,,,,,,,,,,,,,,,,,,,,,,,,,,,,,space_heat_load_shifting,Flexible Load,,,,,
,,,,,,,,,,,,,,,,,,,,,,,,,,,,,,,,,,,,,,,,,,,,,,,,,,,,,,,water_heat_load_shifting,Flexible Load,,,,,
,,,,,,,,,,,,,,,,,,,,,,,,,,,,,,,,,,,,,,,,,,,,,,,,,,,,,,,ev_storage,Flexible Load,,,,,
