region,Resource,technology,cluster,R_ID,Zone,Num_VRE_Bins,CapRes_1,THERM,VRE,MUST_RUN,STOR,FLEX,DAC,waccreal,HYDRO,ESR_1,ESR_2,MinCapTag_1,MinCapTag_2,Min_Share,Max_Share,Existing_Cap_MWh,Existing_Cap_MW,Existing_Charge_Cap_MW,num_units,unmodified_existing_cap_mw,New_Build,Cap_Size,Min_Cap_MW,Max_Cap_MW,Max_Cap_MWh,Min_Cap_MWh,Max_Charge_Cap_MW,Min_Charge_Cap_MW,Min_Share_percent,Max_Share_percent,capex_mw,Inv_Cost_per_MWyr,Fixed_OM_Cost_per_MWyr,capex_mwh,Inv_Cost_per_MWhyr,Fixed_OM_Cost_per_MWhyr,Var_OM_Cost_per_MWh,Var_OM_Cost_per_MWh_In,Inv_Cost_Charge_per_MWyr,Fixed_OM_Cost_Charge_per_MWyr,Start_Cost_per_MW,Start_Fuel_MMBTU_per_MW,Heat_Rate_MMBTU_per_MWh,heat_rate_mmbtu_mwh_iqr,heat_rate_mmbtu_mwh_std,Fuel,Min_Power,Self_Disch,Eff_Up,Eff_Down,Hydro_Energy_to_Power_Ratio,Ratio_power_to_energy,Min_Duration,Max_Duration,Max_Flexible_Demand_Delay,Max_Flexible_Demand_Advance,Flexible_Demand_Energy_Eff,Ramp_Up_Percentage,Ramp_Dn_Percentage,Up_Time,Down_Time,NACC_Eff,NACC_Peak_to_Base,Reg_Max,Rsv_Max,Reg_Cost,Rsv_Cost,spur_miles,spur_capex,offshore_spur_miles,offshore_spur_capex,tx_miles,tx_capex,interconnect_annuity,Hydro_level,LDS
USA_Single,USA_Single_conventional_hydroelectric_1.0_old,conventional_hydroelectric,1,1,1,0,0.8,0,0,0,0,0,0,0,1,0,1,0,0,0,0,0,7113,0,1422,0,0,49.952,-1,-1,0,0,-1,0,0,0,0,0,47048,0,0,0,0,0,0,0,0,0,9.1,0,0.242,None,0.263,0,1,1,2,0,1,1,0,0,0,0.083,0.083,0,0,0,0,0,0,0,0,0,0,0,0,0,0,0,0,0
USA_Single,USA_Single_nuclear_1.0_old,nuclear,1,2,1,0,0.93,1,0,0,0,0,0,0,0,0,1,0,0,0,0,0,4675,0,5,0,0,1159.2,-1,-1,0,0,-1,0,0,0,0,0,193275,0,0,0,2.29,0,0,0,248,0,10.46,0,0.187,west_north_central_uranium,0.8,0,1,1,0,0,1,1,0,0,0,0.25,0.25,24,24,0,0,0,0,0,0,0,0,0,0,0,0,0,0,0
USA_Single,USA_Single_naturalgas_ccavgcf_mid_0.0_old,naturalgas_ccavgcf_mid,1,3,1,0,0.93,1,0,0,0,0,0,0,0,0,0,0,0,0,0,0,19711,0,40,0,0,500,-1,-1,0,0,-1,0,0,0,0,0,27636,0,0,0,1.76,0,0,0,106,2,6.36,0,0,NG,0.2,0,1,1,0,0,1,1,0,0,0,0.64,0.64,6,6,0,0,0,0,0,0,0,0,0,0,0,0,0,0,0
USA_Single,USA_Single_landbasedwind_ltrg1_low_40_1.0_old,landbasedwind_ltrg1_low_40,1,4,1,1,0.8,0,1,0,0,0,0,0,0,1,1,1,0,0,0,0,1198,0,0,0,0,1,-1,-1,0,0,-1,0,0,0,0,0,39752,0,0,0,0,0,0,0,0,0,0,0,0,None,0,0,1,1,0,0,1,1,0,0,0,0,0,0,0,0,0,0,0,0,0,0,0,0,0,0,0,0,0,0
USA_Single,USA_Single_landbasedwind_ltrg1_low_40_2.0_old,landbasedwind_ltrg1_low_40,2,5,1,1,0.8,0,1,0,0,0,0,0,0,1,1,1,0,0,0,0,1338,0,0,0,0,1,-1,-1,0,0,-1,0,0,0,0,0,39752,0,0,0,0,0,0,0,0,0,0,0,0,None,0,0,1,1,0,0,1,1,0,0,0,0,0,0,0,0,0,0,0,0,0,0,0,0,0,0,0,0,0,0
USA_Single,USA_Single_landbasedwind_ltrg1_low_40_4.0_old,landbasedwind_ltrg1_low_40,4,6,1,1,0.8,0,1,0,0,0,0,0,0,1,1,1,0,0,0,0,3066,0,0,0,0,1,-1,-1,0,0,-1,0,0,0,0,0,39752,0,0,0,0,0,0,0,0,0,0,0,0,None,0,0,1,1,0,0,1,1,0,0,0,0,0,0,0,0,0,0,0,0,0,0,0,0,0,0,0,0,0,0
USA_Single,USA_Single_utilitypv_losangeles_low_0_2_1.0_old,utilitypv_losangeles_low_0_2,1,7,1,1,0.8,0,1,0,0,0,0,0,0,1,1,0,0,0,0,0,3033,0,0,0,0,1,-1,-1,0,0,-1,0,0,0,0,0,12517,0,0,0,0,0,0,0,0,0,0,0,0,None,0,0,1,1,0,0,1,1,0,0,0,0,0,0,0,0,0,0,0,0,0,0,0,0,0,0,0,0,0,0
USA_Single,USA_Single_utilitypv_losangeles_low_0_2_2.0_old,utilitypv_losangeles_low_0_2,2,8,1,1,0.8,0,1,0,0,0,0,0,0,1,1,0,0,0,0,0,3725,0,0,0,0,1,-1,-1,0,0,-1,0,0,0,0,0,12517,0,0,0,0,0,0,0,0,0,0,0,0,None,0,0,1,1,0,0,1,1,0,0,0,0,0,0,0,0,0,0,0,0,0,0,0,0,0,0,0,0,0,0
USA_Single,USA_Single_utilitypv_losangeles_low_0_2_4.0_old,utilitypv_losangeles_low_0_2,4,9,1,1,0.8,0,1,0,0,0,0,0,0,1,1,0,0,0,0,0,3384,0,0,0,0,1,-1,-1,0,0,-1,0,0,0,0,0,12517,0,0,0,0,0,0,0,0,0,0,0,0,None,0,0,1,1,0,0,1,1,0,0,0,0,0,0,0,0,0,0,0,0,0,0,0,0,0,0,0,0,0,0
USA_Single,USA_Single_utilitypv_losangeles_low_0_2_5.0_old,utilitypv_losangeles_low_0_2,5,10,1,1,0.8,0,1,0,0,0,0,0,0,1,1,0,0,0,0,0,3534,0,0,0,0,1,-1,-1,0,0,-1,0,0,0,0,0,12517,0,0,0,0,0,0,0,0,0,0,0,0,None,0,0,1,1,0,0,1,1,0,0,0,0,0,0,0,0,0,0,0,0,0,0,0,0,0,0,0,0,0,0
USA_Single,USA_Single_utilitypv_losangeles_low_0_2_7.0_old,utilitypv_losangeles_low_0_2,7,11,1,1,0.8,0,1,0,0,0,0,0,0,1,1,0,0,0,0,0,3443,0,0,0,0,1,-1,-1,0,0,-1,0,0,0,0,0,12517,0,0,0,0,0,0,0,0,0,0,0,0,None,0,0,1,1,0,0,1,1,0,0,0,0,0,0,0,0,0,0,0,0,0,0,0,0,0,0,0,0,0,0
USA_Single,USA_Single_utilitypv_losangeles_low_0_2_11.0_old,utilitypv_losangeles_low_0_2,11,12,1,1,0.8,0,1,0,0,0,0,0,0,1,1,0,0,0,0,0,2944,0,0,0,0,1,-1,-1,0,0,-1,0,0,0,0,0,12517,0,0,0,0,0,0,0,0,0,0,0,0,None,0,0,1,1,0,0,1,1,0,0,0,0,0,0,0,0,0,0,0,0,0,0,0,0,0,0,0,0,0,0
USA_Single,USA_Single_utilitypv_losangeles_low_0_2_13.0_old,utilitypv_losangeles_low_0_2,13,13,1,1,0.8,0,1,0,0,0,0,0,0,1,1,0,0,0,0,0,2850,0,0,0,0,1,-1,-1,0,0,-1,0,0,0,0,0,12517,0,0,0,0,0,0,0,0,0,0,0,0,None,0,0,1,1,0,0,1,1,0,0,0,0,0,0,0,0,0,0,0,0,0,0,0,0,0,0,0,0,0,0
USA_Single,USA_Single_utilitypv_losangeles_low_0_2_15.0_old,utilitypv_losangeles_low_0_2,15,14,1,1,0.8,0,1,0,0,0,0,0,0,1,1,0,0,0,0,0,1051,0,0,0,0,1,-1,-1,0,0,-1,0,0,0,0,0,12517,0,0,0,0,0,0,0,0,0,0,0,0,None,0,0,1,1,0,0,1,1,0,0,0,0,0,0,0,0,0,0,0,0,0,0,0,0,0,0,0,0,0,0
USA_Single,USA_Single_naturalgas_ccccsavgcf_conservative_0,naturalgas_ccccsavgcf_conservative,0,15,1,0,0.93,1,0,0,0,0,0,0,0,0,0,0,0,0,0,0,0,0,0,0,0,500,0,-1,-1,-1,0,0,0,0,2291168.223,171223,65903,0,0,0,5.8,0,0,0,106,0,7.16,0,0,west_north_central_naturalgas_ccs90,0.6,0,1,1,0,0,0,0,0,0,0,0.64,0.64,6,6,0,0,0,0,0,0,0,0,0,0,0,0,0,0,0
USA_Single,USA_Single_naturalgas_ccavgcf_moderate_0,naturalgas_ccavgcf_moderate,0,16,1,0,0.93,1,0,0,0,0,0,0,0,0,0,0,0,0,0,0,0,0,0,0,1,500,0,-1,-1,-1,0,0,0,0,967272.902,75052,27636,0,0,0,1.76,0,0,0,106,2,6.36,0,0,NG,0.2,0,1,1,0,0,0,0,0,0,0,0.64,0.64,6,6,0,0,0,0,0,0,0,0,0,0,0,0,0,0,0
USA_Single,USA_Single_naturalgas_ctavgcf_moderate_0,naturalgas_ctavgcf_moderate,0,17,1,0,0.93,1,0,0,0,0,0,0,0,0,0,0,0,0,0,0,0,0,0,0,1,100,0,-1,-1,-1,0,0,0,0,810870.688,62814,21157,0,0,0,5,0,0,0,137,3.5,9.72,0,0,NG,0.3,0,1,1,0,0,0,0,0,0,0,3.78,3.78,1,1,0,0,0,0,0,0,0,0,0,0,0,0,0,0,0
USA_Single,USA_Single_battery_advanced_0,battery_advanced,0,18,1,0,0.95,0,0,0,1,0,0,0,0,0,0,0,0,0,0,0,0,0,0,0,1,1,0,-1,-1,-1,0,0,0,0,87760.619,7390,2194,93427.202,7868,2335,0,0,0,0,0,0,0,0,0,None,0,0,0.92,0.92,0,0,1,10,0,0,0,1,1,0,0,0,0,0,0,0,0,0,0,0,0,0,0,0,0,0
USA_Single,USA_Single_nuclear_nuclear_moderate_0,nuclear_nuclear_moderate,0,19,1,0,0.93,1,0,0,0,0,0,0,0,0,1,0,0,0,0,0,0,0,0,0,1,500,0,-1,-1,-1,0,0,0,0,6452760.547,329940,146760,0,0,0,2.38,0,0,0,285,0,10.46,0,0,west_north_central_uranium,0.5,0,1,1,0,0,0,0,0,0,0,0.25,0.25,24,24,0,0,0,0,0,0,0,0,0,0,0,0,0,0,0
USA_Single,USA_Single_h2cc_0,h2cc,0,20,1,0,0.93,1,0,0,0,0,0,0,0,0,0,0,0,0,0,0,0,0,0,0,1,1,0,-1,-1,-1,0,0,0,0,1185673.272,88252,21157,0,0,0,5,0,0,0,106,2,9.72,0,0,hydrogen,0.2,0,1,1,0,0,0,0,0,0,0,0.64,0.64,6,6,0,0,0,0,0,0,0,0,0,0,0,0,0,0,0
USA_Single,USA_Single_h2ct_0,h2ct,0,21,1,0,0.93,1,0,0,0,0,0,0,0,0,0,0,0,0,0,0,0,0,0,0,1,1,0,-1,-1,-1,0,0,0,0,832476.803,64230,21157,0,0,0,5,0,0,0,137,3.5,9.72,0,0,hydrogen,0.3,0,1,1,0,0,0,0,0,0,0,3.78,3.78,1,1,0,0,0,0,0,0,0,0,0,0,0,0,0,0,0
USA_Single,USA_Single_beccs_0,beccs,0,22,1,0,0.93,1,0,0,0,0,0,0,0,0,0,0,0,0,0,0,0,0,0,0,1,1,0,-1,-1,-1,0,0,0,0,6732454.319,493255,192278,0,0,0,19.7,0,0,0,142,16.5,14.29,0,0,biomass_carbon_capture,0.4,0,1,1,0,0,0,0,0,0,0,0.57,0.57,24,24,0,0,0,0,0,0,0,0,0,0,0,0,0,0,0
USA_Single,USA_Single_smr_0,smr,0,23,1,0,0.93,1,0,0,0,0,0,0,0,0,0,0,0,0,0,0,0,0,0,0,1,1,0,-1,-1,-1,0,0,0,0,7069606.792,353248,114614,0,0,0,3.02,0,0,0,285,0,10.46,0,0,west_north_central_uranium,0.2,0,1,1,0,0,0,0,0,0,0,0.25,0.25,24,24,0,0,0,0,0,0,0,0,0,0,0,0,0,0,0
USA_Single,USA_Single_dac_0,dac,0,24,1,0,0,0,0,0,0,0,1,0,0,0,0,0,0,0,0,0,0,0,0,0,1,1,0,-1,-1,-1,0,0,0,0,830865,71178,0,0,0,0,3.79,0,0,0,0,0,0.67,0,0,dac,0,0,0.92,0.92,0,0,1,10,0,0,0,1,1,0,0,0,0,0,0,0,0,0,0,0,0,0,0,0,0,0
USA_Single,USA_Single_naturalgas_ccs100_conservative_0,naturalgas_ccs100_conservative,0,25,1,0,0.93,1,0,0,0,0,0,0,0,0,0,0,0,0,0,0,0,0,0,0,0,500,0,-1,-1,-1,0,0,0,0,2407168.223,179892,75573,0,0,0,6.24,0,0,0,106,0,7.52,0,0,west_north_central_naturalgas_ccs100,0.6,0,1,1,0,0,0,0,0,0,0,0.64,0.64,6,6,0,0,0,0,0,0,0,0,0,0,0,0,0,0,0
USA_Single,USA_Single_landbasedwind_class1_advanced_45_1,landbasedwind_class1_advanced_45,1,26,1,1,0.8,0,1,0,0,0,0,0,0,1,1,1,0,0,0,0,0,0,0,0,1,1,0,632,-1,0,0,0,0,0,620055.704,49940,29583,0,0,0,0,0,0,0,0,0,0,0,0,None,0,0,0,0,0,0,0,0,0,0,0,0,0,0,0,0,0,0,0,0,0,26.283,166553.47,0,0,17.349,38046.796,10155.605,0,0
USA_Single,USA_Single_landbasedwind_class1_advanced_45_2,landbasedwind_class1_advanced_45,2,27,1,1,0.8,0,1,0,0,0,0,0,0,1,1,1,0,0,0,0,0,0,0,0,1,1,0,1224,-1,0,0,0,0,0,620055.704,45486,29583,0,0,0,0,0,0,0,0,0,0,0,0,None,0,0,0,0,0,0,0,0,0,0,0,0,0,0,0,0,0,0,0,0,0,8.365,53011.311,0,0,28.205,61852.576,5701.939,0,0
USA_Single,USA_Single_landbasedwind_class1_advanced_45_3,landbasedwind_class1_advanced_45,3,28,1,1,0.8,0,1,0,0,0,0,0,0,1,1,1,0,0,0,0,0,0,0,0,1,1,0,1367,-1,0,0,0,0,0,620055.704,48067,29583,0,0,0,0,0,0,0,0,0,0,0,0,None,0,0,0,0,0,0,0,0,0,0,0,0,0,0,0,0,0,0,0,0,0,11.111,70410.407,0,0,67.197,147362.144,8282.503,0,0
USA_Single,USA_Single_landbasedwind_class1_advanced_45_4,landbasedwind_class1_advanced_45,4,29,1,1,0.8,0,1,0,0,0,0,0,0,1,1,1,0,0,0,0,0,0,0,0,1,1,0,2626,-1,0,0,0,0,0,620055.704,47963,29583,0,0,0,0,0,0,0,0,0,0,0,0,None,0,0,0,0,0,0,0,0,0,0,0,0,0,0,0,0,0,0,0,0,0,8.503,53884.778,0,0,50.549,110853.518,8178.059,0,0
USA_Single,USA_Single_landbasedwind_class1_advanced_45_5,landbasedwind_class1_advanced_45,5,30,1,1,0.8,0,1,0,0,0,0,0,0,1,1,1,0,0,0,0,0,0,0,0,1,1,0,2294,-1,0,0,0,0,0,620055.704,50836,29583,0,0,0,0,0,0,0,0,0,0,0,0,None,0,0,0,0,0,0,0,0,0,0,0,0,0,0,0,0,0,0,0,0,0,16.632,105397.618,0,0,82.029,179889.378,11051.136,0,0
USA_Single,USA_Single_landbasedwind_class1_advanced_45_6,landbasedwind_class1_advanced_45,6,31,1,1,0.8,0,1,0,0,0,0,0,0,1,1,1,0,0,0,0,0,0,0,0,1,1,0,2499,-1,0,0,0,0,0,620055.704,51373,29583,0,0,0,0,0,0,0,0,0,0,0,0,None,0,0,0,0,0,0,0,0,0,0,0,0,0,0,0,0,0,0,0,0,0,18.113,114782.535,0,0,54.107,118656.421,11588.027,0,0
USA_Single,USA_Single_landbasedwind_class1_advanced_45_7,landbasedwind_class1_advanced_45,7,32,1,1,0.8,0,1,0,0,0,0,0,0,1,1,1,0,0,0,0,0,0,0,0,1,1,0,315,-1,0,0,0,0,0,620055.704,62238,29583,0,0,0,0,0,0,0,0,0,0,0,0,None,0,0,0,0,0,0,0,0,0,0,0,0,0,0,0,0,0,0,0,0,0,23.56,149297.185,0,0,138.165,302996.284,22453.042,0,0
USA_Single,USA_Single_landbasedwind_class1_advanced_45_8,landbasedwind_class1_advanced_45,8,33,1,1,0.8,0,1,0,0,0,0,0,0,1,1,1,0,0,0,0,0,0,0,0,1,1,0,3299,-1,0,0,0,0,0,620055.704,51812,29583,0,0,0,0,0,0,0,0,0,0,0,0,None,0,0,0,0,0,0,0,0,0,0,0,0,0,0,0,0,0,0,0,0,0,15.341,97217.342,0,0,99.232,217616.686,12027.945,0,0
USA_Single,USA_Single_landbasedwind_class1_advanced_45_9,landbasedwind_class1_advanced_45,9,34,1,1,0.8,0,1,0,0,0,0,0,0,1,1,1,0,0,0,0,0,0,0,0,1,1,0,8375,-1,0,0,0,0,0,620055.704,53795,29583,0,0,0,0,0,0,0,0,0,0,0,0,None,0,0,0,0,0,0,0,0,0,0,0,0,0,0,0,0,0,0,0,0,0,15.513,98305.997,0,0,83.866,183919.228,14010.342,0,0
USA_Single,USA_Single_landbasedwind_class1_advanced_45_10,landbasedwind_class1_advanced_45,10,35,1,1,0.8,0,1,0,0,0,0,0,0,1,1,1,0,0,0,0,0,0,0,0,1,1,0,1896,-1,0,0,0,0,0,620055.704,47717,29583,0,0,0,0,0,0,0,0,0,0,0,0,None,0,0,0,0,0,0,0,0,0,0,0,0,0,0,0,0,0,0,0,0,0,13.444,85192.701,0,0,34.022,74610.254,7932.618,0,0
USA_Single,USA_Single_landbasedwind_class1_advanced_45_11,landbasedwind_class1_advanced_45,11,36,1,1,0.8,0,1,0,0,0,0,0,0,1,1,1,0,0,0,0,0,0,0,0,1,1,0,4337,-1,0,0,0,0,0,620055.704,52488,29583,0,0,0,0,0,0,0,0,0,0,0,0,None,0,0,0,0,0,0,0,0,0,0,0,0,0,0,0,0,0,0,0,0,0,16.297,103276.791,0,0,106.213,232926.13,12703.977,0,0
USA_Single,USA_Single_landbasedwind_class1_advanced_45_12,landbasedwind_class1_advanced_45,12,37,1,1,0.8,0,1,0,0,0,0,0,0,1,1,1,0,0,0,0,0,0,0,0,1,1,0,19480,-1,0,0,0,0,0,620055.704,50905,29583,0,0,0,0,0,0,0,0,0,0,0,0,None,0,0,0,0,0,0,0,0,0,0,0,0,0,0,0,0,0,0,0,0,0,16.835,106684.841,0,0,80.263,176017.207,11120.992,0,0
USA_Single,USA_Single_landbasedwind_class1_advanced_45_13,landbasedwind_class1_advanced_45,13,38,1,1,0.8,0,1,0,0,0,0,0,0,1,1,1,0,0,0,0,0,0,0,0,1,1,0,5422,-1,0,0,0,0,0,620055.704,53918,29583,0,0,0,0,0,0,0,0,0,0,0,0,None,0,0,0,0,0,0,0,0,0,0,0,0,0,0,0,0,0,0,0,0,0,16.085,101930.011,0,0,126.806,278084.51,14133.483,0,0
USA_Single,USA_Single_landbasedwind_class1_advanced_45_14,landbasedwind_class1_advanced_45,14,39,1,1,0.8,0,1,0,0,0,0,0,0,1,1,1,0,0,0,0,0,0,0,0,1,1,0,365,-1,0,0,0,0,0,620055.704,50540,29583,0,0,0,0,0,0,0,0,0,0,0,0,None,0,0,0,0,0,0,0,0,0,0,0,0,0,0,0,0,0,0,0,0,0,8.754,55475.365,0,0,110.244,241763.996,10755.339,0,0
USA_Single,USA_Single_landbasedwind_class1_advanced_45_15,landbasedwind_class1_advanced_45,15,40,1,1,0.8,0,1,0,0,0,0,0,0,1,1,1,0,0,0,0,0,0,0,0,1,1,0,1290,-1,0,0,0,0,0,620055.704,58877,29583,0,0,0,0,0,0,0,0,0,0,0,0,None,0,0,0,0,0,0,0,0,0,0,0,0,0,0,0,0,0,0,0,0,0,54.695,346604.116,0,0,17.349,38046.796,19092.212,0,0
USA_Single,USA_Single_landbasedwind_class1_advanced_45_16,landbasedwind_class1_advanced_45,1,41,1,1,0.8,0,1,0,0,0,0,0,0,1,1,0,0,0,0,0,0,0,0,0,1,1,0,3564,-1,0,0,0,0,0,620055.704,53406,29583,0,0,0,0,0,0,0,0,0,0,0,0,None,0,0,0,0,0,0,0,0,0,0,0,0,0,0,0,0,0,0,0,0,0,16.015,101485.958,0,0,78.849,172914.854,13621.838,0,0
USA_Single,USA_Single_landbasedwind_class1_advanced_45_17,landbasedwind_class1_advanced_45,2,42,1,1,0.8,0,1,0,0,0,0,0,0,1,1,0,0,0,0,0,0,0,0,0,1,1,0,10664,-1,0,0,0,0,0,620055.704,49975,29583,0,0,0,0,0,0,0,0,0,0,0,0,None,0,0,0,0,0,0,0,0,0,0,0,0,0,0,0,0,0,0,0,0,0,15.362,97351.942,0,0,75.534,165647.141,10190.639,0,0
USA_Single,USA_Single_landbasedwind_class1_advanced_45_18,landbasedwind_class1_advanced_45,3,43,1,1,0.8,0,1,0,0,0,0,0,0,1,1,0,0,0,0,0,0,0,0,0,1,1,0,5342,-1,0,0,0,0,0,620055.704,50241,29583,0,0,0,0,0,0,0,0,0,0,0,0,None,0,0,0,0,0,0,0,0,0,0,0,0,0,0,0,0,0,0,0,0,0,12.115,76773.389,0,0,92.902,203734.963,10456.055,0,0
USA_Single,USA_Single_landbasedwind_class1_advanced_45_19,landbasedwind_class1_advanced_45,4,44,1,1,0.8,0,1,0,0,0,0,0,0,1,1,0,0,0,0,0,0,0,0,0,1,1,0,1603,-1,0,0,0,0,0,620055.704,61015,29583,0,0,0,0,0,0,0,0,0,0,0,0,None,0,0,0,0,0,0,0,0,0,0,0,0,0,0,0,0,0,0,0,0,0,19.759,125212.783,0,0,137.917,302452.639,21230.635,0,0
USA_Single,USA_Single_landbasedwind_class1_advanced_45_20,landbasedwind_class1_advanced_45,5,45,1,1,0.8,0,1,0,0,0,0,0,0,1,1,0,0,0,0,0,0,0,0,0,1,1,0,2018,-1,0,0,0,0,0,620055.704,49559,29583,0,0,0,0,0,0,0,0,0,0,0,0,None,0,0,0,0,0,0,0,0,0,0,0,0,0,0,0,0,0,0,0,0,0,11.274,71443.338,0,0,87.067,190937.712,9774.715,0,0
USA_Single,USA_Single_landbasedwind_class1_advanced_45_21,landbasedwind_class1_advanced_45,6,46,1,1,0.8,0,1,0,0,0,0,0,0,1,1,0,0,0,0,0,0,0,0,0,1,1,0,3704,-1,0,0,0,0,0,620055.704,56765,29583,0,0,0,0,0,0,0,0,0,0,0,0,None,0,0,0,0,0,0,0,0,0,0,0,0,0,0,0,0,0,0,0,0,0,19.926,126271.696,0,0,98.399,215789.665,16980.656,0,0
USA_Single,USA_Single_landbasedwind_class1_advanced_45_22,landbasedwind_class1_advanced_45,7,47,1,1,0.8,0,1,0,0,0,0,0,0,1,1,0,0,0,0,0,0,0,0,0,1,1,0,1724,-1,0,0,0,0,0,620055.704,58237,29583,0,0,0,0,0,0,0,0,0,0,0,0,None,0,0,0,0,0,0,0,0,0,0,0,0,0,0,0,0,0,0,0,0,0,28.276,179187.547,0,0,87.794,192532.023,18452.399,0,0
USA_Single,USA_Single_landbasedwind_class1_advanced_45_23,landbasedwind_class1_advanced_45,8,48,1,1,0.8,0,1,0,0,0,0,0,0,1,1,0,0,0,0,0,0,0,0,0,1,1,0,2124,-1,0,0,0,0,0,620055.704,55447,29583,0,0,0,0,0,0,0,0,0,0,0,0,None,0,0,0,0,0,0,0,0,0,0,0,0,0,0,0,0,0,0,0,0,0,21.355,135327.902,0,0,125.622,275487.95,15662.697,0,0
USA_Single,USA_Single_landbasedwind_class1_advanced_45_24,landbasedwind_class1_advanced_45,9,49,1,1,0.8,0,1,0,0,0,0,0,0,1,1,0,0,0,0,0,0,0,0,0,1,1,0,2768,-1,0,0,0,0,0,620055.704,52079,29583,0,0,0,0,0,0,0,0,0,0,0,0,None,0,0,0,0,0,0,0,0,0,0,0,0,0,0,0,0,0,0,0,0,0,17.391,110204.232,0,0,62.685,137467.547,12294.717,0,0
USA_Single,USA_Single_landbasedwind_class1_advanced_45_25,landbasedwind_class1_advanced_45,10,50,1,1,0.8,0,1,0,0,0,0,0,0,1,1,0,0,0,0,0,0,0,0,0,1,1,0,1055,-1,0,0,0,0,0,620055.704,46007,29583,0,0,0,0,0,0,0,0,0,0,0,0,None,0,0,0,0,0,0,0,0,0,0,0,0,0,0,0,0,0,0,0,0,0,7,44359.634,0,0,55.402,121495.49,6222.992,0,0
USA_Single,USA_Single_landbasedwind_class1_advanced_45_26,landbasedwind_class1_advanced_45,11,51,1,1,0.8,0,1,0,0,0,0,0,0,1,1,0,0,0,0,0,0,0,0,0,1,1,0,5525,-1,0,0,0,0,0,620055.704,51659,29583,0,0,0,0,0,0,0,0,0,0,0,0,None,0,0,0,0,0,0,0,0,0,0,0,0,0,0,0,0,0,0,0,0,0,14.695,93121.656,0,0,99.917,219117.295,11874.313,0,0
USA_Single,USA_Single_landbasedwind_class1_advanced_45_27,landbasedwind_class1_advanced_45,12,52,1,1,0.8,0,1,0,0,0,0,0,0,1,1,0,0,0,0,0,0,0,0,0,1,1,0,4709,-1,0,0,0,0,0,620055.704,53309,29583,0,0,0,0,0,0,0,0,0,0,0,0,None,0,0,0,0,0,0,0,0,0,0,0,0,0,0,0,0,0,0,0,0,0,22.569,143021.02,0,0,88.533,194151.992,13524.704,0,0
USA_Single,USA_Single_landbasedwind_class1_advanced_45_28,landbasedwind_class1_advanced_45,13,53,1,1,0.8,0,1,0,0,0,0,0,0,1,1,0,0,0,0,0,0,0,0,0,1,1,0,189,-1,0,0,0,0,0,620055.704,50205,29583,0,0,0,0,0,0,0,0,0,0,0,0,None,0,0,0,0,0,0,0,0,0,0,0,0,0,0,0,0,0,0,0,0,0,17.051,108053.454,0,0,46.448,101859.368,10420.135,0,0
USA_Single,USA_Single_landbasedwind_class1_advanced_45_29,landbasedwind_class1_advanced_45,14,54,1,1,0.8,0,1,0,0,0,0,0,0,1,1,0,0,0,0,0,0,0,0,0,1,1,0,2384,-1,0,0,0,0,0,620055.704,48652,29583,0,0,0,0,0,0,0,0,0,0,0,0,None,0,0,0,0,0,0,0,0,0,0,0,0,0,0,0,0,0,0,0,0,0,9.77,61914.391,0,0,79.831,175070.041,8867.514,0,0
USA_Single,USA_Single_landbasedwind_class1_advanced_45_30,landbasedwind_class1_advanced_45,15,55,1,1,0.8,0,1,0,0,0,0,0,0,1,1,0,0,0,0,0,0,0,0,0,1,1,0,137,-1,0,0,0,0,0,620055.704,58376,29583,0,0,0,0,0,0,0,0,0,0,0,0,None,0,0,0,0,0,0,0,0,0,0,0,0,0,0,0,0,0,0,0,0,0,27.988,177363.124,0,0,110.259,241797.987,18591.511,0,0
USA_Single,USA_Single_utilitypv_class1_advanced_0_2_1,utilitypv_class1_advanced_0_2,1,56,1,1,0.8,0,1,0,0,0,0,0,0,1,1,1,0,0,0,0,0,0,0,0,1,1,0,939,-1,0,0,0,0,0,566106.789,39801,13865,0,0,0,0,0,0,0,0,0,0,0,0,None,0,0,0,0,0,0,0,0,0,0,0,0,0,0,0,0,0,0,0,0,0,7.838,49668.139,0,0,0,0,2465.221,0,0
USA_Single,USA_Single_utilitypv_class1_advanced_0_2_2,utilitypv_class1_advanced_0_2,2,57,1,1,0.8,0,1,0,0,0,0,0,0,1,1,1,0,0,0,0,0,0,0,0,1,1,0,608,-1,0,0,0,0,0,566106.789,39235,13865,0,0,0,0,0,0,0,0,0,0,0,0,None,0,0,0,0,0,0,0,0,0,0,0,0,0,0,0,0,0,0,0,0,0,4.914,31140.652,0,0,3.252,7131.855,1899.696,0,0
USA_Single,USA_Single_utilitypv_class1_advanced_0_2_3,utilitypv_class1_advanced_0_2,3,58,1,1,0.8,0,1,0,0,0,0,0,0,1,1,1,0,0,0,0,0,0,0,0,1,1,0,2136,-1,0,0,0,0,0,566106.789,42004,13865,0,0,0,0,0,0,0,0,0,0,0,0,None,0,0,0,0,0,0,0,0,0,0,0,0,0,0,0,0,0,0,0,0,0,5.879,37257.944,0,0,25.896,56789.843,4668.693,0,0
USA_Single,USA_Single_utilitypv_class1_advanced_0_2_4,utilitypv_class1_advanced_0_2,4,59,1,1,0.8,0,1,0,0,0,0,0,0,1,1,1,0,0,0,0,0,0,0,0,1,1,0,3804,-1,0,0,0,0,0,566106.789,42363,13865,0,0,0,0,0,0,0,0,0,0,0,0,None,0,0,0,0,0,0,0,0,0,0,0,0,0,0,0,0,0,0,0,0,0,10.887,68992.186,0,0,14.726,32294.776,5027.683,0,0
USA_Single,USA_Single_utilitypv_class1_advanced_0_2_5,utilitypv_class1_advanced_0_2,5,60,1,1,0.8,0,1,0,0,0,0,0,0,1,1,1,0,0,0,0,0,0,0,0,1,1,0,2159,-1,0,0,0,0,0,566106.789,42643,13865,0,0,0,0,0,0,0,0,0,0,0,0,None,0,0,0,0,0,0,0,0,0,0,0,0,0,0,0,0,0,0,0,0,0,16.858,106828.266,0,0,0.045,99.174,5307.216,0,0
USA_Single,USA_Single_utilitypv_class1_advanced_0_2_6,utilitypv_class1_advanced_0_2,6,61,1,1,0.8,0,1,0,0,0,0,0,0,1,1,1,0,0,0,0,0,0,0,0,1,1,0,690,-1,0,0,0,0,0,566106.789,42551,13865,0,0,0,0,0,0,0,0,0,0,0,0,None,0,0,0,0,0,0,0,0,0,0,0,0,0,0,0,0,0,0,0,0,0,14.794,93750.859,0,0,5.161,11317.034,5215.063,0,0
USA_Single,USA_Single_utilitypv_class1_advanced_0_2_7,utilitypv_class1_advanced_0_2,7,62,1,1,0.8,0,1,0,0,0,0,0,0,1,1,1,0,0,0,0,0,0,0,0,1,1,0,1582,-1,0,0,0,0,0,566106.789,41189,13865,0,0,0,0,0,0,0,0,0,0,0,0,None,0,0,0,0,0,0,0,0,0,0,0,0,0,0,0,0,0,0,0,0,0,11.448,72544.901,0,0,2.319,5086.156,3853.195,0,0
USA_Single,USA_Single_utilitypv_class1_advanced_0_2_8,utilitypv_class1_advanced_0_2,8,63,1,1,0.8,0,1,0,0,0,0,0,0,1,1,1,0,0,0,0,0,0,0,0,1,1,0,2847,-1,0,0,0,0,0,566106.789,42273,13865,0,0,0,0,0,0,0,0,0,0,0,0,None,0,0,0,0,0,0,0,0,0,0,0,0,0,0,0,0,0,0,0,0,0,9.218,58417.001,0,0,18.72,41052.083,4937.578,0,0
USA_Single,USA_Single_utilitypv_class1_advanced_0_2_9,utilitypv_class1_advanced_0_2,9,64,1,1,0.8,0,1,0,0,0,0,0,0,1,1,1,0,0,0,0,0,0,0,0,1,1,0,3829,-1,0,0,0,0,0,566106.789,45542,13865,0,0,0,0,0,0,0,0,0,0,0,0,None,0,0,0,0,0,0,0,0,0,0,0,0,0,0,0,0,0,0,0,0,0,22.904,145144.656,0,0,9.202,20181.006,8206.008,0,0
USA_Single,USA_Single_utilitypv_class1_advanced_0_2_10,utilitypv_class1_advanced_0_2,10,65,1,1,0.8,0,1,0,0,0,0,0,0,1,1,1,0,0,0,0,0,0,0,0,1,1,0,5169,-1,0,0,0,0,0,566106.789,42981,13865,0,0,0,0,0,0,0,0,0,0,0,0,None,0,0,0,0,0,0,0,0,0,0,0,0,0,0,0,0,0,0,0,0,0,7.156,45349.338,0,0,31.178,68373.631,5645.414,0,0
USA_Single,USA_Single_utilitypv_class1_advanced_0_2_11,utilitypv_class1_advanced_0_2,11,66,1,1,0.8,0,1,0,0,0,0,0,0,1,1,1,0,0,0,0,0,0,0,0,1,1,0,2970,-1,0,0,0,0,0,566106.789,45963,13865,0,0,0,0,0,0,0,0,0,0,0,0,None,0,0,0,0,0,0,0,0,0,0,0,0,0,0,0,0,0,0,0,0,0,17.936,113659.541,0,0,27.431,60156.575,8627.952,0,0
USA_Single,USA_Single_utilitypv_class1_advanced_0_2_12,utilitypv_class1_advanced_0_2,12,67,1,1,0.8,0,1,0,0,0,0,0,0,1,1,1,0,0,0,0,0,0,0,0,1,1,0,4852,-1,0,0,0,0,0,566106.789,47157,13865,0,0,0,0,0,0,0,0,0,0,0,0,None,0,0,0,0,0,0,0,0,0,0,0,0,0,0,0,0,0,0,0,0,0,13.876,87932.043,0,0,50.124,109922.742,9821.734,0,0
USA_Single,USA_Single_utilitypv_class1_advanced_0_2_13,utilitypv_class1_advanced_0_2,13,68,1,1,0.8,0,1,0,0,0,0,0,0,1,1,1,0,0,0,0,0,0,0,0,1,1,0,8071,-1,0,0,0,0,0,566106.789,47156,13865,0,0,0,0,0,0,0,0,0,0,0,0,None,0,0,0,0,0,0,0,0,0,0,0,0,0,0,0,0,0,0,0,0,0,21.141,133968.022,0,0,29.126,63873.088,9820.458,0,0
USA_Single,USA_Single_utilitypv_class1_advanced_0_2_14,utilitypv_class1_advanced_0_2,14,69,1,1,0.8,0,1,0,0,0,0,0,0,1,1,1,0,0,0,0,0,0,0,0,1,1,0,954,-1,0,0,0,0,0,566106.789,41122,13865,0,0,0,0,0,0,0,0,0,0,0,0,None,0,0,0,0,0,0,0,0,0,0,0,0,0,0,0,0,0,0,0,0,0,12.039,76290.205,0,0,0,0,3786.59,0,0
USA_Single,USA_Single_utilitypv_class1_advanced_0_2_15,utilitypv_class1_advanced_0_2,15,70,1,1,0.8,0,1,0,0,0,0,0,0,1,1,1,0,0,0,0,0,0,0,0,1,1,0,16032,-1,0,0,0,0,0,566106.789,44170,13865,0,0,0,0,0,0,0,0,0,0,0,0,None,0,0,0,0,0,0,0,0,0,0,0,0,0,0,0,0,0,0,0,0,0,8.947,56694.492,0,0,56.381,123643.614,6834.17,0,0
USA_Single,USA_Single_utilitypv_class1_advanced_0_2_16,utilitypv_class1_advanced_0_2,1,71,1,1,0.8,0,1,0,0,0,0,0,0,1,1,0,0,0,0,0,0,0,0,0,1,1,0,7749,-1,0,0,0,0,0,566106.789,45530,13865,0,0,0,0,0,0,0,0,0,0,0,0,None,0,0,0,0,0,0,0,0,0,0,0,0,0,0,0,0,0,0,0,0,0,12.54,79463.95,0,0,39.04,85614.332,8194.604,0,0
USA_Single,USA_Single_utilitypv_class1_advanced_0_2_17,utilitypv_class1_advanced_0_2,2,72,1,1,0.8,0,1,0,0,0,0,0,0,1,1,0,0,0,0,0,0,0,0,0,1,1,0,579,-1,0,0,0,0,0,566106.789,39364,13865,0,0,0,0,0,0,0,0,0,0,0,0,None,0,0,0,0,0,0,0,0,0,0,0,0,0,0,0,0,0,0,0,0,0,4.718,29899.233,0,0,4.996,10957.105,2028.01,0,0
USA_Single,USA_Single_utilitypv_class1_advanced_0_2_18,utilitypv_class1_advanced_0_2,3,73,1,1,0.8,0,1,0,0,0,0,0,0,1,1,0,0,0,0,0,0,0,0,0,1,1,0,6936,-1,0,0,0,0,0,566106.789,46255,13865,0,0,0,0,0,0,0,0,0,0,0,0,None,0,0,0,0,0,0,0,0,0,0,0,0,0,0,0,0,0,0,0,0,0,16.795,106431.926,0,0,33.401,73249.398,8919.237,0,0
USA_Single,USA_Single_utilitypv_class1_advanced_0_2_19,utilitypv_class1_advanced_0_2,4,74,1,1,0.8,0,1,0,0,0,0,0,0,1,1,0,0,0,0,0,0,0,0,0,1,1,0,4951,-1,0,0,0,0,0,566106.789,48466,13865,0,0,0,0,0,0,0,0,0,0,0,0,None,0,0,0,0,0,0,0,0,0,0,0,0,0,0,0,0,0,0,0,0,0,21.792,138094.29,0,0,39.273,86125.178,11130.01,0,0
USA_Single,USA_Single_utilitypv_class1_advanced_0_2_20,utilitypv_class1_advanced_0_2,5,75,1,1,0.8,0,1,0,0,0,0,0,0,1,1,0,0,0,0,0,0,0,0,0,1,1,0,2170,-1,0,0,0,0,0,566106.789,47024,13865,0,0,0,0,0,0,0,0,0,0,0,0,None,0,0,0,0,0,0,0,0,0,0,0,0,0,0,0,0,0,0,0,0,0,12.744,80759.995,0,0,52.166,114400.477,9688.053,0,0
USA_Single,USA_Single_utilitypv_class1_advanced_0_2_21,utilitypv_class1_advanced_0_2,6,76,1,1,0.8,0,1,0,0,0,0,0,0,1,1,0,0,0,0,0,0,0,0,0,1,1,0,3112,-1,0,0,0,0,0,566106.789,43338,13865,0,0,0,0,0,0,0,0,0,0,0,0,None,0,0,0,0,0,0,0,0,0,0,0,0,0,0,0,0,0,0,0,0,0,7.039,44608.044,0,0,34.8,76316.839,6002.978,0,0
USA_Single,USA_Single_utilitypv_class1_advanced_0_2_22,utilitypv_class1_advanced_0_2,7,77,1,1,0.8,0,1,0,0,0,0,0,0,1,1,0,0,0,0,0,0,0,0,0,1,1,0,1680,-1,0,0,0,0,0,566106.789,48135,13865,0,0,0,0,0,0,0,0,0,0,0,0,None,0,0,0,0,0,0,0,0,0,0,0,0,0,0,0,0,0,0,0,0,0,24.018,152200.013,0,0,29.808,65368.413,10799.623,0,0
USA_Single,USA_Single_utilitypv_class1_advanced_0_2_23,utilitypv_class1_advanced_0_2,8,78,1,1,0.8,0,1,0,0,0,0,0,0,1,1,0,0,0,0,0,0,0,0,0,1,1,0,4363,-1,0,0,0,0,0,566106.789,42940,13865,0,0,0,0,0,0,0,0,0,0,0,0,None,0,0,0,0,0,0,0,0,0,0,0,0,0,0,0,0,0,0,0,0,0,7.692,48743.331,0,0,29.256,64158.21,5604.582,0,0
USA_Single,USA_Single_utilitypv_class1_advanced_0_2_24,utilitypv_class1_advanced_0_2,9,79,1,1,0.8,0,1,0,0,0,0,0,0,1,1,0,0,0,0,0,0,0,0,0,1,1,0,1542,-1,0,0,0,0,0,566106.789,49937,13865,0,0,0,0,0,0,0,0,0,0,0,0,None,0,0,0,0,0,0,0,0,0,0,0,0,0,0,0,0,0,0,0,0,0,17.11,108425.436,0,0,66.314,145427.479,12601.605,0,0
USA_Single,USA_Single_utilitypv_class1_advanced_0_2_25,utilitypv_class1_advanced_0_2,10,80,1,1,0.8,0,1,0,0,0,0,0,0,1,1,0,0,0,0,0,0,0,0,0,1,1,0,525,-1,0,0,0,0,0,566106.789,41355,13865,0,0,0,0,0,0,0,0,0,0,0,0,None,0,0,0,0,0,0,0,0,0,0,0,0,0,0,0,0,0,0,0,0,0,5.7,36120.9,0,0,20.456,44859.35,4019.965,0,0
USA_Single,USA_Single_utilitypv_class1_advanced_0_2_26,utilitypv_class1_advanced_0_2,11,81,1,1,0.8,0,1,0,0,0,0,0,0,1,1,0,0,0,0,0,0,0,0,0,1,1,0,3994,-1,0,0,0,0,0,566106.789,50274,13865,0,0,0,0,0,0,0,0,0,0,0,0,None,0,0,0,0,0,0,0,0,0,0,0,0,0,0,0,0,0,0,0,0,0,24.048,152389.641,0,0,49.37,108267.533,12938.837,0,0
USA_Single,USA_Single_utilitypv_class1_advanced_0_2_27,utilitypv_class1_advanced_0_2,12,82,1,1,0.8,0,1,0,0,0,0,0,0,1,1,0,0,0,0,0,0,0,0,0,1,1,0,663,-1,0,0,0,0,0,566106.789,49293,13865,0,0,0,0,0,0,0,0,0,0,0,0,None,0,0,0,0,0,0,0,0,0,0,0,0,0,0,0,0,0,0,0,0,0,32.152,203746.59,0,0,16.947,37164.99,11957.852,0,0
USA_Single,USA_Single_utilitypv_class1_advanced_0_2_28,utilitypv_class1_advanced_0_2,13,83,1,1,0.8,0,1,0,0,0,0,0,0,1,1,0,0,0,0,0,0,0,0,0,1,1,0,5805,-1,0,0,0,0,0,566106.789,46847,13865,0,0,0,0,0,0,0,0,0,0,0,0,None,0,0,0,0,0,0,0,0,0,0,0,0,0,0,0,0,0,0,0,0,0,13.13,83206.711,0,0,75.6,165791.677,9511.332,0,0
USA_Single,USA_Single_utilitypv_class1_advanced_0_2_29,utilitypv_class1_advanced_0_2,14,84,1,1,0.8,0,1,0,0,0,0,0,0,1,1,0,0,0,0,0,0,0,0,0,1,1,0,1157,-1,0,0,0,0,0,566106.789,41990,13865,0,0,0,0,0,0,0,0,0,0,0,0,None,0,0,0,0,0,0,0,0,0,0,0,0,0,0,0,0,0,0,0,0,0,7.194,45585.843,0,0,21.97,48179.114,4654.538,0,0
USA_Single,USA_Single_utilitypv_class1_advanced_0_2_30,utilitypv_class1_advanced_0_2,15,85,1,1,0.8,0,1,0,0,0,0,0,0,1,1,0,0,0,0,0,0,0,0,0,1,1,0,1201,-1,0,0,0,0,0,566106.789,49215,13865,0,0,0,0,0,0,0,0,0,0,0,0,None,0,0,0,0,0,0,0,0,0,0,0,0,0,0,0,0,0,0,0,0,0,12.895,81715.615,0,0,71.859,157586.129,11879.533,0,0
USA_Single,USA_Single_ev_load_shifting_1,ev_load_shifting,1,86,1,0,0.95,0,0,0,0,1,0,0,0,0,0,0,0,0,0,0,24120.95441,0,0,0,0,0,0,0,0,0,0,0,0,0,0,0,0,0,0,0,0,0,0,0,0,0,0,0,0,None,0,0,0,0,0,0,0,0,5,0,1,0,0,0,0,0,0,0,0,0,0,0,0,0,0,0,0,0,0,0
