Resource,Zone,StartCap,RetCap,NewCap,EndCap,StartEnergyCap,RetEnergyCap,NewEnergyCap,EndEnergyCap,StartChargeCap,RetChargeCap,NewChargeCap,EndChargeCap
USA_Single_conventional_hydroelectric_1.0_old,1,7113.0,0.0,0.0,7113.0,0,0.0,0.0,0.0,0,0.0,0.0,0.0
USA_Single_nuclear_1.0_old,1,4675.0,0.0,0.0,4675.0,0,0.0,0.0,0.0,0,0.0,0.0,0.0
USA_Single_naturalgas_ccavgcf_mid_0.0_old,1,19711.0,0.0,0.0,19711.0,0,0.0,0.0,0.0,0,0.0,0.0,0.0
USA_Single_landbasedwind_ltrg1_low_40_1.0_old,1,1198.0,0.0,0.0,1198.0,0,0.0,0.0,0.0,0,0.0,0.0,0.0
USA_Single_landbasedwind_ltrg1_low_40_2.0_old,1,1338.0,0.0,0.0,1338.0,0,0.0,0.0,0.0,0,0.0,0.0,0.0
USA_Single_landbasedwind_ltrg1_low_40_4.0_old,1,3066.0,0.0,0.0,3066.0,0,0.0,0.0,0.0,0,0.0,0.0,0.0
USA_Single_utilitypv_losangeles_low_0_2_1.0_old,1,3033.0,0.0,0.0,3033.0,0,0.0,0.0,0.0,0,0.0,0.0,0.0
USA_Single_utilitypv_losangeles_low_0_2_2.0_old,1,3725.0,0.0,0.0,3725.0,0,0.0,0.0,0.0,0,0.0,0.0,0.0
USA_Single_utilitypv_losangeles_low_0_2_4.0_old,1,3384.0,0.0,0.0,3384.0,0,0.0,0.0,0.0,0,0.0,0.0,0.0
USA_Single_utilitypv_losangeles_low_0_2_5.0_old,1,3534.0,0.0,0.0,3534.0,0,0.0,0.0,0.0,0,0.0,0.0,0.0
USA_Single_utilitypv_losangeles_low_0_2_7.0_old,1,3443.0,0.0,0.0,3443.0,0,0.0,0.0,0.0,0,0.0,0.0,0.0
USA_Single_utilitypv_losangeles_low_0_2_11.0_old,1,2944.0,0.0,0.0,2944.0,0,0.0,0.0,0.0,0,0.0,0.0,0.0
USA_Single_utilitypv_losangeles_low_0_2_13.0_old,1,2850.0,0.0,0.0,2850.0,0,0.0,0.0,0.0,0,0.0,0.0,0.0
USA_Single_utilitypv_losangeles_low_0_2_15.0_old,1,1051.0,0.0,0.0,1051.0,0,0.0,0.0,0.0,0,0.0,0.0,0.0
USA_Single_naturalgas_ccccsavgcf_conservative_0,1,0.0,0.0,0.0,0.0,0,0.0,0.0,0.0,0,0.0,0.0,0.0
USA_Single_naturalgas_ccavgcf_moderate_0,1,0.0,0.0,0.0,0.0,0,0.0,0.0,0.0,0,0.0,0.0,0.0
USA_Single_naturalgas_ctavgcf_moderate_0,1,0.0,0.0,1243.1961126851038,1243.1961126851038,0,0.0,0.0,0.0,0,0.0,0.0,0.0
USA_Single_battery_advanced_0,1,0.0,0.0,19646.282634250794,19646.282634250794,0,0.0,129344.47700571851,129344.47700571851,0,0.0,0.0,0.0
USA_Single_nuclear_nuclear_moderate_0,1,0.0,0.0,0.0,0.0,0,0.0,0.0,0.0,0,0.0,0.0,0.0
USA_Single_h2cc_0,1,0.0,0.0,0.0,0.0,0,0.0,0.0,0.0,0,0.0,0.0,0.0
USA_Single_h2ct_0,1,0.0,0.0,0.0,0.0,0,0.0,0.0,0.0,0,0.0,0.0,0.0
USA_Single_beccs_0,1,0.0,0.0,0.0,0.0,0,0.0,0.0,0.0,0,0.0,0.0,0.0
USA_Single_smr_0,1,0.0,0.0,0.0,0.0,0,0.0,0.0,0.0,0,0.0,0.0,0.0
USA_Single_dac_0,1,0.0,0.0,3254.936570264057,3254.936570264057,0,0.0,0.0,0.0,0,0.0,0.0,0.0
USA_Single_naturalgas_ccs100_conservative_0,1,0.0,0.0,0.0,0.0,0,0.0,0.0,0.0,0,0.0,0.0,0.0
USA_Single_landbasedwind_class1_advanced_45_1,1,0.0,0.0,632.0,632.0,0,0.0,0.0,0.0,0,0.0,0.0,0.0
USA_Single_landbasedwind_class1_advanced_45_2,1,0.0,0.0,1224.0,1224.0,0,0.0,0.0,0.0,0,0.0,0.0,0.0
USA_Single_landbasedwind_class1_advanced_45_3,1,0.0,0.0,1367.0,1367.0,0,0.0,0.0,0.0,0,0.0,0.0,0.0
USA_Single_landbasedwind_class1_advanced_45_4,1,0.0,0.0,2626.0,2626.0,0,0.0,0.0,0.0,0,0.0,0.0,0.0
USA_Single_landbasedwind_class1_advanced_45_5,1,0.0,0.0,2294.0,2294.0,0,0.0,0.0,0.0,0,0.0,0.0,0.0
USA_Single_landbasedwind_class1_advanced_45_6,1,0.0,0.0,2499.0,2499.0,0,0.0,0.0,0.0,0,0.0,0.0,0.0
USA_Single_landbasedwind_class1_advanced_45_7,1,0.0,0.0,315.0,315.0,0,0.0,0.0,0.0,0,0.0,0.0,0.0
USA_Single_landbasedwind_class1_advanced_45_8,1,0.0,0.0,3299.0,3299.0,0,0.0,0.0,0.0,0,0.0,0.0,0.0
USA_Single_landbasedwind_class1_advanced_45_9,1,0.0,0.0,6321.346822055721,6321.346822055721,0,0.0,0.0,0.0,0,0.0,0.0,0.0
USA_Single_landbasedwind_class1_advanced_45_10,1,0.0,0.0,1896.0,1896.0,0,0.0,0.0,0.0,0,0.0,0.0,0.0
USA_Single_landbasedwind_class1_advanced_45_11,1,0.0,0.0,0.0,0.0,0,0.0,0.0,0.0,0,0.0,0.0,0.0
USA_Single_landbasedwind_class1_advanced_45_12,1,0.0,0.0,11142.802691810239,11142.802691810239,0,0.0,0.0,0.0,0,0.0,0.0,0.0
USA_Single_landbasedwind_class1_advanced_45_13,1,0.0,0.0,0.0,0.0,0,0.0,0.0,0.0,0,0.0,0.0,0.0
USA_Single_landbasedwind_class1_advanced_45_14,1,0.0,0.0,365.0,365.0,0,0.0,0.0,0.0,0,0.0,0.0,0.0
USA_Single_landbasedwind_class1_advanced_45_15,1,0.0,0.0,1290.0,1290.0,0,0.0,0.0,0.0,0,0.0,0.0,0.0
USA_Single_landbasedwind_class1_advanced_45_16,1,0.0,0.0,3564.0,3564.0,0,0.0,0.0,0.0,0,0.0,0.0,0.0
USA_Single_landbasedwind_class1_advanced_45_17,1,0.0,0.0,10664.0,10664.0,0,0.0,0.0,0.0,0,0.0,0.0,0.0
USA_Single_landbasedwind_class1_advanced_45_18,1,0.0,0.0,0.0,0.0,0,0.0,0.0,0.0,0,0.0,0.0,0.0
USA_Single_landbasedwind_class1_advanced_45_19,1,0.0,0.0,1603.0,1603.0,0,0.0,0.0,0.0,0,0.0,0.0,0.0
USA_Single_landbasedwind_class1_advanced_45_20,1,0.0,0.0,0.0,0.0,0,0.0,0.0,0.0,0,0.0,0.0,0.0
USA_Single_landbasedwind_class1_advanced_45_21,1,0.0,0.0,0.0,0.0,0,0.0,0.0,0.0,0,0.0,0.0,0.0
USA_Single_landbasedwind_class1_advanced_45_22,1,0.0,0.0,1724.0,1724.0,0,0.0,0.0,0.0,0,0.0,0.0,0.0
USA_Single_landbasedwind_class1_advanced_45_23,1,0.0,0.0,0.0,0.0,0,0.0,0.0,0.0,0,0.0,0.0,0.0
USA_Single_landbasedwind_class1_advanced_45_24,1,0.0,0.0,0.0,0.0,0,0.0,0.0,0.0,0,0.0,0.0,0.0
USA_Single_landbasedwind_class1_advanced_45_25,1,0.0,0.0,1055.0,1055.0,0,0.0,0.0,0.0,0,0.0,0.0,0.0
USA_Single_landbasedwind_class1_advanced_45_26,1,0.0,0.0,0.0,0.0,0,0.0,0.0,0.0,0,0.0,0.0,0.0
USA_Single_landbasedwind_class1_advanced_45_27,1,0.0,0.0,0.0,0.0,0,0.0,0.0,0.0,0,0.0,0.0,0.0
USA_Single_landbasedwind_class1_advanced_45_28,1,0.0,0.0,189.0,189.0,0,0.0,0.0,0.0,0,0.0,0.0,0.0
USA_Single_landbasedwind_class1_advanced_45_29,1,0.0,0.0,0.0,0.0,0,0.0,0.0,0.0,0,0.0,0.0,0.0
USA_Single_landbasedwind_class1_advanced_45_30,1,0.0,0.0,137.0,137.0,0,0.0,0.0,0.0,0,0.0,0.0,0.0
USA_Single_utilitypv_class1_advanced_0_2_1,1,0.0,0.0,939.0,939.0,0,0.0,0.0,0.0,0,0.0,0.0,0.0
USA_Single_utilitypv_class1_advanced_0_2_2,1,0.0,0.0,608.0,608.0,0,0.0,0.0,0.0,0,0.0,0.0,0.0
USA_Single_utilitypv_class1_advanced_0_2_3,1,0.0,0.0,2136.0,2136.0,0,0.0,0.0,0.0,0,0.0,0.0,0.0
USA_Single_utilitypv_class1_advanced_0_2_4,1,0.0,0.0,3804.0,3804.0,0,0.0,0.0,0.0,0,0.0,0.0,0.0
USA_Single_utilitypv_class1_advanced_0_2_5,1,0.0,0.0,2159.0,2159.0,0,0.0,0.0,0.0,0,0.0,0.0,0.0
USA_Single_utilitypv_class1_advanced_0_2_6,1,0.0,0.0,690.0,690.0,0,0.0,0.0,0.0,0,0.0,0.0,0.0
USA_Single_utilitypv_class1_advanced_0_2_7,1,0.0,0.0,1582.0,1582.0,0,0.0,0.0,0.0,0,0.0,0.0,0.0
USA_Single_utilitypv_class1_advanced_0_2_8,1,0.0,0.0,2847.0,2847.0,0,0.0,0.0,0.0,0,0.0,0.0,0.0
USA_Single_utilitypv_class1_advanced_0_2_9,1,0.0,0.0,3216.0739548389047,3216.0739548389047,0,0.0,0.0,0.0,0,0.0,0.0,0.0
USA_Single_utilitypv_class1_advanced_0_2_10,1,0.0,0.0,5169.0,5169.0,0,0.0,0.0,0.0,0,0.0,0.0,0.0
USA_Single_utilitypv_class1_advanced_0_2_11,1,0.0,0.0,2970.0,2970.0,0,0.0,0.0,0.0,0,0.0,0.0,0.0
USA_Single_utilitypv_class1_advanced_0_2_12,1,0.0,0.0,4852.0,4852.0,0,0.0,0.0,0.0,0,0.0,0.0,0.0
USA_Single_utilitypv_class1_advanced_0_2_13,1,0.0,0.0,0.0,0.0,0,0.0,0.0,0.0,0,0.0,0.0,0.0
USA_Single_utilitypv_class1_advanced_0_2_14,1,0.0,0.0,954.0,954.0,0,0.0,0.0,0.0,0,0.0,0.0,0.0
USA_Single_utilitypv_class1_advanced_0_2_15,1,0.0,0.0,0.0,0.0,0,0.0,0.0,0.0,0,0.0,0.0,0.0
USA_Single_utilitypv_class1_advanced_0_2_16,1,0.0,0.0,0.0,0.0,0,0.0,0.0,0.0,0,0.0,0.0,0.0
USA_Single_utilitypv_class1_advanced_0_2_17,1,0.0,0.0,579.0,579.0,0,0.0,0.0,0.0,0,0.0,0.0,0.0
USA_Single_utilitypv_class1_advanced_0_2_18,1,0.0,0.0,0.0,0.0,0,0.0,0.0,0.0,0,0.0,0.0,0.0
USA_Single_utilitypv_class1_advanced_0_2_19,1,0.0,0.0,0.0,0.0,0,0.0,0.0,0.0,0,0.0,0.0,0.0
USA_Single_utilitypv_class1_advanced_0_2_20,1,0.0,0.0,2170.0,2170.0,0,0.0,0.0,0.0,0,0.0,0.0,0.0
USA_Single_utilitypv_class1_advanced_0_2_21,1,0.0,0.0,2256.1664348639356,2256.1664348639356,0,0.0,0.0,0.0,0,0.0,0.0,0.0
USA_Single_utilitypv_class1_advanced_0_2_22,1,0.0,0.0,1680.0,1680.0,0,0.0,0.0,0.0,0,0.0,0.0,0.0
USA_Single_utilitypv_class1_advanced_0_2_23,1,0.0,0.0,0.0,0.0,0,0.0,0.0,0.0,0,0.0,0.0,0.0
USA_Single_utilitypv_class1_advanced_0_2_24,1,0.0,0.0,1542.0,1542.0,0,0.0,0.0,0.0,0,0.0,0.0,0.0
USA_Single_utilitypv_class1_advanced_0_2_25,1,0.0,0.0,525.0,525.0,0,0.0,0.0,0.0,0,0.0,0.0,0.0
USA_Single_utilitypv_class1_advanced_0_2_26,1,0.0,0.0,0.0,0.0,0,0.0,0.0,0.0,0,0.0,0.0,0.0
USA_Single_utilitypv_class1_advanced_0_2_27,1,0.0,0.0,663.0,663.0,0,0.0,0.0,0.0,0,0.0,0.0,0.0
USA_Single_utilitypv_class1_advanced_0_2_28,1,0.0,0.0,0.0,0.0,0,0.0,0.0,0.0,0,0.0,0.0,0.0
USA_Single_utilitypv_class1_advanced_0_2_29,1,0.0,0.0,1157.0,1157.0,0,0.0,0.0,0.0,0,0.0,0.0,0.0
USA_Single_utilitypv_class1_advanced_0_2_30,1,0.0,0.0,0.0,0.0,0,0.0,0.0,0.0,0,0.0,0.0,0.0
USA_Single_ev_load_shifting_1,1,24120.95441,0.0,0.0,24120.95441,0,0.0,0.0,0.0,0,0.0,0.0,0.0
Total,n/a,85185.95441,0.0,120849.80522076876,206035.75963076876,0,0.0,129344.47700571851,129344.47700571851,0,0.0,0.0,0.0
