Region,Resource,Zone,Cluster,AnnualSum
USA_Single,USA_Single_conventional_hydroelectric_1.0_old,1,1,9.795782e8
USA_Single,USA_Single_nuclear_1.0_old,1,1,1.6050725e9
USA_Single,USA_Single_naturalgas_ccavgcf_mid_0.0_old,1,1,3.73542e9
USA_Single,USA_Single_landbasedwind_ltrg1_low_40_1.0_old,1,1,1.1114894e8
USA_Single,USA_Single_landbasedwind_ltrg1_low_40_2.0_old,1,2,1.1141084e8
USA_Single,USA_Single_landbasedwind_ltrg1_low_40_4.0_old,1,4,3.4309565e8
USA_Single,USA_Single_utilitypv_losangeles_low_0_2_1.0_old,1,1,1.8080466e8
USA_Single,USA_Single_utilitypv_losangeles_low_0_2_2.0_old,1,2,2.2323736e8
USA_Single,USA_Single_utilitypv_losangeles_low_0_2_4.0_old,1,4,1.9484282e8
USA_Single,USA_Single_utilitypv_losangeles_low_0_2_5.0_old,1,5,1.9926722e8
USA_Single,USA_Single_utilitypv_losangeles_low_0_2_7.0_old,1,7,2.0758173e8
USA_Single,USA_Single_utilitypv_losangeles_low_0_2_11.0_old,1,11,1.6937016e8
USA_Single,USA_Single_utilitypv_losangeles_low_0_2_13.0_old,1,13,1.6129851e8
USA_Single,USA_Single_utilitypv_losangeles_low_0_2_15.0_old,1,15,5.59281e7
USA_Single,USA_Single_naturalgas_ccccsavgcf_conservative_0,1,0,0.0
USA_Single,USA_Single_naturalgas_ccavgcf_moderate_0,1,0,0.0
USA_Single,USA_Single_naturalgas_ctavgcf_moderate_0,1,0,1.2066997e8
USA_Single,USA_Single_battery_advanced_0,1,0,1.9961829e9
USA_Single,USA_Single_nuclear_nuclear_moderate_0,1,0,3.925055e-6
USA_Single,USA_Single_h2cc_0,1,0,0.0
USA_Single,USA_Single_h2ct_0,1,0,0.0
USA_Single,USA_Single_beccs_0,1,0,0.0
USA_Single,USA_Single_smr_0,1,0,0.0
USA_Single,USA_Single_dac_0,1,0,4.5398444e7
USA_Single,USA_Single_naturalgas_ccs100_conservative_0,1,0,0.0
USA_Single,USA_Single_landbasedwind_class1_advanced_45_1,1,1,7.453248e7
USA_Single,USA_Single_landbasedwind_class1_advanced_45_2,1,2,1.1355876e8
USA_Single,USA_Single_landbasedwind_class1_advanced_45_3,1,3,1.1382295e8
USA_Single,USA_Single_landbasedwind_class1_advanced_45_4,1,4,2.3493874e8
USA_Single,USA_Single_landbasedwind_class1_advanced_45_5,1,5,2.112483e8
USA_Single,USA_Single_landbasedwind_class1_advanced_45_6,1,6,2.758376e8
USA_Single,USA_Single_landbasedwind_class1_advanced_45_7,1,7,3.451958e7
USA_Single,USA_Single_landbasedwind_class1_advanced_45_8,1,8,2.8365107e8
USA_Single,USA_Single_landbasedwind_class1_advanced_45_9,1,9,5.2706125e8
USA_Single,USA_Single_landbasedwind_class1_advanced_45_10,1,10,1.5692963e8
USA_Single,USA_Single_landbasedwind_class1_advanced_45_11,1,11,0.0
USA_Single,USA_Single_landbasedwind_class1_advanced_45_12,1,12,8.968619e8
USA_Single,USA_Single_landbasedwind_class1_advanced_45_13,1,13,0.0
USA_Single,USA_Single_landbasedwind_class1_advanced_45_14,1,14,2.93558e7
USA_Single,USA_Single_landbasedwind_class1_advanced_45_15,1,15,1.5146403e8
USA_Single,USA_Single_landbasedwind_class1_advanced_45_16,1,1,3.7389414e8
USA_Single,USA_Single_landbasedwind_class1_advanced_45_17,1,2,8.9832026e8
USA_Single,USA_Single_landbasedwind_class1_advanced_45_18,1,3,0.0
USA_Single,USA_Single_landbasedwind_class1_advanced_45_19,1,4,1.8610357e8
USA_Single,USA_Single_landbasedwind_class1_advanced_45_20,1,5,0.0
USA_Single,USA_Single_landbasedwind_class1_advanced_45_21,1,6,0.0
USA_Single,USA_Single_landbasedwind_class1_advanced_45_22,1,7,1.6027069e8
USA_Single,USA_Single_landbasedwind_class1_advanced_45_23,1,8,0.0
USA_Single,USA_Single_landbasedwind_class1_advanced_45_24,1,9,0.0
USA_Single,USA_Single_landbasedwind_class1_advanced_45_25,1,10,8.319415e7
USA_Single,USA_Single_landbasedwind_class1_advanced_45_26,1,11,0.0
USA_Single,USA_Single_landbasedwind_class1_advanced_45_27,1,12,0.0
USA_Single,USA_Single_landbasedwind_class1_advanced_45_28,1,13,1.857075e7
USA_Single,USA_Single_landbasedwind_class1_advanced_45_29,1,14,0.0
USA_Single,USA_Single_landbasedwind_class1_advanced_45_30,1,15,1.6298635e7
USA_Single,USA_Single_utilitypv_class1_advanced_0_2_1,1,1,5.625761e7
USA_Single,USA_Single_utilitypv_class1_advanced_0_2_2,1,2,3.5228584e7
USA_Single,USA_Single_utilitypv_class1_advanced_0_2_3,1,3,1.4537038e8
USA_Single,USA_Single_utilitypv_class1_advanced_0_2_4,1,4,2.2797632e8
USA_Single,USA_Single_utilitypv_class1_advanced_0_2_5,1,5,1.2842442e8
USA_Single,USA_Single_utilitypv_class1_advanced_0_2_6,1,6,5.2765884e7
USA_Single,USA_Single_utilitypv_class1_advanced_0_2_7,1,7,9.119923e7
USA_Single,USA_Single_utilitypv_class1_advanced_0_2_8,1,8,1.6369973e8
USA_Single,USA_Single_utilitypv_class1_advanced_0_2_9,1,9,1.9105731e8
USA_Single,USA_Single_utilitypv_class1_advanced_0_2_10,1,10,3.1417987e8
USA_Single,USA_Single_utilitypv_class1_advanced_0_2_11,1,11,2.2612011e8
USA_Single,USA_Single_utilitypv_class1_advanced_0_2_12,1,12,3.2952973e8
USA_Single,USA_Single_utilitypv_class1_advanced_0_2_13,1,13,0.0
USA_Single,USA_Single_utilitypv_class1_advanced_0_2_14,1,14,6.240487e7
USA_Single,USA_Single_utilitypv_class1_advanced_0_2_15,1,15,0.0
USA_Single,USA_Single_utilitypv_class1_advanced_0_2_16,1,1,0.0
USA_Single,USA_Single_utilitypv_class1_advanced_0_2_17,1,2,3.2914254e7
USA_Single,USA_Single_utilitypv_class1_advanced_0_2_18,1,3,0.0
USA_Single,USA_Single_utilitypv_class1_advanced_0_2_19,1,4,0.0
USA_Single,USA_Single_utilitypv_class1_advanced_0_2_20,1,5,1.3374796e8
USA_Single,USA_Single_utilitypv_class1_advanced_0_2_21,1,6,1.2905949e8
USA_Single,USA_Single_utilitypv_class1_advanced_0_2_22,1,7,1.270803e8
USA_Single,USA_Single_utilitypv_class1_advanced_0_2_23,1,8,0.0
USA_Single,USA_Single_utilitypv_class1_advanced_0_2_24,1,9,1.0372468e8
USA_Single,USA_Single_utilitypv_class1_advanced_0_2_25,1,10,3.4799216e7
USA_Single,USA_Single_utilitypv_class1_advanced_0_2_26,1,11,0.0
USA_Single,USA_Single_utilitypv_class1_advanced_0_2_27,1,12,5.032615e7
USA_Single,USA_Single_utilitypv_class1_advanced_0_2_28,1,13,0.0
USA_Single,USA_Single_utilitypv_class1_advanced_0_2_29,1,14,6.6627784e7
USA_Single,USA_Single_utilitypv_class1_advanced_0_2_30,1,15,0.0
USA_Single,USA_Single_ev_load_shifting_1,1,1,1.2244278e9
