Region,Resource,Zone,Cluster,AnnualSum
USA_Single,USA_Single_conventional_hydroelectric_1.0_old,1,1,1.2935734e9
USA_Single,USA_Single_nuclear_1.0_old,1,1,2.1126674e9
USA_Single,USA_Single_naturalgas_ccavgcf_mid_0.0_old,1,1,4.71111e9
USA_Single,USA_Single_landbasedwind_ltrg1_low_40_1.0_old,1,1,1.4180981e8
USA_Single,USA_Single_landbasedwind_ltrg1_low_40_2.0_old,1,2,1.5430448e8
USA_Single,USA_Single_landbasedwind_ltrg1_low_40_4.0_old,1,4,4.27486e8
USA_Single,USA_Single_utilitypv_losangeles_low_0_2_1.0_old,1,1,2.183181e8
USA_Single,USA_Single_utilitypv_losangeles_low_0_2_2.0_old,1,2,2.7175834e8
USA_Single,USA_Single_utilitypv_losangeles_low_0_2_4.0_old,1,4,2.422449e8
USA_Single,USA_Single_utilitypv_losangeles_low_0_2_5.0_old,1,5,2.4644624e8
USA_Single,USA_Single_utilitypv_losangeles_low_0_2_7.0_old,1,7,2.5223256e8
USA_Single,USA_Single_utilitypv_losangeles_low_0_2_11.0_old,1,11,2.0995448e8
USA_Single,USA_Single_utilitypv_losangeles_low_0_2_13.0_old,1,13,1.9889976e8
USA_Single,USA_Single_utilitypv_losangeles_low_0_2_15.0_old,1,15,7.169227e7
USA_Single,USA_Single_naturalgas_ccccsavgcf_conservative_0,1,0,0.0
USA_Single,USA_Single_naturalgas_ccavgcf_moderate_0,1,0,4.7639325e8
USA_Single,USA_Single_naturalgas_ctavgcf_moderate_0,1,0,6.9643e8
USA_Single,USA_Single_battery_moderate_0,1,0,3.3977055e9
USA_Single,USA_Single_nuclear_nuclear_moderate_0,1,0,1.5747398e-8
USA_Single,USA_Single_h2cc_0,1,0,0.0
USA_Single,USA_Single_h2ct_0,1,0,0.0
USA_Single,USA_Single_smr_0,1,0,0.0
USA_Single,USA_Single_naturalgas_ccs100_conservative_0,1,0,0.0
USA_Single,USA_Single_landbasedwind_class1_moderate_45_1,1,1,9.477467e7
USA_Single,USA_Single_landbasedwind_class1_moderate_45_2,1,2,1.4488752e8
USA_Single,USA_Single_landbasedwind_class1_moderate_45_3,1,3,1.5764677e8
USA_Single,USA_Single_landbasedwind_class1_moderate_45_4,1,4,3.0690022e8
USA_Single,USA_Single_landbasedwind_class1_moderate_45_5,1,5,2.800584e8
USA_Single,USA_Single_landbasedwind_class1_moderate_45_6,1,6,3.417808e8
USA_Single,USA_Single_landbasedwind_class1_moderate_45_7,1,7,4.460534e7
USA_Single,USA_Single_landbasedwind_class1_moderate_45_8,1,8,3.648771e8
USA_Single,USA_Single_landbasedwind_class1_moderate_45_9,1,9,9.181043e8
USA_Single,USA_Single_landbasedwind_class1_moderate_45_10,1,10,2.0108656e8
USA_Single,USA_Single_landbasedwind_class1_moderate_45_11,1,11,4.655858e8
USA_Single,USA_Single_landbasedwind_class1_moderate_45_12,1,12,1.6294862e9
USA_Single,USA_Single_landbasedwind_class1_moderate_45_13,1,13,0.0
USA_Single,USA_Single_landbasedwind_class1_moderate_45_14,1,14,0.0
USA_Single,USA_Single_landbasedwind_class1_moderate_45_15,1,15,1.649437e8
USA_Single,USA_Single_landbasedwind_class1_moderate_45_16,1,1,4.44032e8
USA_Single,USA_Single_landbasedwind_class1_moderate_45_17,1,2,1.1446924e9
USA_Single,USA_Single_landbasedwind_class1_moderate_45_18,1,3,0.0
USA_Single,USA_Single_landbasedwind_class1_moderate_45_19,1,4,2.1126045e8
USA_Single,USA_Single_landbasedwind_class1_moderate_45_20,1,5,0.0
USA_Single,USA_Single_landbasedwind_class1_moderate_45_21,1,6,0.0
USA_Single,USA_Single_landbasedwind_class1_moderate_45_22,1,7,2.1107762e8
USA_Single,USA_Single_landbasedwind_class1_moderate_45_23,1,8,0.0
USA_Single,USA_Single_landbasedwind_class1_moderate_45_24,1,9,0.0
USA_Single,USA_Single_landbasedwind_class1_moderate_45_25,1,10,0.0
USA_Single,USA_Single_landbasedwind_class1_moderate_45_26,1,11,1.5151318e8
USA_Single,USA_Single_landbasedwind_class1_moderate_45_27,1,12,0.0
USA_Single,USA_Single_landbasedwind_class1_moderate_45_28,1,13,2.095781e7
USA_Single,USA_Single_landbasedwind_class1_moderate_45_29,1,14,0.0
USA_Single,USA_Single_landbasedwind_class1_moderate_45_30,1,15,1.722024e7
USA_Single,USA_Single_utilitypv_class1_moderate_0_2_1,1,1,6.7830584e7
USA_Single,USA_Single_utilitypv_class1_moderate_0_2_2,1,2,4.3829652e7
USA_Single,USA_Single_utilitypv_class1_moderate_0_2_3,1,3,1.6816874e8
USA_Single,USA_Single_utilitypv_class1_moderate_0_2_4,1,4,2.7753475e8
USA_Single,USA_Single_utilitypv_class1_moderate_0_2_5,1,5,1.5516582e8
USA_Single,USA_Single_utilitypv_class1_moderate_0_2_6,1,6,6.033666e7
USA_Single,USA_Single_utilitypv_class1_moderate_0_2_7,1,7,1.0864081e8
USA_Single,USA_Single_utilitypv_class1_moderate_0_2_8,1,8,2.0349234e8
USA_Single,USA_Single_utilitypv_class1_moderate_0_2_9,1,9,2.7513834e8
USA_Single,USA_Single_utilitypv_class1_moderate_0_2_10,1,10,3.6783325e8
USA_Single,USA_Single_utilitypv_class1_moderate_0_2_11,1,11,2.5926507e8
USA_Single,USA_Single_utilitypv_class1_moderate_0_2_12,1,12,3.8312154e8
USA_Single,USA_Single_utilitypv_class1_moderate_0_2_13,1,13,3.2942195e8
USA_Single,USA_Single_utilitypv_class1_moderate_0_2_14,1,14,7.262421e7
USA_Single,USA_Single_utilitypv_class1_moderate_0_2_15,1,15,0.0
USA_Single,USA_Single_utilitypv_class1_moderate_0_2_16,1,1,6.368675e6
USA_Single,USA_Single_utilitypv_class1_moderate_0_2_17,1,2,4.07403e7
USA_Single,USA_Single_utilitypv_class1_moderate_0_2_18,1,3,0.0
USA_Single,USA_Single_utilitypv_class1_moderate_0_2_19,1,4,0.0
USA_Single,USA_Single_utilitypv_class1_moderate_0_2_20,1,5,0.0
USA_Single,USA_Single_utilitypv_class1_moderate_0_2_21,1,6,2.2367014e8
USA_Single,USA_Single_utilitypv_class1_moderate_0_2_22,1,7,1.459408e8
USA_Single,USA_Single_utilitypv_class1_moderate_0_2_23,1,8,0.0
USA_Single,USA_Single_utilitypv_class1_moderate_0_2_24,1,9,1.2075742e8
USA_Single,USA_Single_utilitypv_class1_moderate_0_2_25,1,10,4.1443452e7
USA_Single,USA_Single_utilitypv_class1_moderate_0_2_26,1,11,0.0
USA_Single,USA_Single_utilitypv_class1_moderate_0_2_27,1,12,5.7770892e7
USA_Single,USA_Single_utilitypv_class1_moderate_0_2_28,1,13,0.0
USA_Single,USA_Single_utilitypv_class1_moderate_0_2_29,1,14,8.212862e7
USA_Single,USA_Single_utilitypv_class1_moderate_0_2_30,1,15,0.0
