region,Resource,zone,Cluster,R_ID,SubsidyRevenue
USA_Single,USA_Single_conventional_hydroelectric_1.0_old,1,1,1,0.0
USA_Single,USA_Single_nuclear_1.0_old,1,1,2,0.0
USA_Single,USA_Single_naturalgas_ccavgcf_mid_0.0_old,1,1,3,0.0
USA_Single,USA_Single_landbasedwind_ltrg1_low_40_1.0_old,1,1,4,0.0
USA_Single,USA_Single_landbasedwind_ltrg1_low_40_2.0_old,1,2,5,0.0
USA_Single,USA_Single_landbasedwind_ltrg1_low_40_4.0_old,1,4,6,0.0
USA_Single,USA_Single_utilitypv_losangeles_low_0_2_1.0_old,1,1,7,0.0
USA_Single,USA_Single_utilitypv_losangeles_low_0_2_2.0_old,1,2,8,0.0
USA_Single,USA_Single_utilitypv_losangeles_low_0_2_4.0_old,1,4,9,0.0
USA_Single,USA_Single_utilitypv_losangeles_low_0_2_5.0_old,1,5,10,0.0
USA_Single,USA_Single_utilitypv_losangeles_low_0_2_7.0_old,1,7,11,0.0
USA_Single,USA_Single_utilitypv_losangeles_low_0_2_11.0_old,1,11,12,0.0
USA_Single,USA_Single_utilitypv_losangeles_low_0_2_13.0_old,1,13,13,0.0
USA_Single,USA_Single_utilitypv_losangeles_low_0_2_15.0_old,1,15,14,0.0
USA_Single,USA_Single_naturalgas_ccccsavgcf_conservative_0,1,0,15,0.0
USA_Single,USA_Single_naturalgas_ccavgcf_moderate_0,1,0,16,0.0
USA_Single,USA_Single_naturalgas_ctavgcf_moderate_0,1,0,17,0.0
USA_Single,USA_Single_battery_moderate_0,1,0,18,0.0
USA_Single,USA_Single_nuclear_nuclear_moderate_0,1,0,19,0.0
USA_Single,USA_Single_h2cc_0,1,0,20,0.0
USA_Single,USA_Single_h2ct_0,1,0,21,0.0
USA_Single,USA_Single_smr_0,1,0,22,0.0
USA_Single,USA_Single_naturalgas_ccs100_conservative_0,1,0,23,0.0
USA_Single,USA_Single_landbasedwind_class1_moderate_45_1,1,1,24,0.0
USA_Single,USA_Single_landbasedwind_class1_moderate_45_2,1,2,25,0.0
USA_Single,USA_Single_landbasedwind_class1_moderate_45_3,1,3,26,0.0
USA_Single,USA_Single_landbasedwind_class1_moderate_45_4,1,4,27,0.0
USA_Single,USA_Single_landbasedwind_class1_moderate_45_5,1,5,28,0.0
USA_Single,USA_Single_landbasedwind_class1_moderate_45_6,1,6,29,0.0
USA_Single,USA_Single_landbasedwind_class1_moderate_45_7,1,7,30,0.0
USA_Single,USA_Single_landbasedwind_class1_moderate_45_8,1,8,31,0.0
USA_Single,USA_Single_landbasedwind_class1_moderate_45_9,1,9,32,0.0
USA_Single,USA_Single_landbasedwind_class1_moderate_45_10,1,10,33,0.0
USA_Single,USA_Single_landbasedwind_class1_moderate_45_11,1,11,34,0.0
USA_Single,USA_Single_landbasedwind_class1_moderate_45_12,1,12,35,0.0
USA_Single,USA_Single_landbasedwind_class1_moderate_45_13,1,13,36,0.0
USA_Single,USA_Single_landbasedwind_class1_moderate_45_14,1,14,37,0.0
USA_Single,USA_Single_landbasedwind_class1_moderate_45_15,1,15,38,0.0
USA_Single,USA_Single_landbasedwind_class1_moderate_45_16,1,1,39,0.0
USA_Single,USA_Single_landbasedwind_class1_moderate_45_17,1,2,40,0.0
USA_Single,USA_Single_landbasedwind_class1_moderate_45_18,1,3,41,0.0
USA_Single,USA_Single_landbasedwind_class1_moderate_45_19,1,4,42,0.0
USA_Single,USA_Single_landbasedwind_class1_moderate_45_20,1,5,43,0.0
USA_Single,USA_Single_landbasedwind_class1_moderate_45_21,1,6,44,0.0
USA_Single,USA_Single_landbasedwind_class1_moderate_45_22,1,7,45,0.0
USA_Single,USA_Single_landbasedwind_class1_moderate_45_23,1,8,46,0.0
USA_Single,USA_Single_landbasedwind_class1_moderate_45_24,1,9,47,0.0
USA_Single,USA_Single_landbasedwind_class1_moderate_45_25,1,10,48,0.0
USA_Single,USA_Single_landbasedwind_class1_moderate_45_26,1,11,49,0.0
USA_Single,USA_Single_landbasedwind_class1_moderate_45_27,1,12,50,0.0
USA_Single,USA_Single_landbasedwind_class1_moderate_45_28,1,13,51,0.0
USA_Single,USA_Single_landbasedwind_class1_moderate_45_29,1,14,52,0.0
USA_Single,USA_Single_landbasedwind_class1_moderate_45_30,1,15,53,0.0
USA_Single,USA_Single_utilitypv_class1_moderate_0_2_1,1,1,54,0.0
USA_Single,USA_Single_utilitypv_class1_moderate_0_2_2,1,2,55,0.0
USA_Single,USA_Single_utilitypv_class1_moderate_0_2_3,1,3,56,0.0
USA_Single,USA_Single_utilitypv_class1_moderate_0_2_4,1,4,57,0.0
USA_Single,USA_Single_utilitypv_class1_moderate_0_2_5,1,5,58,0.0
USA_Single,USA_Single_utilitypv_class1_moderate_0_2_6,1,6,59,0.0
USA_Single,USA_Single_utilitypv_class1_moderate_0_2_7,1,7,60,0.0
USA_Single,USA_Single_utilitypv_class1_moderate_0_2_8,1,8,61,0.0
USA_Single,USA_Single_utilitypv_class1_moderate_0_2_9,1,9,62,0.0
USA_Single,USA_Single_utilitypv_class1_moderate_0_2_10,1,10,63,0.0
USA_Single,USA_Single_utilitypv_class1_moderate_0_2_11,1,11,64,0.0
USA_Single,USA_Single_utilitypv_class1_moderate_0_2_12,1,12,65,0.0
USA_Single,USA_Single_utilitypv_class1_moderate_0_2_13,1,13,66,0.0
USA_Single,USA_Single_utilitypv_class1_moderate_0_2_14,1,14,67,0.0
USA_Single,USA_Single_utilitypv_class1_moderate_0_2_15,1,15,68,0.0
USA_Single,USA_Single_utilitypv_class1_moderate_0_2_16,1,1,69,0.0
USA_Single,USA_Single_utilitypv_class1_moderate_0_2_17,1,2,70,0.0
USA_Single,USA_Single_utilitypv_class1_moderate_0_2_18,1,3,71,0.0
USA_Single,USA_Single_utilitypv_class1_moderate_0_2_19,1,4,72,0.0
USA_Single,USA_Single_utilitypv_class1_moderate_0_2_20,1,5,73,0.0
USA_Single,USA_Single_utilitypv_class1_moderate_0_2_21,1,6,74,0.0
USA_Single,USA_Single_utilitypv_class1_moderate_0_2_22,1,7,75,0.0
USA_Single,USA_Single_utilitypv_class1_moderate_0_2_23,1,8,76,0.0
USA_Single,USA_Single_utilitypv_class1_moderate_0_2_24,1,9,77,0.0
USA_Single,USA_Single_utilitypv_class1_moderate_0_2_25,1,10,78,0.0
USA_Single,USA_Single_utilitypv_class1_moderate_0_2_26,1,11,79,0.0
USA_Single,USA_Single_utilitypv_class1_moderate_0_2_27,1,12,80,0.0
USA_Single,USA_Single_utilitypv_class1_moderate_0_2_28,1,13,81,0.0
USA_Single,USA_Single_utilitypv_class1_moderate_0_2_29,1,14,82,0.0
USA_Single,USA_Single_utilitypv_class1_moderate_0_2_30,1,15,83,0.0
