Resource,Deg_Celsius,MWth
CT_UTES,-10,190.158
CT_UTES,-9.75,188.652
CT_UTES,-9.5,187.146
CT_UTES,-9.25,185.64
CT_UTES,-9,184.135
CT_UTES,-8.75,182.631
CT_UTES,-8.5,181.127
CT_UTES,-8.25,179.624
CT_UTES,-8,178.121
CT_UTES,-7.75,176.619
CT_UTES,-7.5,175.117
CT_UTES,-7.25,173.615
CT_UTES,-7,172.114
CT_UTES,-6.75,170.614
CT_UTES,-6.5,169.114
CT_UTES,-6.25,167.614
CT_UTES,-6,166.115
CT_UTES,-5.75,164.616
CT_UTES,-5.5,163.117
CT_UTES,-5.25,161.619
CT_UTES,-5,160.121
CT_UTES,-4.75,158.624
CT_UTES,-4.5,157.127
CT_UTES,-4.25,155.63
CT_UTES,-4,154.133
CT_UTES,-3.75,152.636
CT_UTES,-3.5,151.14
CT_UTES,-3.25,149.644
CT_UTES,-3,148.147
CT_UTES,-2.75,146.651
CT_UTES,-2.5,145.155
CT_UTES,-2.25,143.659
CT_UTES,-2,142.163
CT_UTES,-1.75,140.667
CT_UTES,-1.5,139.171
CT_UTES,-1.25,137.675
CT_UTES,-1,136.179
CT_UTES,-0.75,134.682
CT_UTES,-0.5,133.185
CT_UTES,-0.25,131.688
CT_UTES,0,130.19
CT_UTES,0.25,128.692
CT_UTES,0.5,127.193
CT_UTES,0.75,125.694
CT_UTES,1,124.195
CT_UTES,1.25,122.694
CT_UTES,1.5,121.193
CT_UTES,1.75,119.691
CT_UTES,2,118.189
CT_UTES,2.25,116.685
CT_UTES,2.5,115.181
CT_UTES,2.75,113.675
CT_UTES,3,112.168
CT_UTES,3.25,110.66
CT_UTES,3.5,109.151
CT_UTES,3.75,107.64
CT_UTES,4,106.128
CT_UTES,4.25,104.614
CT_UTES,4.5,103.099
CT_UTES,4.75,101.582
CT_UTES,5,100.063
CT_UTES,5.25,98.543
CT_UTES,5.5,97.02
CT_UTES,5.75,95.495
CT_UTES,6,93.968
CT_UTES,6.25,92.439
CT_UTES,6.5,90.908
CT_UTES,6.75,89.374
CT_UTES,7,87.837
CT_UTES,7.25,86.298
CT_UTES,7.5,84.756
CT_UTES,7.75,83.212
CT_UTES,8,81.664
CT_UTES,8.25,80.114
CT_UTES,8.5,78.561
CT_UTES,8.75,77.004
CT_UTES,9,75.445
CT_UTES,9.25,73.882
CT_UTES,9.5,72.316
CT_UTES,9.75,70.747
CT_UTES,10,69.174
CT_UTES,10.25,67.598
CT_UTES,10.5,66.019
CT_UTES,10.75,64.436
CT_UTES,11,62.85
CT_UTES,11.25,61.261
CT_UTES,11.5,59.668
CT_UTES,11.75,58.072
CT_UTES,12,56.473
CT_UTES,12.25,54.871
CT_UTES,12.5,53.265
CT_UTES,12.75,51.657
CT_UTES,13,50.046
CT_UTES,13.25,48.432
CT_UTES,13.5,46.815
CT_UTES,13.75,45.196
CT_UTES,14,43.575
CT_UTES,14.25,41.952
CT_UTES,14.5,40.326
CT_UTES,14.75,38.7
CT_UTES,15,37.072
CT_UTES,15.25,35.442
CT_UTES,15.5,33.812
CT_UTES,15.75,32.182
CT_UTES,16,30.551
CT_UTES,16.25,26.068
CT_UTES,16.5,25.91
CT_UTES,16.75,25.751
CT_UTES,17,25.593
CT_UTES,17.25,25.546
CT_UTES,17.5,25.387
CT_UTES,17.75,25.229
CT_UTES,18,25.07
CT_UTES,18.25,25.022
CT_UTES,18.5,24.863
CT_UTES,18.75,24.76
CT_UTES,19,24.601
CT_UTES,19.25,24.443
CT_UTES,19.5,24.393
CT_UTES,19.75,24.235
CT_UTES,20,24.076
CT_UTES,20.25,23.917
CT_UTES,20.5,23.759
CT_UTES,20.75,23.601
CT_UTES,21,23.442
CT_UTES,21.25,23.284
CT_UTES,21.5,23.234
CT_UTES,21.75,23.129
CT_UTES,22,22.971
CT_UTES,22.25,22.813
CT_UTES,22.5,22.655
CT_UTES,22.75,22.497
CT_UTES,23,22.34
CT_UTES,23.25,22.182
CT_UTES,23.5,22.025
CT_UTES,23.75,21.868
CT_UTES,24,21.763
CT_UTES,24.25,21.606
CT_UTES,24.5,21.449
CT_UTES,24.75,21.293
CT_UTES,25,21.032
CT_UTES,25.25,20.876
CT_UTES,25.5,20.721
CT_UTES,25.75,20.565
CT_UTES,26,20.461
CT_UTES,26.25,20.306
CT_UTES,26.5,20.151
CT_UTES,26.75,19.996
CT_UTES,27,19.739
CT_UTES,27.25,19.585
CT_UTES,27.5,19.431
CT_UTES,27.75,19.278
CT_UTES,28,19.074
CT_UTES,28.25,18.921
CT_UTES,28.5,18.768
CT_UTES,28.75,18.616
CT_UTES,29,18.364
CT_UTES,29.25,18.212
CT_UTES,29.5,18.061
CT_UTES,29.75,17.86
CT_UTES,30,17.71
CT_UTES,30.25,17.461
CT_UTES,30.5,17.312
CT_UTES,30.75,17.162
CT_UTES,31,16.916
CT_UTES,31.25,16.816
CT_UTES,31.5,16.571
CT_UTES,31.75,16.423
CT_UTES,32,16.18
CT_UTES,32.25,16.033
CT_UTES,32.5,15.791
CT_UTES,32.75,15.693
CT_UTES,33,15.453
CT_UTES,33.25,15.213
CT_UTES,33.5,15.069
CT_UTES,33.75,14.832
CT_UTES,34,14.642
CT_UTES,34.25,14.5
CT_UTES,34.5,14.264
CT_UTES,34.75,14.03
CT_UTES,35,13.797
CT_UTES,35.25,13.657
CT_UTES,35.5,13.472
CT_UTES,35.75,13.242
CT_UTES,36,13.013
CT_UTES,36.25,12.784
CT_UTES,36.5,12.557
CT_UTES,36.75,12.377
CT_UTES,37,12.152
CT_UTES,37.25,11.928
CT_UTES,37.5,11.705
CT_UTES,37.75,11.528
CT_UTES,38,11.307
CT_UTES,38.25,11.088
CT_UTES,38.5,10.87
CT_UTES,38.75,10.653
CT_UTES,39,10.48
CT_UTES,39.25,10.265
CT_UTES,39.5,9.965
CT_UTES,39.75,9.753
CT_UTES,40,9.585
CT_UTES,40.25,9.375
CT_UTES,40.5,9.081
CT_UTES,40.75,8.874
CT_UTES,41,8.626
CT_UTES,41.25,8.422
CT_UTES,41.5,8.219
CT_UTES,41.75,7.976
CT_UTES,42,7.692
CT_UTES,42.25,7.494
CT_UTES,42.5,7.214
CT_UTES,42.75,7.06
CT_UTES,43,6.783
CT_UTES,43.25,6.509
CT_UTES,43.5,6.278
CT_UTES,43.75,6.088
CT_UTES,44,5.82
CT_UTES,44.25,5.553
CT_UTES,44.5,5.329
CT_UTES,44.75,5.067
CT_UTES,45,4.807