Voll,Demand_Segment,Cost_of_Demand_Curtailment_per_MW,Max_Demand_Curtailment,$/MWh,Rep_Periods,Timesteps_per_Rep_Period,Sub_Weights,Time_Index,Load_MW_z1,Load_MW_z2,Load_MW_z3,Load_MW_z4,Load_MW_z5,Load_MW_z6,Load_MW_z7,Load_MW_z8,Load_MW_z9,Load_MW_z10,Load_MW_z11,Load_MW_z12,Load_MW_z13,Load_MW_z14,Load_MW_z15,Load_MW_z16,Load_MW_z17,Load_MW_z18,Load_MW_z19,Load_MW_z20,Load_MW_z21,Load_MW_z22,Load_MW_z23,Load_MW_z24,Load_MW_z25,Load_MW_z26,Load_MW_z27,Load_MW_z28,Load_MW_z29,Load_MW_z30,Load_MW_z31,Load_MW_z32,Load_MW_z33,Load_MW_z34,Load_MW_z35,Load_MW_z36,Load_MW_z37,Load_MW_z38,Load_MW_z39,Load_MW_z40,Load_MW_z41,Load_MW_z42,Load_MW_z43,Load_MW_z44,Load_MW_z45,Load_MW_z46,Load_MW_z47,Load_MW_z48,Load_MW_z49,Load_MW_z50,Load_MW_z51,Load_MW_z52,Load_MW_z53,Load_MW_z54,Load_MW_z55,Load_MW_z56,Load_MW_z57,Load_MW_z58,Load_MW_z59,Load_MW_z60,Load_MW_z61,Load_MW_z62,Load_MW_z63,Load_MW_z64,Load_MW_z65,Load_MW_z66,Load_MW_z67,Load_MW_z68,Load_MW_z69,Load_MW_z70,Load_MW_z71,Load_MW_z72,Load_MW_z73,Load_MW_z74,Load_MW_z75,Load_MW_z76,Load_MW_z77,Load_MW_z78,Load_MW_z79,Load_MW_z80,Load_MW_z81
2000,1,1,1,2000,1,24,24,1,9252.946955,6662.121807,0,0,3701.178782,0,1850.589391,0,10.36330059,8.882829077,11.10353635,0,7.402357564,11.8437721,12.58400786,0,5.551768173,0,0,7.402357564,4.441414538,15.54495088,16.65530452,0,0,0,7.032239686,8.14259332,9.252946955,11.47365422,7.772475442,8.14259332,20.72660118,3.331060904,6.662121807,9.993182711,5.551768173,14.80471513,3.331060904,6.662121807,18.50589391,0,0,0,0,8.882829077,11.8437721,8.14259332,6.292003929,4.811532417,9.623064833,6.292003929,7.402357564,6.292003929,6.662121807,7.032239686,5.551768173,9.252946955,9.993182711,7.402357564,3.331060904,24.05766208,14.06447937,0,11.10353635,11.47365422,8.14259332,7.402357564,8.512711198,14.43459725,24.05766208,15.54495088,0,17.0254224,0,0,0,0,11.10353635,10.36330059,0
,2,0.9,0.04,1800,,,,2,9252.946955,6662.121807,0,0,3701.178782,0,1850.589391,0,10.36330059,8.882829077,11.10353635,0,7.402357564,11.8437721,12.58400786,0,5.551768173,0,0,7.402357564,4.441414538,15.54495088,16.65530452,0,0,0,7.032239686,8.14259332,9.252946955,11.47365422,7.772475442,8.14259332,20.72660118,3.331060904,6.662121807,9.993182711,5.551768173,14.80471513,3.331060904,6.662121807,18.50589391,0,0,0,0,8.882829077,11.8437721,8.14259332,6.292003929,4.811532417,9.623064833,6.292003929,7.402357564,6.292003929,6.662121807,7.032239686,5.551768173,9.252946955,9.993182711,7.402357564,3.331060904,24.05766208,14.06447937,0,11.10353635,11.47365422,8.14259332,7.402357564,8.512711198,14.43459725,24.05766208,15.54495088,0,17.0254224,0,0,0,0,11.10353635,10.36330059,0
,3,0.55,0.024,1100,,,,3,7102.1611,5113.555992,0,0,2840.86444,0,1420.43222,0,7.954420432,6.818074656,8.52259332,0,5.68172888,9.090766208,9.658939096,0,4.26129666,0,0,5.68172888,3.409037328,11.93163065,12.78388998,0,0,0,5.397642436,6.249901768,7.1021611,8.806679764,5.965815324,6.249901768,15.90884086,2.556777996,5.113555992,7.670333988,4.26129666,11.36345776,2.556777996,5.113555992,14.2043222,0,0,0,0,6.818074656,9.090766208,6.249901768,4.829469548,3.693123772,7.386247544,4.829469548,5.68172888,4.829469548,5.113555992,5.397642436,4.26129666,7.1021611,7.670333988,5.68172888,2.556777996,18.46561886,10.79528487,0,8.52259332,8.806679764,6.249901768,5.68172888,6.533988212,11.07937132,18.46561886,11.93163065,0,13.06797642,0,0,0,0,8.52259332,7.954420432,0
,4,0.2,0.003,400,,,,4,6113.948919,4402.043222,0,0,2445.579568,0,1222.789784,0,6.84762279,5.869390963,7.336738703,0,4.891159136,7.825854617,8.31497053,0,3.668369352,0,0,4.891159136,2.934695481,10.27143418,11.00510806,0,0,0,4.646601179,5.380275049,6.113948919,7.58129666,5.135717092,5.380275049,13.69524558,2.201021611,4.402043222,6.603064833,3.668369352,9.782318271,2.201021611,4.402043222,12.22789784,0,0,0,0,5.869390963,7.825854617,5.380275049,4.157485265,3.179253438,6.358506876,4.157485265,4.891159136,4.157485265,4.402043222,4.646601179,3.668369352,6.113948919,6.603064833,4.891159136,2.201021611,15.89626719,9.293202358,0,7.336738703,7.58129666,5.380275049,4.891159136,5.624833006,9.537760314,15.89626719,10.27143418,0,11.24966601,0,0,0,0,7.336738703,6.84762279,0
,,,,,,,,5,5660.117878,4075.284872,0,0,2264.047151,0,1132.023576,0,6.339332024,5.433713163,6.792141454,0,4.528094303,7.244950884,7.697760314,0,3.396070727,0,0,4.528094303,2.716856582,9.508998035,10.18821218,0,0,0,4.301689587,4.980903733,5.660117878,7.018546169,4.754499018,4.980903733,12.67866405,2.037642436,4.075284872,6.112927308,3.396070727,9.056188605,2.037642436,4.075284872,11.32023576,0,0,0,0,5.433713163,7.244950884,4.980903733,3.848880157,2.943261297,5.886522593,3.848880157,4.528094303,3.848880157,4.075284872,4.301689587,3.396070727,5.660117878,6.112927308,4.528094303,2.037642436,14.71630648,8.603379175,0,6.792141454,7.018546169,4.980903733,4.528094303,5.207308448,8.82978389,14.71630648,9.508998035,0,10.4146169,0,0,0,0,6.792141454,6.339332024,0
,,,,,,,,6,4853.143418,3494.263261,0,0,1941.257367,0,970.6286837,0,5.435520629,4.659017682,5.823772102,0,3.882514735,6.212023576,6.600275049,0,2.911886051,0,0,3.882514735,2.329508841,8.153280943,8.735658153,0,0,0,3.688388998,4.270766208,4.853143418,6.017897839,4.076640472,4.270766208,10.87104126,1.747131631,3.494263261,5.241394892,2.911886051,7.76502947,1.747131631,3.494263261,9.706286837,0,0,0,0,4.659017682,6.212023576,4.270766208,3.300137525,2.523634578,5.047269155,3.300137525,3.882514735,3.300137525,3.494263261,3.688388998,2.911886051,4.853143418,5.241394892,3.882514735,1.747131631,12.61817289,7.376777996,0,5.823772102,6.017897839,4.270766208,3.882514735,4.464891945,7.570903733,12.61817289,8.153280943,0,8.92978389,0,0,0,0,5.823772102,5.435520629,0
,,,,,,,,7,3356.090373,2416.385069,0,0,1342.436149,0,671.2180747,0,3.758821218,3.221846758,4.027308448,0,2.684872299,4.295795678,4.564282908,0,2.013654224,0,0,2.684872299,1.610923379,5.638231827,6.040962672,0,0,0,2.550628684,2.953359528,3.356090373,4.161552063,2.819115914,2.953359528,7.517642436,1.208192534,2.416385069,3.624577603,2.013654224,5.369744597,1.208192534,2.416385069,6.712180747,0,0,0,0,3.221846758,4.295795678,2.953359528,2.282141454,1.745166994,3.490333988,2.282141454,2.684872299,2.282141454,2.416385069,2.550628684,2.013654224,3.356090373,3.624577603,2.684872299,1.208192534,8.725834971,5.101257367,0,4.027308448,4.161552063,2.953359528,2.684872299,3.087603143,5.235500982,8.725834971,5.638231827,0,6.175206287,0,0,0,0,4.027308448,3.758821218,0
,,,,,,,,8,3227.40668,2323.732809,0,0,1290.962672,0,645.481336,0,3.614695481,3.098310413,3.872888016,0,2.581925344,4.13108055,4.389273084,0,1.936444008,0,0,2.581925344,1.549155206,5.422043222,5.809332024,0,0,0,2.452829077,2.840117878,3.22740668,4.001984283,2.711021611,2.840117878,7.229390963,1.161866405,2.323732809,3.485599214,1.936444008,5.163850688,1.161866405,2.323732809,6.45481336,0,0,0,0,3.098310413,4.13108055,2.840117878,2.194636542,1.678251473,3.356502947,2.194636542,2.581925344,2.194636542,2.323732809,2.452829077,1.936444008,3.22740668,3.485599214,2.581925344,1.161866405,8.391257367,4.905658153,0,3.872888016,4.001984283,2.840117878,2.581925344,2.969214145,5.03475442,8.391257367,5.422043222,0,5.938428291,0,0,0,0,3.872888016,3.614695481,0
,,,,,,,,9,3575.147348,2574.10609,0,0,1430.058939,0,715.0294695,0,4.004165029,3.432141454,4.290176817,0,2.860117878,4.576188605,4.862200393,0,2.145088409,0,0,2.860117878,1.716070727,6.006247544,6.435265226,0,0,0,2.717111984,3.146129666,3.575147348,4.433182711,3.003123772,3.146129666,8.008330059,1.287053045,2.57410609,3.861159136,2.145088409,5.720235756,1.287053045,2.57410609,7.150294695,0,0,0,0,3.432141454,4.576188605,3.146129666,2.431100196,1.859076621,3.718153242,2.431100196,2.860117878,2.431100196,2.57410609,2.717111984,2.145088409,3.575147348,3.861159136,2.860117878,1.287053045,9.295383104,5.434223969,0,4.290176817,4.433182711,3.146129666,2.860117878,3.28913556,5.577229862,9.295383104,6.006247544,0,6.57827112,0,0,0,0,4.290176817,4.004165029,0
,,,,,,,,10,4707.760314,3389.587426,0,0,1883.104126,0,941.5520629,0,5.272691552,4.519449902,5.649312377,0,3.766208251,6.025933202,6.402554028,0,2.824656189,0,0,3.766208251,2.259724951,7.909037328,8.473968566,0,0,0,3.577897839,4.142829077,4.707760314,5.83762279,3.954518664,4.142829077,10.5453831,1.694793713,3.389587426,5.084381139,2.824656189,7.532416503,1.694793713,3.389587426,9.415520629,0,0,0,0,4.519449902,6.025933202,4.142829077,3.201277014,2.448035363,4.896070727,3.201277014,3.766208251,3.201277014,3.389587426,3.577897839,2.824656189,4.707760314,5.084381139,3.766208251,1.694793713,12.24017682,7.155795678,0,5.649312377,5.83762279,4.142829077,3.766208251,4.331139489,7.34410609,12.24017682,7.909037328,0,8.662278978,0,0,0,0,5.649312377,5.272691552,0
,,,,,,,,11,5940.078585,4276.856582,0,0,2376.031434,0,1188.015717,0,6.652888016,5.702475442,7.128094303,0,4.752062868,7.603300589,8.078506876,0,3.564047151,0,0,4.752062868,2.851237721,9.979332024,10.69214145,0,0,0,4.514459725,5.227269155,5.940078585,7.365697446,4.989666012,5.227269155,13.30577603,2.138428291,4.276856582,6.415284872,3.564047151,9.504125737,2.138428291,4.276856582,11.88015717,0,0,0,0,5.702475442,7.603300589,5.227269155,4.039253438,3.088840864,6.177681729,4.039253438,4.752062868,4.039253438,4.276856582,4.514459725,3.564047151,5.940078585,6.415284872,4.752062868,2.138428291,15.44420432,9.02891945,0,7.128094303,7.365697446,5.227269155,4.752062868,5.464872299,9.266522593,15.44420432,9.979332024,0,10.9297446,0,0,0,0,7.128094303,6.652888016,0
,,,,,,,,12,7476.424361,5383.02554,0,0,2990.569745,0,1495.284872,0,8.373595285,7.177367387,8.971709234,0,5.981139489,9.569823183,10.16793713,0,4.485854617,0,0,5.981139489,3.588683694,12.56039293,13.45756385,0,0,0,5.682082515,6.579253438,7.476424361,9.270766208,6.280196464,6.579253438,16.74719057,2.69151277,5.38302554,8.07453831,4.485854617,11.96227898,2.69151277,5.38302554,14.95284872,0,0,0,0,7.177367387,9.569823183,6.579253438,5.083968566,3.887740668,7.775481336,5.083968566,5.981139489,5.083968566,5.38302554,5.682082515,4.485854617,7.476424361,8.07453831,5.981139489,2.69151277,19.43870334,11.36416503,0,8.971709234,9.270766208,6.579253438,5.981139489,6.878310413,11.663222,19.43870334,12.56039293,0,13.75662083,0,0,0,0,8.971709234,8.373595285,0
,,,,,,,,13,7919.449902,5702.003929,0,0,3167.779961,0,1583.88998,0,8.86978389,7.602671906,9.503339882,0,6.335559921,10.13689587,10.77045187,0,4.751669941,0,0,6.335559921,3.801335953,13.30467583,14.25500982,0,0,0,6.018781925,6.969115914,7.919449902,9.820117878,6.652337917,6.969115914,17.73956778,2.851001965,5.702003929,8.553005894,4.751669941,12.67111984,2.851001965,5.702003929,15.8388998,0,0,0,0,7.602671906,10.13689587,6.969115914,5.385225933,4.118113949,8.236227898,5.385225933,6.335559921,5.385225933,5.702003929,6.018781925,4.751669941,7.919449902,8.553005894,6.335559921,2.851001965,20.59056974,12.03756385,0,9.503339882,9.820117878,6.969115914,6.335559921,7.28589391,12.35434185,20.59056974,13.30467583,0,14.57178782,0,0,0,0,9.503339882,8.86978389,0
,,,,,,,,14,7481.335953,5386.561886,0,0,2992.534381,0,1496.267191,0,8.379096267,7.182082515,8.977603143,0,5.985068762,9.57611002,10.1746169,0,4.488801572,0,0,5.985068762,3.591041257,12.5686444,13.46640472,0,0,0,5.685815324,6.583575639,7.481335953,9.276856582,6.2843222,6.583575639,16.75819253,2.693280943,5.386561886,8.079842829,4.488801572,11.97013752,2.693280943,5.386561886,14.96267191,0,0,0,0,7.182082515,9.57611002,6.583575639,5.087308448,3.890294695,7.780589391,5.087308448,5.985068762,5.087308448,5.386561886,5.685815324,4.488801572,7.481335953,8.079842829,5.985068762,2.693280943,19.45147348,11.37163065,0,8.977603143,9.276856582,6.583575639,5.985068762,6.882829077,11.67088409,19.45147348,12.5686444,0,13.76565815,0,0,0,0,8.977603143,8.379096267,0
,,,,,,,,15,7311.394892,5264.204322,0,0,2924.557957,0,1462.278978,0,8.188762279,7.018939096,8.77367387,0,5.849115914,9.358585462,9.943497053,0,4.386836935,0,0,5.849115914,3.509469548,12.28314342,13.16051081,0,0,0,5.556660118,6.434027505,7.311394892,9.066129666,6.141571709,6.434027505,16.37752456,2.632102161,5.264204322,7.896306483,4.386836935,11.69823183,2.632102161,5.264204322,14.62278978,0,0,0,0,7.018939096,9.358585462,6.434027505,4.971748527,3.801925344,7.603850688,4.971748527,5.849115914,4.971748527,5.264204322,5.556660118,4.386836935,7.311394892,7.896306483,5.849115914,2.632102161,19.00962672,11.11332024,0,8.77367387,9.066129666,6.434027505,5.849115914,6.726483301,11.40577603,19.00962672,12.28314342,0,13.4529666,0,0,0,0,8.77367387,8.188762279,0
,,,,,,,,16,7336.935167,5282.59332,0,0,2934.774067,0,1467.387033,0,8.217367387,7.04345776,8.8043222,0,5.869548134,9.391277014,9.978231827,0,4.4021611,0,0,5.869548134,3.52172888,12.32605108,13.2064833,0,0,0,5.576070727,6.456502947,7.336935167,9.097799607,6.16302554,6.456502947,16.43473477,2.64129666,5.28259332,7.92388998,4.4021611,11.73909627,2.64129666,5.28259332,14.67387033,0,0,0,0,7.04345776,9.391277014,6.456502947,4.989115914,3.815206287,7.630412574,4.989115914,5.869548134,4.989115914,5.28259332,5.576070727,4.4021611,7.336935167,7.92388998,5.869548134,2.64129666,19.07603143,11.15214145,0,8.8043222,9.097799607,6.456502947,5.869548134,6.749980354,11.44561886,19.07603143,12.32605108,0,13.49996071,0,0,0,0,8.8043222,8.217367387,0
,,,,,,,,17,8789.78389,6328.644401,0,0,3515.913556,0,1757.956778,0,9.844557957,8.438192534,10.54774067,0,7.031827112,11.25092338,11.95410609,0,5.273870334,0,0,7.031827112,4.219096267,14.76683694,15.821611,0,0,0,6.680235756,7.735009823,8.78978389,10.89933202,7.383418468,7.735009823,19.68911591,3.1643222,6.328644401,9.492966601,5.273870334,14.06365422,3.1643222,6.328644401,17.57956778,0,0,0,0,8.438192534,11.25092338,7.735009823,5.977053045,4.570687623,9.141375246,5.977053045,7.031827112,5.977053045,6.328644401,6.680235756,5.273870334,8.78978389,9.492966601,7.031827112,3.1643222,22.85343811,13.36047151,0,10.54774067,10.89933202,7.735009823,7.031827112,8.086601179,13.71206287,22.85343811,14.76683694,0,16.17320236,0,0,0,0,10.54774067,9.844557957,0
,,,,,,,,18,11143.90963,8023.614931,0,0,4457.563851,0,2228.781925,0,12.48117878,10.69815324,13.37269155,0,8.915127701,14.26420432,15.15571709,0,6.686345776,0,0,8.915127701,5.349076621,18.72176817,20.05903733,0,0,0,8.469371316,9.806640472,11.14390963,13.81844794,9.360884086,9.806640472,24.96235756,4.011807466,8.023614931,12.0354224,6.686345776,17.8302554,4.011807466,8.023614931,22.28781925,0,0,0,0,10.69815324,14.26420432,9.806640472,7.577858546,5.794833006,11.58966601,7.577858546,8.915127701,7.577858546,8.023614931,8.469371316,6.686345776,11.14390963,12.0354224,8.915127701,4.011807466,28.97416503,16.93874263,0,13.37269155,13.81844794,9.806640472,8.915127701,10.25239686,17.38449902,28.97416503,18.72176817,0,20.50479371,0,0,0,0,13.37269155,12.48117878,0
,,,,,,,,19,11763.2613,8469.548134,0,0,4705.304519,0,2352.652259,0,13.17485265,11.29273084,14.11591356,0,9.410609037,15.05697446,15.99803536,0,7.057956778,0,0,9.410609037,5.646365422,19.76227898,21.17387033,0,0,0,8.940078585,10.35166994,11.7632613,14.58644401,9.881139489,10.35166994,26.3497053,4.234774067,8.469548134,12.7043222,7.057956778,18.82121807,4.234774067,8.469548134,23.52652259,0,0,0,0,11.29273084,15.05697446,10.35166994,7.999017682,6.116895874,12.23379175,7.999017682,9.410609037,7.999017682,8.469548134,8.940078585,7.057956778,11.7632613,12.7043222,9.410609037,4.234774067,30.58447937,17.88015717,0,14.11591356,14.58644401,10.35166994,9.410609037,10.82220039,18.35068762,30.58447937,19.76227898,0,21.64440079,0,0,0,0,14.11591356,13.17485265,0
,,,,,,,,20,11364.93124,8182.750491,0,0,4545.972495,0,2272.986248,0,12.72872299,10.91033399,13.63791749,0,9.09194499,14.54711198,15.45630648,0,6.818958743,0,0,9.09194499,5.455166994,19.09308448,20.45687623,0,0,0,8.637347741,10.00113949,11.36493124,14.09251473,9.54654224,10.00113949,25.45744597,4.091375246,8.182750491,12.27412574,6.818958743,18.18388998,4.091375246,8.182750491,22.72986248,0,0,0,0,10.91033399,14.54711198,10.00113949,7.728153242,5.909764244,11.81952849,7.728153242,9.09194499,7.728153242,8.182750491,8.637347741,6.818958743,11.36493124,12.27412574,9.09194499,4.091375246,29.54882122,17.27469548,0,13.63791749,14.09251473,10.00113949,9.09194499,10.45573674,17.72929273,29.54882122,19.09308448,0,20.91147348,0,0,0,0,13.63791749,12.72872299,0
,,,,,,,,21,10463.65422,7533.831041,0,0,4185.46169,0,2092.730845,0,11.71929273,10.04510806,12.55638507,0,8.370923379,13.39347741,14.23056974,0,6.278192534,0,0,8.370923379,5.022554028,17.5789391,18.8345776,0,0,0,7.95237721,9.208015717,10.46365422,12.97493124,8.789469548,9.208015717,23.43858546,3.766915521,7.533831041,11.30074656,6.278192534,16.74184676,3.766915521,7.533831041,20.92730845,0,0,0,0,10.04510806,13.39347741,9.208015717,7.115284872,5.441100196,10.88220039,7.115284872,8.370923379,7.115284872,7.533831041,7.95237721,6.278192534,10.46365422,11.30074656,8.370923379,3.766915521,27.20550098,15.90475442,0,12.55638507,12.97493124,9.208015717,8.370923379,9.626561886,16.32330059,27.20550098,17.5789391,0,19.25312377,0,0,0,0,12.55638507,11.71929273,0
,,,,,,,,22,10424.85265,7505.89391,0,0,4169.941061,0,2084.97053,0,11.67583497,10.00785855,12.50982318,0,8.339882122,13.34381139,14.17779961,0,6.254911591,0,0,8.339882122,5.003929273,17.51375246,18.76473477,0,0,0,7.922888016,9.173870334,10.42485265,12.92681729,8.756876228,9.173870334,23.35166994,3.752946955,7.50589391,11.25884086,6.254911591,16.67976424,3.752946955,7.50589391,20.8497053,0,0,0,0,10.00785855,13.34381139,9.173870334,7.088899804,5.420923379,10.84184676,7.088899804,8.339882122,7.088899804,7.50589391,7.922888016,6.254911591,10.42485265,11.25884086,8.339882122,3.752946955,27.1046169,15.84577603,0,12.50982318,12.92681729,9.173870334,8.339882122,9.59086444,16.26277014,27.1046169,17.51375246,0,19.18172888,0,0,0,0,12.50982318,11.67583497,0
,,,,,,,,23,10990.66798,7913.280943,0,0,4396.267191,0,2198.133595,0,12.30954813,10.55104126,13.18880157,0,8.792534381,14.06805501,14.94730845,0,6.594400786,0,0,8.792534381,5.275520629,18.4643222,19.78320236,0,0,0,8.352907662,9.671787819,10.99066798,13.62842829,9.2321611,9.671787819,24.61909627,3.956640472,7.913280943,11.86992141,6.594400786,17.58506876,3.956640472,7.913280943,21.98133595,0,0,0,0,10.55104126,14.06805501,9.671787819,7.473654224,5.715147348,11.4302947,7.473654224,8.792534381,7.473654224,7.913280943,8.352907662,6.594400786,10.99066798,11.86992141,8.792534381,3.956640472,28.57573674,16.70581532,0,13.18880157,13.62842829,9.671787819,8.792534381,10.11141454,17.14544204,28.57573674,18.4643222,0,20.22282908,0,0,0,0,13.18880157,12.30954813,0
,,,,,,,,24,9364.440079,6742.396857,0,0,3745.776031,0,1872.888016,0,10.48817289,8.989862475,11.23732809,0,7.491552063,11.9864833,12.73563851,0,5.618664047,0,0,7.491552063,4.494931238,15.73225933,16.85599214,0,0,0,7.11697446,8.240707269,9.364440079,11.6119057,7.866129666,8.240707269,20.97634578,3.371198428,6.742396857,10.11359528,5.618664047,14.98310413,3.371198428,6.742396857,18.72888016,0,0,0,0,8.989862475,11.9864833,8.240707269,6.367819253,4.869508841,9.739017682,6.367819253,7.491552063,6.367819253,6.742396857,7.11697446,5.618664047,9.364440079,10.11359528,7.491552063,3.371198428,24.3475442,14.23394892,0,11.23732809,11.6119057,8.240707269,7.491552063,8.615284872,14.60852652,24.3475442,15.73225933,0,17.23056974,0,0,0,0,11.23732809,10.48817289,0
,,,,,,,,,,,,,,,,,,,,,,,,,,,,,,,,,,,,,,,,,,,,,,,,,,,,,,,,,,,,,,,,,,,,,,,,,,,,,,,,,,,,,,,,,
,,,,,,,,,,,,,,,,,,,,,,,,,,,,,,,,,,,,,,,,,,,,,,,,,,,,,,,,,,,,,,,,,,,,,,,,,,,,,,,,,,,,,,,,,
,,,,,,,,,,,,,,,,,,,,,,,,,,,,,,,,,,,,,,,,,,,,,,,,,,,,,,,,,,,,,,,,,,,,,,,,,,,,,,,,,,,,,,,,,
,,,,,,,,,,,,,,,,,,,,,,,,,,,,,,,,,,,,,,,,,,,,,,,,,,,,,,,,,,,,,,,,,,,,,,,,,,,,,,,,,,,,,,,,,
,,,,,,,,,,,,,,,,,,,,,,,,,,,,,,,,,,,,,,,,,,,,,,,,,,,,,,,,,,,,,,,,,,,,,,,,,,,,,,,,,,,,,,,,,
,,,,,,,,,,,,,,,,,,,,,,,,,,,,,,,,,,,,,,,,,,,,,,,,,,,,,,,,,,,,,,,,,,,,,,,,,,,,,,,,,,,,,,,,,
,,,,,,,,,,,,,,,,,,,,,,,,,,,,,,,,,,,,,,,,,,,,,,,,,,,,,,,,,,,,,,,,,,,,,,,,,,,,,,,,,,,,,,,,,
,,,,,,,,,,,,,,,,,,,,,,,,,,,,,,,,,,,,,,,,,,,,,,,,,,,,,,,,,,,,,,,,,,,,,,,,,,,,,,,,,,,,,,,,,
,,,,,,,,,,,,,,,,,,,,,,,,,,,,,,,,,,,,,,,,,,,,,,,,,,,,,,,,,,,,,,,,,,,,,,,,,,,,,,,,,,,,,,,,,
,,,,,,,,,,,,,,,,,,,,,,,,,,,,,,,,,,,,,,,,,,,,,,,,,,,,,,,,,,,,,,,,,,,,,,,,,,,,,,,,,,,,,,,,,
,,,,,,,,,,,,,,,,,,,,,,,,,,,,,,,,,,,,,,,,,,,,,,,,,,,,,,,,,,,,,,,,,,,,,,,,,,,,,,,,,,,,,,,,,
,,,,,,,,,,,,,,,,,,,,,,,,,,,,,,,,,,,,,,,,,,,,,,,,,,,,,,,,,,,,,,,,,,,,,,,,,,,,,,,,,,,,,,,,,
,,,,,,,,,,,,,,,,,,,,,,,,,,,,,,,,,,,,,,,,,,,,,,,,,,,,,,,,,,,,,,,,,,,,,,,,,,,,,,,,,,,,,,,,,
,,,,,,,,,,,,,,,,,,,,,,,,,,,,,,,,,,,,,,,,,,,,,,,,,,,,,,,,,,,,,,,,,,,,,,,,,,,,,,,,,,,,,,,,,
,,,,,,,,,,,,,,,,,,,,,,,,,,,,,,,,,,,,,,,,,,,,,,,,,,,,,,,,,,,,,,,,,,,,,,,,,,,,,,,,,,,,,,,,,
,,,,,,,,,,,,,,,,,,,,,,,,,,,,,,,,,,,,,,,,,,,,,,,,,,,,,,,,,,,,,,,,,,,,,,,,,,,,,,,,,,,,,,,,,
,,,,,,,,,,,,,,,,,,,,,,,,,,,,,,,,,,,,,,,,,,,,,,,,,,,,,,,,,,,,,,,,,,,,,,,,,,,,,,,,,,,,,,,,,
,,,,,,,,,,,,,,,,,,,,,,,,,,,,,,,,,,,,,,,,,,,,,,,,,,,,,,,,,,,,,,,,,,,,,,,,,,,,,,,,,,,,,,,,,
,,,,,,,,,,,,,,,,,,,,,,,,,,,,,,,,,,,,,,,,,,,,,,,,,,,,,,,,,,,,,,,,,,,,,,,,,,,,,,,,,,,,,,,,,
,,,,,,,,,,,,,,,,,,,,,,,,,,,,,,,,,,,,,,,,,,,,,,,,,,,,,,,,,,,,,,,,,,,,,,,,,,,,,,,,,,,,,,,,,
,,,,,,,,,,,,,,,,,,,,,,,,,,,,,,,,,,,,,,,,,,,,,,,,,,,,,,,,,,,,,,,,,,,,,,,,,,,,,,,,,,,,,,,,,
,,,,,,,,,,,,,,,,,,,,,,,,,,,,,,,,,,,,,,,,,,,,,,,,,,,,,,,,,,,,,,,,,,,,,,,,,,,,,,,,,,,,,,,,,
,,,,,,,,,,,,,,,,,,,,,,,,,,,,,,,,,,,,,,,,,,,,,,,,,,,,,,,,,,,,,,,,,,,,,,,,,,,,,,,,,,,,,,,,,
,,,,,,,,,,,,,,,,,,,,,,,,,,,,,,,,,,,,,,,,,,,,,,,,,,,,,,,,,,,,,,,,,,,,,,,,,,,,,,,,,,,,,,,,,
,,,,,,,,,,,,,,,,,,,,,,,,,,,,,,,,,,,,,,,,,,,,,,,,,,,,,,,,,,,,,,,,,,,,,,,,,,,,,,,,,,,,,,,,,
,,,,,,,,,,,,,,,,,,,,,,,,,,,,,,,,,,,,,,,,,,,,,,,,,,,,,,,,,,,,,,,,,,,,,,,,,,,,,,,,,,,,,,,,,
,,,,,,,,,,,,,,,,,,,,,,,,,,,,,,,,,,,,,,,,,,,,,,,,,,,,,,,,,,,,,,,,,,,,,,,,,,,,,,,,,,,,,,,,,
,,,,,,,,,,,,,,,,,,,,,,,,,,,,,,,,,,,,,,,,,,,,,,,,,,,,,,,,,,,,,,,,,,,,,,,,,,,,,,,,,,,,,,,,,
,,,,,,,,,,,,,,,,,,,,,,,,,,,,,,,,,,,,,,,,,,,,,,,,,,,,,,,,,,,,,,,,,,,,,,,,,,,,,,,,,,,,,,,,,
,,,,,,,,,,,,,,,,,,,,,,,,,,,,,,,,,,,,,,,,,,,,,,,,,,,,,,,,,,,,,,,,,,,,,,,,,,,,,,,,,,,,,,,,,
,,,,,,,,,,,,,,,,,,,,,,,,,,,,,,,,,,,,,,,,,,,,,,,,,,,,,,,,,,,,,,,,,,,,,,,,,,,,,,,,,,,,,,,,,
,,,,,,,,,,,,,,,,,,,,,,,,,,,,,,,,,,,,,,,,,,,,,,,,,,,,,,,,,,,,,,,,,,,,,,,,,,,,,,,,,,,,,,,,,
,,,,,,,,,,,,,,,,,,,,,,,,,,,,,,,,,,,,,,,,,,,,,,,,,,,,,,,,,,,,,,,,,,,,,,,,,,,,,,,,,,,,,,,,,
,,,,,,,,,,,,,,,,,,,,,,,,,,,,,,,,,,,,,,,,,,,,,,,,,,,,,,,,,,,,,,,,,,,,,,,,,,,,,,,,,,,,,,,,,
,,,,,,,,,,,,,,,,,,,,,,,,,,,,,,,,,,,,,,,,,,,,,,,,,,,,,,,,,,,,,,,,,,,,,,,,,,,,,,,,,,,,,,,,,
,,,,,,,,,,,,,,,,,,,,,,,,,,,,,,,,,,,,,,,,,,,,,,,,,,,,,,,,,,,,,,,,,,,,,,,,,,,,,,,,,,,,,,,,,
,,,,,,,,,,,,,,,,,,,,,,,,,,,,,,,,,,,,,,,,,,,,,,,,,,,,,,,,,,,,,,,,,,,,,,,,,,,,,,,,,,,,,,,,,
,,,,,,,,,,,,,,,,,,,,,,,,,,,,,,,,,,,,,,,,,,,,,,,,,,,,,,,,,,,,,,,,,,,,,,,,,,,,,,,,,,,,,,,,,
,,,,,,,,,,,,,,,,,,,,,,,,,,,,,,,,,,,,,,,,,,,,,,,,,,,,,,,,,,,,,,,,,,,,,,,,,,,,,,,,,,,,,,,,,
,,,,,,,,,,,,,,,,,,,,,,,,,,,,,,,,,,,,,,,,,,,,,,,,,,,,,,,,,,,,,,,,,,,,,,,,,,,,,,,,,,,,,,,,,
,,,,,,,,,,,,,,,,,,,,,,,,,,,,,,,,,,,,,,,,,,,,,,,,,,,,,,,,,,,,,,,,,,,,,,,,,,,,,,,,,,,,,,,,,
,,,,,,,,,,,,,,,,,,,,,,,,,,,,,,,,,,,,,,,,,,,,,,,,,,,,,,,,,,,,,,,,,,,,,,,,,,,,,,,,,,,,,,,,,
,,,,,,,,,,,,,,,,,,,,,,,,,,,,,,,,,,,,,,,,,,,,,,,,,,,,,,,,,,,,,,,,,,,,,,,,,,,,,,,,,,,,,,,,,
,,,,,,,,,,,,,,,,,,,,,,,,,,,,,,,,,,,,,,,,,,,,,,,,,,,,,,,,,,,,,,,,,,,,,,,,,,,,,,,,,,,,,,,,,
,,,,,,,,,,,,,,,,,,,,,,,,,,,,,,,,,,,,,,,,,,,,,,,,,,,,,,,,,,,,,,,,,,,,,,,,,,,,,,,,,,,,,,,,,
,,,,,,,,,,,,,,,,,,,,,,,,,,,,,,,,,,,,,,,,,,,,,,,,,,,,,,,,,,,,,,,,,,,,,,,,,,,,,,,,,,,,,,,,,
,,,,,,,,,,,,,,,,,,,,,,,,,,,,,,,,,,,,,,,,,,,,,,,,,,,,,,,,,,,,,,,,,,,,,,,,,,,,,,,,,,,,,,,,,
,,,,,,,,,,,,,,,,,,,,,,,,,,,,,,,,,,,,,,,,,,,,,,,,,,,,,,,,,,,,,,,,,,,,,,,,,,,,,,,,,,,,,,,,,
,,,,,,,,,,,,,,,,,,,,,,,,,,,,,,,,,,,,,,,,,,,,,,,,,,,,,,,,,,,,,,,,,,,,,,,,,,,,,,,,,,,,,,,,,
,,,,,,,,,,,,,,,,,,,,,,,,,,,,,,,,,,,,,,,,,,,,,,,,,,,,,,,,,,,,,,,,,,,,,,,,,,,,,,,,,,,,,,,,,
,,,,,,,,,,,,,,,,,,,,,,,,,,,,,,,,,,,,,,,,,,,,,,,,,,,,,,,,,,,,,,,,,,,,,,,,,,,,,,,,,,,,,,,,,
,,,,,,,,,,,,,,,,,,,,,,,,,,,,,,,,,,,,,,,,,,,,,,,,,,,,,,,,,,,,,,,,,,,,,,,,,,,,,,,,,,,,,,,,,
,,,,,,,,,,,,,,,,,,,,,,,,,,,,,,,,,,,,,,,,,,,,,,,,,,,,,,,,,,,,,,,,,,,,,,,,,,,,,,,,,,,,,,,,,
,,,,,,,,,,,,,,,,,,,,,,,,,,,,,,,,,,,,,,,,,,,,,,,,,,,,,,,,,,,,,,,,,,,,,,,,,,,,,,,,,,,,,,,,,
,,,,,,,,,,,,,,,,,,,,,,,,,,,,,,,,,,,,,,,,,,,,,,,,,,,,,,,,,,,,,,,,,,,,,,,,,,,,,,,,,,,,,,,,,
,,,,,,,,,,,,,,,,,,,,,,,,,,,,,,,,,,,,,,,,,,,,,,,,,,,,,,,,,,,,,,,,,,,,,,,,,,,,,,,,,,,,,,,,,
,,,,,,,,,,,,,,,,,,,,,,,,,,,,,,,,,,,,,,,,,,,,,,,,,,,,,,,,,,,,,,,,,,,,,,,,,,,,,,,,,,,,,,,,,
,,,,,,,,,,,,,,,,,,,,,,,,,,,,,,,,,,,,,,,,,,,,,,,,,,,,,,,,,,,,,,,,,,,,,,,,,,,,,,,,,,,,,,,,,
,,,,,,,,,,,,,,,,,,,,,,,,,,,,,,,,,,,,,,,,,,,,,,,,,,,,,,,,,,,,,,,,,,,,,,,,,,,,,,,,,,,,,,,,,
,,,,,,,,,,,,,,,,,,,,,,,,,,,,,,,,,,,,,,,,,,,,,,,,,,,,,,,,,,,,,,,,,,,,,,,,,,,,,,,,,,,,,,,,,
,,,,,,,,,,,,,,,,,,,,,,,,,,,,,,,,,,,,,,,,,,,,,,,,,,,,,,,,,,,,,,,,,,,,,,,,,,,,,,,,,,,,,,,,,
,,,,,,,,,,,,,,,,,,,,,,,,,,,,,,,,,,,,,,,,,,,,,,,,,,,,,,,,,,,,,,,,,,,,,,,,,,,,,,,,,,,,,,,,,
,,,,,,,,,,,,,,,,,,,,,,,,,,,,,,,,,,,,,,,,,,,,,,,,,,,,,,,,,,,,,,,,,,,,,,,,,,,,,,,,,,,,,,,,,
,,,,,,,,,,,,,,,,,,,,,,,,,,,,,,,,,,,,,,,,,,,,,,,,,,,,,,,,,,,,,,,,,,,,,,,,,,,,,,,,,,,,,,,,,
,,,,,,,,,,,,,,,,,,,,,,,,,,,,,,,,,,,,,,,,,,,,,,,,,,,,,,,,,,,,,,,,,,,,,,,,,,,,,,,,,,,,,,,,,
,,,,,,,,,,,,,,,,,,,,,,,,,,,,,,,,,,,,,,,,,,,,,,,,,,,,,,,,,,,,,,,,,,,,,,,,,,,,,,,,,,,,,,,,,
,,,,,,,,,,,,,,,,,,,,,,,,,,,,,,,,,,,,,,,,,,,,,,,,,,,,,,,,,,,,,,,,,,,,,,,,,,,,,,,,,,,,,,,,,
,,,,,,,,,,,,,,,,,,,,,,,,,,,,,,,,,,,,,,,,,,,,,,,,,,,,,,,,,,,,,,,,,,,,,,,,,,,,,,,,,,,,,,,,,
,,,,,,,,,,,,,,,,,,,,,,,,,,,,,,,,,,,,,,,,,,,,,,,,,,,,,,,,,,,,,,,,,,,,,,,,,,,,,,,,,,,,,,,,,
,,,,,,,,,,,,,,,,,,,,,,,,,,,,,,,,,,,,,,,,,,,,,,,,,,,,,,,,,,,,,,,,,,,,,,,,,,,,,,,,,,,,,,,,,
,,,,,,,,,,,,,,,,,,,,,,,,,,,,,,,,,,,,,,,,,,,,,,,,,,,,,,,,,,,,,,,,,,,,,,,,,,,,,,,,,,,,,,,,,
,,,,,,,,,,,,,,,,,,,,,,,,,,,,,,,,,,,,,,,,,,,,,,,,,,,,,,,,,,,,,,,,,,,,,,,,,,,,,,,,,,,,,,,,,
,,,,,,,,,,,,,,,,,,,,,,,,,,,,,,,,,,,,,,,,,,,,,,,,,,,,,,,,,,,,,,,,,,,,,,,,,,,,,,,,,,,,,,,,,
,,,,,,,,,,,,,,,,,,,,,,,,,,,,,,,,,,,,,,,,,,,,,,,,,,,,,,,,,,,,,,,,,,,,,,,,,,,,,,,,,,,,,,,,,
,,,,,,,,,,,,,,,,,,,,,,,,,,,,,,,,,,,,,,,,,,,,,,,,,,,,,,,,,,,,,,,,,,,,,,,,,,,,,,,,,,,,,,,,,
,,,,,,,,,,,,,,,,,,,,,,,,,,,,,,,,,,,,,,,,,,,,,,,,,,,,,,,,,,,,,,,,,,,,,,,,,,,,,,,,,,,,,,,,,
,,,,,,,,,,,,,,,,,,,,,,,,,,,,,,,,,,,,,,,,,,,,,,,,,,,,,,,,,,,,,,,,,,,,,,,,,,,,,,,,,,,,,,,,,
,,,,,,,,,,,,,,,,,,,,,,,,,,,,,,,,,,,,,,,,,,,,,,,,,,,,,,,,,,,,,,,,,,,,,,,,,,,,,,,,,,,,,,,,,
,,,,,,,,,,,,,,,,,,,,,,,,,,,,,,,,,,,,,,,,,,,,,,,,,,,,,,,,,,,,,,,,,,,,,,,,,,,,,,,,,,,,,,,,,
,,,,,,,,,,,,,,,,,,,,,,,,,,,,,,,,,,,,,,,,,,,,,,,,,,,,,,,,,,,,,,,,,,,,,,,,,,,,,,,,,,,,,,,,,
,,,,,,,,,,,,,,,,,,,,,,,,,,,,,,,,,,,,,,,,,,,,,,,,,,,,,,,,,,,,,,,,,,,,,,,,,,,,,,,,,,,,,,,,,
,,,,,,,,,,,,,,,,,,,,,,,,,,,,,,,,,,,,,,,,,,,,,,,,,,,,,,,,,,,,,,,,,,,,,,,,,,,,,,,,,,,,,,,,,