R_ID,Zone,FLECCS_NO,Resource,Existing_Cap_Unit,Existing_Cap_Unit_copy,NGCC,CAL,DAC,BOP,THERM,DISP,NDISP,STOR,Commit,Min_Share,Max_Share,Existing_Cap_MW,Existing_Cap_MWh,New_Build,Num_unit,Cap_Size,Min_Cap_MW,Max_Cap_MW,Min_Share_percent,Max_Share_percent,Var_OM_Cost_per_Unit,Var_OM_cost_per_MWh_in,Inv_Cost_per_Unityr,Inv_Cost_per_Unityr_copy,Fixed_OM_Cost_per_Unityr,Start_Cost_per_Unit,Start_Fuel_MMBTU_per_Unit,Fuel,Min_Power,Self_disch,Eff_up,Eff_down,Ratio_power_to_energy,Min_Duration,Ramp_Up_Percentage,Ramp_Dn_Percentage,Up_Time,Down_Time,CapRes_1,p1,p2,p3,p4,p5,p6,p7,p8,p9,p10,p11,cost_fuel,cost_limestone,cost_limestone_transport,cost_carbon,cost_seq,c1,d1,c2,d2,c4,d4,c4,d4,pCO2_sequestration,alpha,beta
1,1,1,NGCC,0,680,1,0,0,0,1,0,0,0,1,0,0,0,0,1,2,680,0,-1,0,0,0,0,106750,10675,28000,95,0,NG,0.2,0,1,1,0,0,0.64,0.64,6,6,1,1.35,2.9,0.09,-18.001,0.16,0.0261,100.001,-0.032,0.013,35.001,0.0033,2.94,0.5,0.6,4.4,1.01156,5.099,818,6.35405,237,1.001,1.001,1.001,1.001,1.01156,0.9,0.9999
1,1,2,CAL,0,10000,0,1,0,0,1,0,0,0,1,0,0,0,0,1,2,1,0,-1,0,0,0.5,0,3850,385,6720,95,0,None,0,0,1,1,0,0,1,1,6,6,0,0,0,0,0,0,0,0,0,0,0,0,0,0,0,0,0,0,0,0,0,0,0,0,0,0,0,0
1,1,3,DAC,0,200000,0,0,1,0,0,0,0,0,1,0,0,0,0,1,2,1,0,-1,0,0,0.6,0,91,9,0,0,0,None,0,0,1,1,0,0,1,1,6,6,0,0,0,0,0,0,0,0,0,0,0,0,0,0,0,0,0,0,0,0,0,0,0,0,0,0,0,0
1,1,4,BOP,0,0,0,0,0,1,0,0,0,0,1,0,0,0,0,1,2,1,0,-1,0,0,0.6,0,0,0,0,0,0,None,0,0,1,1,0,0,1,1,6,6,0,0,0,0,0,0,0,0,0,0,0,0,0,0,0,0,0,0,0,0,0,0,0,0,0,0,0,0
